coin,timestamp,date,price_usd
bitcoin,1773234138544,2026-03-11,69350.52650059077
bitcoin,1773237819947,2026-03-11,70175.84884647054
bitcoin,1773241424599,2026-03-11,70623.27716209645
bitcoin,1773244875334,2026-03-11,70259.38523711842
bitcoin,1773248556628,2026-03-11,70564.76764531482
bitcoin,1773252005893,2026-03-11,70773.23922506295
bitcoin,1773255820305,2026-03-11,70632.16262448342
bitcoin,1773259400302,2026-03-11,70628.54927286094
bitcoin,1773262949290,2026-03-11,70653.86326410397
bitcoin,1773266581085,2026-03-11,70740.84529016365
bitcoin,1773270203170,2026-03-11,70399.56784593107
bitcoin,1773273754319,2026-03-12,70202.88635949187
bitcoin,1773277374301,2026-03-12,70222.96939195851
bitcoin,1773280997650,2026-03-12,69829.3960883143
bitcoin,1773284431447,2026-03-12,69310.47299210235
bitcoin,1773288127871,2026-03-12,69437.43494597558
bitcoin,1773291774924,2026-03-12,69366.46819725199
bitcoin,1773295392344,2026-03-12,69456.77838161282
bitcoin,1773299002792,2026-03-12,69477.58126785891
bitcoin,1773302613372,2026-03-12,69819.1395163015
bitcoin,1773306166481,2026-03-12,69873.54699369983
bitcoin,1773309740654,2026-03-12,69965.12439910452
bitcoin,1773313399983,2026-03-12,70410.776313674
bitcoin,1773316898333,2026-03-12,70446.04864493353
bitcoin,1773320510956,2026-03-12,70394.17441967604
bitcoin,1773324165636,2026-03-12,69946.98958100153
bitcoin,1773327808867,2026-03-12,69573.44808855272
bitcoin,1773331207779,2026-03-12,70350.70557737058
bitcoin,1773334950091,2026-03-12,70400.86986115224
bitcoin,1773338615909,2026-03-12,70219.81853454876
bitcoin,1773342126349,2026-03-12,69831.65145548187
bitcoin,1773345732896,2026-03-12,70478.88551994674
bitcoin,1773349406992,2026-03-12,70197.5330839794
bitcoin,1773352938352,2026-03-12,70310.98344617597
bitcoin,1773356594705,2026-03-12,70168.7542773972
bitcoin,1773360173734,2026-03-13,70495.67568002958
bitcoin,1773363796593,2026-03-13,71485.14595298373
bitcoin,1773367350292,2026-03-13,71636.02077745824
bitcoin,1773371027841,2026-03-13,71157.29995548744
bitcoin,1773374592528,2026-03-13,71402.44699242084
bitcoin,1773378113727,2026-03-13,71332.35527407174
bitcoin,1773381645270,2026-03-13,71605.42850767514
bitcoin,1773385278545,2026-03-13,71347.22352973108
bitcoin,1773388977579,2026-03-13,71626.30716984723
bitcoin,1773392547777,2026-03-13,71790.51173955765
bitcoin,1773396196581,2026-03-13,72039.91429367974
bitcoin,1773399772290,2026-03-13,72479.00197278638
bitcoin,1773403443677,2026-03-13,72257.33355590506
bitcoin,1773407004672,2026-03-13,72811.1463390778
bitcoin,1773410537333,2026-03-13,73479.76604347788
bitcoin,1773414169516,2026-03-13,72418.40119283782
bitcoin,1773417748239,2026-03-13,71826.53239420471
bitcoin,1773421398651,2026-03-13,71929.65397808861
bitcoin,1773425011564,2026-03-13,71008.47076387439
bitcoin,1773428591761,2026-03-13,71073.13309572938
bitcoin,1773432200902,2026-03-13,71182.3833483821
bitcoin,1773435741903,2026-03-13,71352.08921401051
bitcoin,1773439350036,2026-03-13,71143.18410708023
bitcoin,1773442982093,2026-03-13,70794.09447352387
bitcoin,1773446619476,2026-03-14,70965.28228600459
bitcoin,1773450211794,2026-03-14,70689.05192245601
bitcoin,1773453610025,2026-03-14,70859.84174916545
bitcoin,1773457351714,2026-03-14,70856.08993041962
bitcoin,1773460959969,2026-03-14,71077.08880135501
bitcoin,1773464518710,2026-03-14,71039.20366424312
bitcoin,1773468187350,2026-03-14,71011.29320098588
bitcoin,1773471806121,2026-03-14,70652.39350585645
bitcoin,1773475396648,2026-03-14,70601.52304011412
bitcoin,1773479010974,2026-03-14,70580.5484855447
bitcoin,1773482553681,2026-03-14,70539.27343461686
bitcoin,1773486099301,2026-03-14,70555.90077748458
bitcoin,1773489729942,2026-03-14,70714.59815430894
bitcoin,1773493361591,2026-03-14,70724.35668141994
bitcoin,1773496990096,2026-03-14,70882.7823514032
bitcoin,1773500588054,2026-03-14,70619.8198143914
bitcoin,1773504125968,2026-03-14,70602.17423220258
bitcoin,1773507782262,2026-03-14,70685.12450447425
bitcoin,1773511355626,2026-03-14,70618.0223290148
bitcoin,1773514930070,2026-03-14,70690.04718025915
bitcoin,1773518540311,2026-03-14,70703.14031485881
bitcoin,1773522009193,2026-03-14,70835.17460900525
bitcoin,1773525746460,2026-03-14,70809.74343130055
bitcoin,1773529401480,2026-03-14,70723.78060432566
bitcoin,1773533259142,2026-03-15,71122.93561633487
bitcoin,1773536927997,2026-03-15,71019.85971523909
bitcoin,1773540500452,2026-03-15,71163.18010932418
bitcoin,1773544297154,2026-03-15,71448.55927020362
bitcoin,1773547778581,2026-03-15,71426.78461210527
bitcoin,1773551380663,2026-03-15,71540.16542807396
bitcoin,1773554985701,2026-03-15,71576.92630814361
bitcoin,1773558574815,2026-03-15,71454.95959793388
bitcoin,1773561776214,2026-03-15,71449.02334070223
bitcoin,1773565339862,2026-03-15,71636.44609377658
bitcoin,1773568922266,2026-03-15,71827.47727845323
bitcoin,1773572561431,2026-03-15,71796.90292372422
bitcoin,1773576147633,2026-03-15,71849.26834156351
bitcoin,1773579684571,2026-03-15,71616.49549145128
bitcoin,1773583311895,2026-03-15,71557.56740824718
bitcoin,1773586910344,2026-03-15,71609.51482757785
bitcoin,1773590635496,2026-03-15,71491.25288274372
bitcoin,1773594221424,2026-03-15,71430.56399292653
bitcoin,1773597784172,2026-03-15,71831.06725444554
bitcoin,1773601339141,2026-03-15,71389.64804785485
bitcoin,1773604897994,2026-03-15,71557.0448250269
bitcoin,1773608571828,2026-03-15,71760.88018765219
bitcoin,1773612187978,2026-03-15,72080.43829377418
bitcoin,1773615834901,2026-03-15,72783.28669635301
bitcoin,1773619420268,2026-03-16,72799.1789981442
bitcoin,1773622930253,2026-03-16,72560.01961161768
bitcoin,1773626591578,2026-03-16,72753.6500288425
bitcoin,1773630202681,2026-03-16,72565.34143373226
bitcoin,1773633808360,2026-03-16,73658.22913876995
bitcoin,1773637401214,2026-03-16,73861.95608107506
bitcoin,1773640882934,2026-03-16,74157.34241148319
bitcoin,1773644632344,2026-03-16,73765.32077429206
bitcoin,1773648201713,2026-03-16,73485.98723788554
bitcoin,1773651804789,2026-03-16,73138.3743773866
bitcoin,1773655310788,2026-03-16,73259.31973150831
bitcoin,1773658942142,2026-03-16,73734.91279332073
bitcoin,1773662561875,2026-03-16,73565.81170904198
bitcoin,1773666166420,2026-03-16,73843.3241538607
bitcoin,1773669715209,2026-03-16,74019.4070913728
bitcoin,1773673358863,2026-03-16,73446.1842039846
bitcoin,1773676903512,2026-03-16,73263.87882074014
bitcoin,1773680532829,2026-03-16,73764.83336285164
bitcoin,1773684144088,2026-03-16,73954.17488339139
bitcoin,1773687780568,2026-03-16,73957.40834188467
bitcoin,1773691372241,2026-03-16,73958.31193466885
bitcoin,1773694819595,2026-03-16,74225.21989199621
bitcoin,1773698623788,2026-03-16,74438.82965717503
bitcoin,1773702050286,2026-03-16,74717.3894011731
bitcoin,1773705638551,2026-03-17,74858.14870100339
bitcoin,1773709355180,2026-03-17,75173.14226779129
bitcoin,1773712958672,2026-03-17,75632.41015615774
bitcoin,1773716628546,2026-03-17,75197.44389538407
bitcoin,1773720193275,2026-03-17,74426.47726466598
bitcoin,1773723761559,2026-03-17,74279.50516740244
bitcoin,1773727410176,2026-03-17,74004.71341039937
bitcoin,1773730883760,2026-03-17,74080.28999363363
bitcoin,1773734610257,2026-03-17,74251.47017440872
bitcoin,1773738165765,2026-03-17,74187.08468542341
bitcoin,1773741770920,2026-03-17,73931.42869131609
bitcoin,1773745379217,2026-03-17,73727.01590319516
bitcoin,1773749041536,2026-03-17,74049.99025292388
bitcoin,1773752404364,2026-03-17,73716.49902404359
bitcoin,1773756121391,2026-03-17,73664.92688506791
bitcoin,1773759765350,2026-03-17,74372.31505154063
bitcoin,1773763410001,2026-03-17,73938.45954892249
bitcoin,1773766987725,2026-03-17,74139.84966600154
bitcoin,1773770626983,2026-03-17,74522.97781759078
bitcoin,1773774170119,2026-03-17,74686.02993457245
bitcoin,1773777744229,2026-03-17,74511.43757475897
bitcoin,1773781392981,2026-03-17,74556.97200158171
bitcoin,1773784968723,2026-03-17,74690.90770773192
bitcoin,1773788566201,2026-03-17,74313.11694423317
bitcoin,1773792181062,2026-03-18,73926.27899152413
bitcoin,1773795782976,2026-03-18,73854.96886976
bitcoin,1773799373606,2026-03-18,74092.38831657296
bitcoin,1773802990508,2026-03-18,74358.62022555566
bitcoin,1773806412761,2026-03-18,74494.67471958217
bitcoin,1773810055674,2026-03-18,74179.81973580908
bitcoin,1773813749134,2026-03-18,73946.73033688653
bitcoin,1773817433029,2026-03-18,73961.87566925112
bitcoin,1773820983231,2026-03-18,73890.21271622225
bitcoin,1773824567001,2026-03-18,74036.09311491044
bitcoin,1773828174518,2026-03-18,74163.78094501335
bitcoin,1773831777859,2026-03-18,73939.52246684712
bitcoin,1773835386573,2026-03-18,72953.72917602796
bitcoin,1773838829830,2026-03-18,72387.28689365885
bitcoin,1773842587741,2026-03-18,72067.40252497199
bitcoin,1773846170135,2026-03-18,71297.85643495581
bitcoin,1773849738360,2026-03-18,71518.80469283315
bitcoin,1773853350113,2026-03-18,71328.61409583432
bitcoin,1773856932278,2026-03-18,71626.30657689057
bitcoin,1773860634328,2026-03-18,71026.62449466846
bitcoin,1773864179243,2026-03-18,71074.61890935857
bitcoin,1773867766070,2026-03-18,71238.10852868533
bitcoin,1773871212632,2026-03-18,71292.59033537445
bitcoin,1773874972451,2026-03-18,71136.52376150078
bitcoin,1773878574421,2026-03-19,71256.65956041873
bitcoin,1773882221975,2026-03-19,70995.49208200075
bitcoin,1773885748019,2026-03-19,71140.22164960648
bitcoin,1773889417086,2026-03-19,71052.20965877775
bitcoin,1773892943097,2026-03-19,71225.15940712935
bitcoin,1773896640928,2026-03-19,70844.73985109958
bitcoin,1773900151569,2026-03-19,70830.7659487663
bitcoin,1773903641841,2026-03-19,70551.5551160704
bitcoin,1773907246552,2026-03-19,70212.66707442794
bitcoin,1773910841605,2026-03-19,69971.39660037315
bitcoin,1773914582005,2026-03-19,70492.22671693734
bitcoin,1773918185773,2026-03-19,70125.92304238673
bitcoin,1773921612416,2026-03-19,69934.93151927635
bitcoin,1773925312904,2026-03-19,69298.87894108835
bitcoin,1773928998452,2026-03-19,69891.65869108934
bitcoin,1773932565270,2026-03-19,69550.63011862883
bitcoin,1773936161830,2026-03-19,69454.08947590156
bitcoin,1773939734705,2026-03-19,69446.04133014526
bitcoin,1773943280111,2026-03-19,69849.44114340031
bitcoin,1773946888461,2026-03-19,69818.76001818525
bitcoin,1773950475027,2026-03-19,70284.79229992839
bitcoin,1773954091143,2026-03-19,70491.5688120522
bitcoin,1773957733786,2026-03-19,70472.29443555106
bitcoin,1773961392665,2026-03-19,70147.45290782927
bitcoin,1773964953623,2026-03-20,69912.32846307463
bitcoin,1773968484282,2026-03-20,70219.72096303198
bitcoin,1773972146061,2026-03-20,70426.94072356535
bitcoin,1773975751861,2026-03-20,70435.78664589739
bitcoin,1773979365249,2026-03-20,70741.66407362273
bitcoin,1773982952298,2026-03-20,70772.03118023534
bitcoin,1773986582763,2026-03-20,70574.84559253055
bitcoin,1773990197343,2026-03-20,70485.67832017319
bitcoin,1773993716348,2026-03-20,70852.16480880113
bitcoin,1773997217157,2026-03-20,71037.67359152887
bitcoin,1774000989371,2026-03-20,70559.11237019852
bitcoin,1774004572336,2026-03-20,70593.94372748287
bitcoin,1774008139928,2026-03-20,70454.22833072978
bitcoin,1774011766902,2026-03-20,70314.35277681354
bitcoin,1774015381935,2026-03-20,69863.08791396998
bitcoin,1774018959855,2026-03-20,69739.70808468577
bitcoin,1774022589200,2026-03-20,69824.36946411383
bitcoin,1774026226438,2026-03-20,69848.23738975245
bitcoin,1774029795951,2026-03-20,69922.80531197492
bitcoin,1774033402166,2026-03-20,69731.46429879949
bitcoin,1774036966274,2026-03-20,70138.7419088915
bitcoin,1774040604070,2026-03-20,70036.79676847711
bitcoin,1774044123509,2026-03-20,70525.66120992822
bitcoin,1774047774633,2026-03-20,70781.08357698002
bitcoin,1774051244247,2026-03-21,70511.00634700106
bitcoin,1774054920626,2026-03-21,70683.13082950574
bitcoin,1774058521755,2026-03-21,70476.00823266465
bitcoin,1774062130543,2026-03-21,70717.09908340046
bitcoin,1774065694320,2026-03-21,70681.3117368
bitcoin,1774069368847,2026-03-21,70633.26137500843
bitcoin,1774073291213,2026-03-21,70715.81221084928
bitcoin,1774076821171,2026-03-21,70743.5837097416
bitcoin,1774080362765,2026-03-21,70690.39129587835
bitcoin,1774083755171,2026-03-21,70582.04532292718
bitcoin,1774087479250,2026-03-21,70643.73195218536
bitcoin,1774091090480,2026-03-21,70586.03151380002
bitcoin,1774094644816,2026-03-21,70635.87177138265
bitcoin,1774098231910,2026-03-21,70705.52326221105
bitcoin,1774101878273,2026-03-21,70722.73585326485
bitcoin,1774105255748,2026-03-21,70590.52579726202
bitcoin,1774109036838,2026-03-21,70642.8192357941
bitcoin,1774112458035,2026-03-21,70287.02223502546
bitcoin,1774116298389,2026-03-21,70312.70512781104
bitcoin,1774119955596,2026-03-21,70407.76826144295
bitcoin,1774123396225,2026-03-21,70377.09842445592
bitcoin,1774126820253,2026-03-21,70447.53457913788
bitcoin,1774130627860,2026-03-21,70340.289645773
bitcoin,1774134202603,2026-03-21,70292.26388186325
bitcoin,1774137944520,2026-03-22,68412.67504146349
bitcoin,1774141204248,2026-03-22,68897.26755616778
bitcoin,1774145062478,2026-03-22,68943.09325322721
bitcoin,1774148646477,2026-03-22,69304.79718965513
bitcoin,1774152188127,2026-03-22,69329.99728279315
bitcoin,1774155827146,2026-03-22,69320.00160322535
bitcoin,1774159402229,2026-03-22,69141.59971807108
bitcoin,1774162985897,2026-03-22,69146.84716615826
bitcoin,1774166622369,2026-03-22,68908.16957877796
bitcoin,1774170256860,2026-03-22,68795.5505642291
bitcoin,1774173800891,2026-03-22,68817.53435389008
bitcoin,1774177390944,2026-03-22,68653.9970738177
bitcoin,1774181039071,2026-03-22,68211.08116857347
bitcoin,1774184485142,2026-03-22,68651.18982923409
bitcoin,1774188084242,2026-03-22,68722.96325302527
bitcoin,1774191770081,2026-03-22,68698.62007881168
bitcoin,1774195350607,2026-03-22,68821.70886419388
bitcoin,1774198951599,2026-03-22,68813.30024858509
bitcoin,1774202608917,2026-03-22,68704.73553817421
bitcoin,1774206009569,2026-03-22,68572.35892748222
bitcoin,1774209608644,2026-03-22,68181.20471380129
bitcoin,1774213420720,2026-03-22,68179.84748181398
bitcoin,1774216974774,2026-03-22,67836.00655868028
bitcoin,1774220523024,2026-03-22,68296.86295861873
bitcoin,1774224204479,2026-03-23,67848.87605821833
bitcoin,1774227759135,2026-03-23,67684.18004265723
bitcoin,1774231345842,2026-03-23,67914.62164219593
bitcoin,1774234921857,2026-03-23,68291.62334548199
bitcoin,1774238519904,2026-03-23,68061.75633105007
bitcoin,1774242110399,2026-03-23,68505.55527490156
bitcoin,1774245736176,2026-03-23,68856.33114252616
bitcoin,1774249310693,2026-03-23,67813.61163802224
bitcoin,1774252948385,2026-03-23,68302.02880878812
bitcoin,1774256533964,2026-03-23,68433.41999646043
bitcoin,1774260169610,2026-03-23,68248.65909045594
bitcoin,1774263780576,2026-03-23,68533.56691669108
bitcoin,1774267376980,2026-03-23,70090.85625395848
bitcoin,1774270951406,2026-03-23,70658.89681764365
bitcoin,1774274597746,2026-03-23,71413.47363715255
bitcoin,1774278207114,2026-03-23,71453.46560478497
bitcoin,1774281794826,2026-03-23,70123.74223304595
bitcoin,1774285419326,2026-03-23,70539.95075755077
bitcoin,1774289023051,2026-03-23,71069.34533324269
bitcoin,1774292633045,2026-03-23,71049.75201776822
bitcoin,1774296266620,2026-03-23,70673.84328686942
bitcoin,1774299816033,2026-03-23,70898.50990542116
bitcoin,1774303408929,2026-03-23,70871.49537193075
bitcoin,1774307025953,2026-03-23,70754.11294097341
bitcoin,1774310581550,2026-03-24,70892.82823994374
bitcoin,1774314191859,2026-03-24,70691.20963441042
bitcoin,1774317773654,2026-03-24,70497.783796673
bitcoin,1774321226282,2026-03-24,70429.82090509095
bitcoin,1774324973422,2026-03-24,70505.5355628202
bitcoin,1774328617094,2026-03-24,70367.86749397316
bitcoin,1774332095299,2026-03-24,70252.45308411747
bitcoin,1774335726833,2026-03-24,70502.13562095199
bitcoin,1774339306399,2026-03-24,71285.55416417253
bitcoin,1774342894519,2026-03-24,70926.05228348031
bitcoin,1774346477550,2026-03-24,71299.66799821133
bitcoin,1774350100911,2026-03-24,71237.84222578786
bitcoin,1774353713259,2026-03-24,71110.07805777165
bitcoin,1774357314402,2026-03-24,70930.59887301897
bitcoin,1774360878048,2026-03-24,70039.64380544117
bitcoin,1774364513516,2026-03-24,69903.3681889646
bitcoin,1774368104685,2026-03-24,69872.59897269034
bitcoin,1774371698079,2026-03-24,69442.96978741302
bitcoin,1774375299369,2026-03-24,69179.35721667454
bitcoin,1774378859322,2026-03-24,69417.88017389276
bitcoin,1774382512338,2026-03-24,69296.70386159363
bitcoin,1774386070241,2026-03-24,70036.29129693768
bitcoin,1774389695855,2026-03-24,70259.23587427003
bitcoin,1774393302313,2026-03-24,70327.56965564
bitcoin,1774396901189,2026-03-25,70524.51175942823
bitcoin,1774400477409,2026-03-25,70847.88845384026
bitcoin,1774404116680,2026-03-25,70709.04546672574
bitcoin,1774407721664,2026-03-25,70485.95261570862
bitcoin,1774411297522,2026-03-25,70696.82035952818
bitcoin,1774414916714,2026-03-25,70916.77984389212
bitcoin,1774418407649,2026-03-25,71082.75166729843
bitcoin,1774422052573,2026-03-25,71012.75095282859
bitcoin,1774425681741,2026-03-25,70899.66539633296
bitcoin,1774429249017,2026-03-25,71240.60340405164
bitcoin,1774432879756,2026-03-25,71326.31988743633
bitcoin,1774436545739,2026-03-25,71494.83039503878
bitcoin,1774440151946,2026-03-25,71651.03014324601
bitcoin,1774443737052,2026-03-25,71682.98549923916
bitcoin,1774447372972,2026-03-25,71631.72227038858
bitcoin,1774450945657,2026-03-25,71291.00953905468
bitcoin,1774454511937,2026-03-25,70843.14037566936
bitcoin,1774458215970,2026-03-25,71310.27596792881
bitcoin,1774461768127,2026-03-25,70743.12969322263
bitcoin,1774465413507,2026-03-25,70762.88522631538
bitcoin,1774468999649,2026-03-25,70803.52212386463
bitcoin,1774472626701,2026-03-25,70982.1484301469
bitcoin,1774476009804,2026-03-25,71003.3810189207
bitcoin,1774479784847,2026-03-25,71343.12285014275
bitcoin,1774483393778,2026-03-26,71309.26403856269
bitcoin,1774486957036,2026-03-26,71235.418543699
bitcoin,1774490537196,2026-03-26,71245.79769201373
bitcoin,1774494256276,2026-03-26,70866.96468821711
bitcoin,1774497802041,2026-03-26,70865.83284704047
bitcoin,1774501223783,2026-03-26,70754.14022016643
bitcoin,1774505012766,2026-03-26,69976.52473870447
bitcoin,1774508579937,2026-03-26,70065.39506348
bitcoin,1774512136009,2026-03-26,70060.46802946102
bitcoin,1774515725228,2026-03-26,69983.71047448418
bitcoin,1774519325496,2026-03-26,69565.28302289729
bitcoin,1774522962155,2026-03-26,69461.64056489215
bitcoin,1774526576387,2026-03-26,69258.38692240322
bitcoin,1774530160282,2026-03-26,69416.11164790414
bitcoin,1774533744361,2026-03-26,69530.43000475917
bitcoin,1774537429908,2026-03-26,69462.818723659
bitcoin,1774540929547,2026-03-26,69052.36668187703
bitcoin,1774544545087,2026-03-26,68886.05755073845
bitcoin,1774548124516,2026-03-26,68460.0405580777
bitcoin,1774551824798,2026-03-26,68432.89019563152
bitcoin,1774555353024,2026-03-26,68575.61619653407
bitcoin,1774558982668,2026-03-26,68949.5314813283
bitcoin,1774562504418,2026-03-26,68888.27500980144
bitcoin,1774566177028,2026-03-26,68826.30686850422
bitcoin,1774569713681,2026-03-27,68791.11093800364
bitcoin,1774573321307,2026-03-27,68712.98514161636
bitcoin,1774576918450,2026-03-27,68987.91604743515
bitcoin,1774580550629,2026-03-27,68861.18343940613
bitcoin,1774584105099,2026-03-27,68732.87385203048
bitcoin,1774587610314,2026-03-27,68544.83136866611
bitcoin,1774591342784,2026-03-27,68584.57619715178
bitcoin,1774594952479,2026-03-27,68614.73543266914
bitcoin,1774598541043,2026-03-27,68433.29595166513
bitcoin,1774602128660,2026-03-27,67896.72261998236
bitcoin,1774605725619,2026-03-27,67666.10383727407
bitcoin,1774609352756,2026-03-27,66462.11327811745
bitcoin,1774612878669,2026-03-27,66666.3731870575
bitcoin,1774616517509,2026-03-27,66589.48462775366
bitcoin,1774620157380,2026-03-27,66110.91859349872
bitcoin,1774623672138,2026-03-27,66166.55253010265
bitcoin,1774627301235,2026-03-27,66084.9735136777
bitcoin,1774630911354,2026-03-27,65931.436380254
bitcoin,1774634553036,2026-03-27,65604.15370696093
bitcoin,1774638116668,2026-03-27,65817.95817627014
bitcoin,1774641715474,2026-03-27,66036.20502233546
bitcoin,1774645269262,2026-03-27,65978.7624110396
bitcoin,1774648898706,2026-03-27,66021.45792444395
bitcoin,1774652422388,2026-03-27,65981.97377183192
bitcoin,1774656108123,2026-03-28,66327.66737271791
bitcoin,1774659725818,2026-03-28,66382.83249898783
bitcoin,1774663307482,2026-03-28,66067.46482722324
bitcoin,1774666933976,2026-03-28,65995.96577262062
bitcoin,1774670473119,2026-03-28,66167.61183329132
bitcoin,1774674103758,2026-03-28,66189.65590146254
bitcoin,1774677770598,2026-03-28,66307.09909195548
bitcoin,1774681361612,2026-03-28,66363.77341122921
bitcoin,1774684971907,2026-03-28,66516.27378317354
bitcoin,1774688564620,2026-03-28,66350.41976637962
bitcoin,1774692183789,2026-03-28,66263.63211704824
bitcoin,1774695755027,2026-03-28,66178.92986536778
bitcoin,1774699350566,2026-03-28,66303.92808472476
bitcoin,1774702959960,2026-03-28,66415.83889333812
bitcoin,1774706563374,2026-03-28,66770.2554659786
bitcoin,1774710134949,2026-03-28,66707.15373392777
bitcoin,1774713701933,2026-03-28,66946.6353317456
bitcoin,1774717340045,2026-03-28,66874.77753331588
bitcoin,1774720848596,2026-03-28,66803.07998327093
bitcoin,1774724499985,2026-03-28,66879.95377021199
bitcoin,1774728020090,2026-03-28,66851.141718053
bitcoin,1774731726850,2026-03-28,66894.75795554336
bitcoin,1774735329384,2026-03-28,66645.1518328983
bitcoin,1774738933564,2026-03-28,66694.139781946
bitcoin,1774742442590,2026-03-29,66321.06539994745
bitcoin,1774746121074,2026-03-29,66412.9505268756
bitcoin,1774749618934,2026-03-29,66521.48936569078
bitcoin,1774753403935,2026-03-29,66735.3884387065
bitcoin,1774756928014,2026-03-29,66860.30574313855
bitcoin,1774760651134,2026-03-29,66683.71289085437
bitcoin,1774764148603,2026-03-29,66741.21981768549
bitcoin,1774767653805,2026-03-29,66688.62043170675
bitcoin,1774771427213,2026-03-29,66630.82888015691
bitcoin,1774774960670,2026-03-29,66674.97448070651
bitcoin,1774778601069,2026-03-29,66581.35073321467
bitcoin,1774782072480,2026-03-29,66469.4796184686
bitcoin,1774785788212,2026-03-29,66774.32162975357
bitcoin,1774789314842,2026-03-29,66794.30316085815
bitcoin,1774792883439,2026-03-29,66517.1597689279
bitcoin,1774796616208,2026-03-29,66517.29275887285
bitcoin,1774800208904,2026-03-29,66466.44058378502
bitcoin,1774803755729,2026-03-29,66444.45410400286
bitcoin,1774807419550,2026-03-29,66331.62463090713
bitcoin,1774810958133,2026-03-29,66375.06666880092
bitcoin,1774814536313,2026-03-29,66284.482768732
bitcoin,1774818142563,2026-03-29,66546.10792505798
bitcoin,1774821754238,2026-03-29,66674.76525877648
bitcoin,1774825352382,2026-03-29,65813.3236524164
bitcoin,1774828966299,2026-03-30,65970.42899513361
bitcoin,1774832567800,2026-03-30,66252.8557606698
bitcoin,1774836027641,2026-03-30,66578.9309952134
bitcoin,1774839749868,2026-03-30,67070.37991749584
bitcoin,1774843372251,2026-03-30,67111.63131687373
bitcoin,1774846918078,2026-03-30,67548.59321993159
bitcoin,1774850609452,2026-03-30,67461.9195301119
bitcoin,1774854136845,2026-03-30,67274.14216754284
bitcoin,1774857734241,2026-03-30,67516.1458614326
bitcoin,1774861309311,2026-03-30,67616.6140366827
bitcoin,1774864935200,2026-03-30,67448.61317843373
bitcoin,1774868602929,2026-03-30,67434.17090680324
bitcoin,1774872166388,2026-03-30,67590.41657666316
bitcoin,1774875791854,2026-03-30,67850.83361908437
bitcoin,1774879346157,2026-03-30,67454.49103166346
bitcoin,1774882937858,2026-03-30,67732.65929264908
bitcoin,1774886539611,2026-03-30,67565.83141885296
bitcoin,1774890137414,2026-03-30,67262.04727463868
bitcoin,1774893775845,2026-03-30,66753.13370588605
bitcoin,1774897379069,2026-03-30,66555.3785781471
bitcoin,1774900934310,2026-03-30,66432.346364874
bitcoin,1774904400111,2026-03-30,66587.99024414114
bitcoin,1774908115394,2026-03-30,66757.19246041842
bitcoin,1774911754488,2026-03-30,66734.19561943135
bitcoin,1774915251658,2026-03-31,66699.27436893585
bitcoin,1774918959095,2026-03-31,67091.7699360093
bitcoin,1774922593465,2026-03-31,67930.29873609915
bitcoin,1774926188705,2026-03-31,67945.39135718174
bitcoin,1774929752591,2026-03-31,67646.52741376395
bitcoin,1774933217262,2026-03-31,67488.81448012279
bitcoin,1774937014045,2026-03-31,67618.1466100619
bitcoin,1774940587902,2026-03-31,67449.74316002423
bitcoin,1774944127622,2026-03-31,67299.23356164555
bitcoin,1774947710854,2026-03-31,66756.23307911558
bitcoin,1774951351685,2026-03-31,66037.9769355128
bitcoin,1774954965003,2026-03-31,66302.74182544308
bitcoin,1774958568819,2026-03-31,66620.01251485397
bitcoin,1774962125102,2026-03-31,66608.17879412256
bitcoin,1774965761238,2026-03-31,67163.45267766963
bitcoin,1774969215473,2026-03-31,66558.38670829509
bitcoin,1774972935280,2026-03-31,66698.35856220762
bitcoin,1774976553066,2026-03-31,67542.07857770176
bitcoin,1774980130393,2026-03-31,67395.06167693074
bitcoin,1774983739613,2026-03-31,67721.57727071697
bitcoin,1774987363718,2026-03-31,67762.72263907967
bitcoin,1774990800135,2026-03-31,68136.90158842586
bitcoin,1774994551087,2026-03-31,68196.60422235407
bitcoin,1774998192739,2026-03-31,68146.94856232416
bitcoin,1775001767897,2026-04-01,68231.32977209098
bitcoin,1775005402355,2026-04-01,68223.70211409187
bitcoin,1775008973680,2026-04-01,67741.61626889415
bitcoin,1775012531509,2026-04-01,67581.86166020094
bitcoin,1775016003908,2026-04-01,68067.62035882538
bitcoin,1775019806624,2026-04-01,68224.37632532336
bitcoin,1775023328753,2026-04-01,68401.93752431103
bitcoin,1775027037397,2026-04-01,69101.02455101817
bitcoin,1775030542800,2026-04-01,68646.2153927601
bitcoin,1775034069525,2026-04-01,68680.0015059391
bitcoin,1775037684018,2026-04-01,68626.63130937202
bitcoin,1775041325301,2026-04-01,68508.40129805205
bitcoin,1775044918460,2026-04-01,68680.84374401876
bitcoin,1775048473633,2026-04-01,68343.56225372679
bitcoin,1775052022681,2026-04-01,68151.20863221223
bitcoin,1775055716129,2026-04-01,68576.84472219975
bitcoin,1775059280844,2026-04-01,68912.84268211982
bitcoin,1775062975213,2026-04-01,68799.77917560302
bitcoin,1775066579538,2026-04-01,68240.24706711619
bitcoin,1775070202403,2026-04-01,68023.58605482857
bitcoin,1775073749796,2026-04-01,68154.86398435834
bitcoin,1775077384455,2026-04-01,68175.95391085128
bitcoin,1775080927324,2026-04-01,68391.24257663927
bitcoin,1775084537247,2026-04-01,68114.03006381732
bitcoin,1775088146271,2026-04-02,68089.0553821667
bitcoin,1775091722785,2026-04-02,68603.81518600573
bitcoin,1775095209661,2026-04-02,67340.65566741725
bitcoin,1775098964669,2026-04-02,66883.83605935876
bitcoin,1775102440582,2026-04-02,66575.77213344672
bitcoin,1775106108290,2026-04-02,66321.04797309662
bitcoin,1775109752765,2026-04-02,66602.8413160976
bitcoin,1775113357302,2026-04-02,66656.94078042037
bitcoin,1775116999034,2026-04-02,66909.34933451931
bitcoin,1775120577195,2026-04-02,66449.57544171493
bitcoin,1775124022705,2026-04-02,66435.38009063744
bitcoin,1775127743066,2026-04-02,66446.2507697172
bitcoin,1775131355895,2026-04-02,66211.97878883997
bitcoin,1775134816343,2026-04-02,66045.87831151168
bitcoin,1775138564014,2026-04-02,66188.87154071992
bitcoin,1775142169441,2026-04-02,66909.19266878879
bitcoin,1775145781508,2026-04-02,66795.72084034089
bitcoin,1775149212952,2026-04-02,67115.41516763417
bitcoin,1775152981648,2026-04-02,66685.7541320896
bitcoin,1775156547741,2026-04-02,66968.16740110016
bitcoin,1775160128551,2026-04-02,67007.8370561365
bitcoin,1775163770942,2026-04-02,66936.7766889142
bitcoin,1775167338757,2026-04-02,66913.35635201377
bitcoin,1775170983578,2026-04-02,67019.98617750364
bitcoin,1775174623463,2026-04-03,66891.6645686824
bitcoin,1775178160721,2026-04-03,66766.83378026339
bitcoin,1775181766385,2026-04-03,66598.5292617686
bitcoin,1775185436057,2026-04-03,66486.53838422897
bitcoin,1775188957518,2026-04-03,66592.5837886582
bitcoin,1775192550446,2026-04-03,66622.1301266791
bitcoin,1775196113375,2026-04-03,66565.35592404183
bitcoin,1775199624794,2026-04-03,66774.72967202778
bitcoin,1775203378355,2026-04-03,67029.59211299967
bitcoin,1775206941023,2026-04-03,66960.01542488545
bitcoin,1775210580909,2026-04-03,66849.26901001042
bitcoin,1775214187733,2026-04-03,66880.5203155653
bitcoin,1775217757596,2026-04-03,66995.15627559036
bitcoin,1775221357169,2026-04-03,66748.11979266288
bitcoin,1775225015499,2026-04-03,66660.11042612021
bitcoin,1775228605607,2026-04-03,66955.22348841895
bitcoin,1775232219663,2026-04-03,66852.90061614981
bitcoin,1775235619091,2026-04-03,66999.82831564221
bitcoin,1775239375448,2026-04-03,66854.37823021295
bitcoin,1775242905998,2026-04-03,66806.59346136711
bitcoin,1775246540440,2026-04-03,66857.44858264831
bitcoin,1775250247691,2026-04-03,66834.11292973414
bitcoin,1775253788857,2026-04-03,66933.25990570891
bitcoin,1775257446906,2026-04-03,66894.47014206758
bitcoin,1775261073631,2026-04-04,66939.69121715311
bitcoin,1775264669447,2026-04-04,66879.65637400307
bitcoin,1775268671758,2026-04-04,66872.1583176364
bitcoin,1775273677631,2026-04-04,66842.73653470511
bitcoin,1775277885787,2026-04-04,66849.63302499072
bitcoin,1775281242716,2026-04-04,66898.68182804435
bitcoin,1775283833198,2026-04-04,66949.93585862593
bitcoin,1775288531719,2026-04-04,66959.8290597061
bitcoin,1775292327385,2026-04-04,66956.39329306711
bitcoin,1775296755996,2026-04-04,66969.68382838744
bitcoin,1775299997639,2026-04-04,67055.68033246692
bitcoin,1775300538109,2026-04-04,67148.53813215913
bitcoin,1775304207115,2026-04-04,67118.41754617015
bitcoin,1775307780893,2026-04-04,67091.65190730197
bitcoin,1775311316392,2026-04-04,67202.57710061049
bitcoin,1775314955788,2026-04-04,67161.09858028076
bitcoin,1775318543498,2026-04-04,67358.32039965459
bitcoin,1775322145712,2026-04-04,67433.23263448066
bitcoin,1775325779860,2026-04-04,67337.99609944993
bitcoin,1775329357329,2026-04-04,67286.25215676849
bitcoin,1775332944173,2026-04-04,67280.01729605702
bitcoin,1775336586654,2026-04-04,67253.3977870876
bitcoin,1775340027623,2026-04-04,67354.82243829477
bitcoin,1775343752041,2026-04-04,67387.66168189244
bitcoin,1775347329113,2026-04-05,67305.53270568071
bitcoin,1775350907635,2026-04-05,67194.73102381348
bitcoin,1775354503286,2026-04-05,67097.64999707985
bitcoin,1775358137943,2026-04-05,67159.48840990113
bitcoin,1775361726836,2026-04-05,67116.68074067455
bitcoin,1775365370222,2026-04-05,67088.16878284267
bitcoin,1775368864455,2026-04-05,66898.91046104902
bitcoin,1775372589468,2026-04-05,66834.55616852113
bitcoin,1775376199058,2026-04-05,66795.06711340805
bitcoin,1775379789361,2026-04-05,66909.58641953235
bitcoin,1775383404024,2026-04-05,67013.36757024149
bitcoin,1775386981599,2026-04-05,67035.71402873952
bitcoin,1775390648122,2026-04-05,66983.49768825137
bitcoin,1775394253417,2026-04-05,66767.0131421243
bitcoin,1775397779659,2026-04-05,66876.89335408386
bitcoin,1775401398934,2026-04-05,66905.41123953745
bitcoin,1775404876102,2026-04-05,67283.50017521076
bitcoin,1775408610347,2026-04-05,67187.35275626543
bitcoin,1775412229690,2026-04-05,67332.04972364994
bitcoin,1775415813994,2026-04-05,67359.54022197741
bitcoin,1775419414804,2026-04-05,67312.40029436244
bitcoin,1775423015526,2026-04-05,67618.85865651761
bitcoin,1775426552830,2026-04-05,67524.98600017147
bitcoin,1775430168902,2026-04-05,68319.43753253935
bitcoin,1775433773324,2026-04-06,68985.52642694542
bitcoin,1775437422802,2026-04-06,69083.92977430127
bitcoin,1775440936333,2026-04-06,68800.40695728877
bitcoin,1775444405481,2026-04-06,69227.82786574122
bitcoin,1775448175341,2026-04-06,69064.09289025438
bitcoin,1775451730025,2026-04-06,69116.69442689166
bitcoin,1775455339289,2026-04-06,69171.24699553306
bitcoin,1775458919290,2026-04-06,68966.1397153888
bitcoin,1775462588697,2026-04-06,69085.18372122863
bitcoin,1775466186761,2026-04-06,69233.4136963385
bitcoin,1775469811989,2026-04-06,69734.14395438247
bitcoin,1775473428063,2026-04-06,69729.51473053802
bitcoin,1775477015807,2026-04-06,69600.5179200479
bitcoin,1775480630026,2026-04-06,69352.92735076058
bitcoin,1775484185376,2026-04-06,69373.69205341725
bitcoin,1775487806613,2026-04-06,69667.13541738002
bitcoin,1775491415125,2026-04-06,69929.83872890126
bitcoin,1775495004648,2026-04-06,69841.20001007705
bitcoin,1775498582351,2026-04-06,69564.81342982552
bitcoin,1775502204188,2026-04-06,69878.68104808578
bitcoin,1775505771884,2026-04-06,69717.8937360636
bitcoin,1775509420598,2026-04-06,69831.8001596643
bitcoin,1775513014966,2026-04-06,69517.64005572062
bitcoin,1775516615544,2026-04-06,68899.60245420209
bitcoin,1775520225370,2026-04-07,68864.23452757328
bitcoin,1775523771745,2026-04-07,68832.75094748284
bitcoin,1775527405453,2026-04-07,68427.09873546906
bitcoin,1775530943092,2026-04-07,68663.74447668072
bitcoin,1775534536596,2026-04-07,68751.88746717676
bitcoin,1775538042721,2026-04-07,68851.31995374622
bitcoin,1775541804027,2026-04-07,68619.33116054142
bitcoin,1775545360154,2026-04-07,68567.66396182259
bitcoin,1775548906322,2026-04-07,68623.99620612123
bitcoin,1775552630577,2026-04-07,68946.09680366235
bitcoin,1775556017122,2026-04-07,69141.14072015522
bitcoin,1775559799899,2026-04-07,68229.74780513061
bitcoin,1775563375781,2026-04-07,68354.49021829801
bitcoin,1775567051812,2026-04-07,68410.07652754907
bitcoin,1775570588225,2026-04-07,68261.13224800787
bitcoin,1775574257224,2026-04-07,67946.5734483157
bitcoin,1775577737848,2026-04-07,68143.49762077775
bitcoin,1775581375716,2026-04-07,68212.47656909314
bitcoin,1775584984472,2026-04-07,68696.07855831205
bitcoin,1775588624081,2026-04-07,68422.4839048095
bitcoin,1775592195395,2026-04-07,68980.0719686061
bitcoin,1775595802898,2026-04-07,69283.45294227805
bitcoin,1775599411154,2026-04-07,69902.9648185693
bitcoin,1775602979712,2026-04-07,71406.79268018887
bitcoin,1775606630556,2026-04-08,71975.62171045873
bitcoin,1775610225012,2026-04-08,71675.99566085906
bitcoin,1775613609521,2026-04-08,71455.72565809466
bitcoin,1775617444438,2026-04-08,71319.15990521638
bitcoin,1775621028639,2026-04-08,71288.57608171008
bitcoin,1775624567743,2026-04-08,71588.90550886675
bitcoin,1775628148154,2026-04-08,71715.30467887901
bitcoin,1775631603040,2026-04-08,71716.33126607565
bitcoin,1775635354290,2026-04-08,71607.85137669035
bitcoin,1775638933970,2026-04-08,71769.45685444491
bitcoin,1775642547711,2026-04-08,71684.51069741158
bitcoin,1775646133760,2026-04-08,71500.27882941788
bitcoin,1775649717405,2026-04-08,71677.1185370044
bitcoin,1775653369223,2026-04-08,72088.64825915922
bitcoin,1775656917317,2026-04-08,71595.26553578468
bitcoin,1775660559718,2026-04-08,70839.24039381472
bitcoin,1775664156888,2026-04-08,71300.97902964945
bitcoin,1775667690132,2026-04-08,71616.877152209
bitcoin,1775671313797,2026-04-08,71892.24518699429
bitcoin,1775674801041,2026-04-08,71229.56326243738
bitcoin,1775678534672,2026-04-08,71305.21033797062
bitcoin,1775682117308,2026-04-08,71362.71539046324
bitcoin,1775685745785,2026-04-08,71530.37434625559
bitcoin,1775689349721,2026-04-08,71084.7379943279
bitcoin,1775692869135,2026-04-09,71117.07713411814
bitcoin,1775696522757,2026-04-09,70845.22545982263
bitcoin,1775700011524,2026-04-09,70922.75282918435
bitcoin,1775703816204,2026-04-09,71068.58019162083
bitcoin,1775707417187,2026-04-09,70981.6288101902
bitcoin,1775711146146,2026-04-09,70799.60700836459
bitcoin,1775714684503,2026-04-09,70965.48437451581
bitcoin,1775718243017,2026-04-09,71016.5630113181
bitcoin,1775721751962,2026-04-09,70978.52324259015
bitcoin,1775725354684,2026-04-09,71246.89042396861
bitcoin,1775728955398,2026-04-09,71507.87481912013
bitcoin,1775732534096,2026-04-09,71300.96039707496
bitcoin,1775736178012,2026-04-09,71155.21114397157
bitcoin,1775739686518,2026-04-09,71276.76446761427
bitcoin,1775743344419,2026-04-09,70785.05000466589
bitcoin,1775747031509,2026-04-09,71127.957103332
bitcoin,1775750594219,2026-04-09,72118.44858894373
bitcoin,1775754141680,2026-04-09,72037.6426727806
bitcoin,1775757812858,2026-04-09,72336.54140048083
bitcoin,1775761371614,2026-04-09,71893.610912954
bitcoin,1775764988545,2026-04-09,72070.08677387866
bitcoin,1775768545117,2026-04-09,72383.7859971068
bitcoin,1775772180179,2026-04-09,72266.84687965605
bitcoin,1775775754238,2026-04-09,72038.73499515245
bitcoin,1775779323672,2026-04-10,71770.7468500515
bitcoin,1775782961718,2026-04-10,71901.79175365834
bitcoin,1775786567426,2026-04-10,72173.42838519269
bitcoin,1775790188690,2026-04-10,71953.23424014167
bitcoin,1775793759654,2026-04-10,71865.73686761591
bitcoin,1775797219643,2026-04-10,72079.56841539979
bitcoin,1775801045920,2026-04-10,72112.96420024637
bitcoin,1775804583840,2026-04-10,71817.12552073848
bitcoin,1775808222516,2026-04-10,71470.27731650925
bitcoin,1775811793155,2026-04-10,71593.7324591
bitcoin,1775815348474,2026-04-10,71796.50490633331
bitcoin,1775818955459,2026-04-10,71920.85028120317
bitcoin,1775822551619,2026-04-10,72119.88962425478
bitcoin,1775826386000,2026-04-10,72211.96361800296
bonk,1773237835450,2026-03-11,0.000006009674184941825
bonk,1773241371566,2026-03-11,0.000006040042340784788
bonk,1773244890050,2026-03-11,0.000005969769530375294
bonk,1773248443622,2026-03-11,0.000005998282731947436
bonk,1773252216711,2026-03-11,0.000006013401697225834
bonk,1773255777157,2026-03-11,0.000006044405504907748
bonk,1773259426358,2026-03-11,0.000005993988760726288
bonk,1773262965230,2026-03-11,0.000005983584857096086
bonk,1773266443804,2026-03-11,0.0000060119549385576865
bonk,1773270215074,2026-03-11,0.0000059866420820655845
bonk,1773273640359,2026-03-12,0.000005959644211210388
bonk,1773277372388,2026-03-12,0.000005975822394142092
bonk,1773280989481,2026-03-12,0.000005916897586264218
bonk,1773284634774,2026-03-12,0.000005867023017150966
bonk,1773288064785,2026-03-12,0.000005873176338019284
bonk,1773291751106,2026-03-12,0.0000058752688650348
bonk,1773295430481,2026-03-12,0.000005852450224958901
bonk,1773299020141,2026-03-12,0.000005871263539670508
bonk,1773302582229,2026-03-12,0.000005881497947459057
bonk,1773306164554,2026-03-12,0.000005875948573393818
bonk,1773309615011,2026-03-12,0.000005905231267282295
bonk,1773313420973,2026-03-12,0.000005976757300588143
bonk,1773316926579,2026-03-12,0.000005961206494191755
bonk,1773320507727,2026-03-12,0.000005978618427535531
bonk,1773324074287,2026-03-12,0.00000593405771811421
bonk,1773327811179,2026-03-12,0.000005885711145542779
bonk,1773331417884,2026-03-12,0.000005942020127250733
bonk,1773334915432,2026-03-12,0.000005988332748934965
bonk,1773338561081,2026-03-12,0.00000598688540323672
bonk,1773342110936,2026-03-12,0.000006001014522052585
bonk,1773345764349,2026-03-12,0.000006077666961507863
bonk,1773349328971,2026-03-12,0.000006006142076176833
bonk,1773352913701,2026-03-12,0.0000060626988153100336
bonk,1773356560784,2026-03-12,0.000006046408466289532
bonk,1773360098287,2026-03-13,0.0000060812189924126945
bonk,1773363744281,2026-03-13,0.000006228361699640823
bonk,1773367346321,2026-03-13,0.000006291126638158343
bonk,1773371027804,2026-03-13,0.00000623723043221737
bonk,1773374592408,2026-03-13,0.000006271304497809547
bonk,1773378016025,2026-03-13,0.000006238423259850472
bonk,1773381750943,2026-03-13,0.000006233146250636585
bonk,1773385339825,2026-03-13,0.000006234849576877896
bonk,1773388955462,2026-03-13,0.000006221838402782239
bonk,1773392501575,2026-03-13,0.000006254061472775697
bonk,1773396120603,2026-03-13,0.000006336342422990524
bonk,1773399782442,2026-03-13,0.000006390807256331498
bonk,1773403423159,2026-03-13,0.000006541198413370495
bonk,1773407058638,2026-03-13,0.000006561144768205924
bonk,1773410552936,2026-03-13,0.00000650789067519317
bonk,1773414151580,2026-03-13,0.000006324856469715985
bonk,1773417828342,2026-03-13,0.0000062900735183393765
bonk,1773421253969,2026-03-13,0.000006294439850716515
bonk,1773424958583,2026-03-13,0.000006180867064964605
bonk,1773428544995,2026-03-13,0.0000061867800124644
bonk,1773432237139,2026-03-13,0.000006187692950950442
bonk,1773435806682,2026-03-13,0.0000062110870344472934
bonk,1773439376490,2026-03-13,0.000006191591839615434
bonk,1773442970008,2026-03-13,0.000006115932315154268
bonk,1773446600534,2026-03-14,0.00000613752087255164
bonk,1773450165376,2026-03-14,0.000006114683300779578
bonk,1773453794038,2026-03-14,0.0000061720456560958155
bonk,1773457328134,2026-03-14,0.0000061834726221650835
bonk,1773460985684,2026-03-14,0.000006194905697957076
bonk,1773464527969,2026-03-14,0.00000615980911259275
bonk,1773468117309,2026-03-14,0.000006116225695762196
bonk,1773471795140,2026-03-14,0.000006056537543616985
bonk,1773475395225,2026-03-14,0.000006036721546364526
bonk,1773478863803,2026-03-14,0.000006026395271615684
bonk,1773482592401,2026-03-14,0.000006023845744733319
bonk,1773486136089,2026-03-14,0.000006000348340353039
bonk,1773489615503,2026-03-14,0.000006028022424275163
bonk,1773493300417,2026-03-14,0.000006019695219164676
bonk,1773496991782,2026-03-14,0.000006044416611997991
bonk,1773500563851,2026-03-14,0.000006017396205579589
bonk,1773504166766,2026-03-14,0.000006015098721427479
bonk,1773507781840,2026-03-14,0.000006028641742701644
bonk,1773511335605,2026-03-14,0.0000059892777137666854
bonk,1773514916963,2026-03-14,0.000005996980449502964
bonk,1773518581498,2026-03-14,0.000005988980673431257
bonk,1773522202483,2026-03-14,0.000005974423600612209
bonk,1773525735245,2026-03-14,0.000005996138019669716
bonk,1773529304695,2026-03-14,0.00000599374505105646
bonk,1773533106540,2026-03-15,0.000006042047470805552
bonk,1773536796947,2026-03-15,0.000005991300338685289
bonk,1773540254124,2026-03-15,0.000006005837657074822
bonk,1773543852846,2026-03-15,0.000006063247620742949
bonk,1773547758323,2026-03-15,0.000006008120811107726
bonk,1773550918158,2026-03-15,0.000005994690376509359
bonk,1773554522745,2026-03-15,0.0000059864130243129115
bonk,1773558137667,2026-03-15,0.0000059705492416196944
bonk,1773561771023,2026-03-15,0.000005976140192444402
bonk,1773565339575,2026-03-15,0.000005987587663038688
bonk,1773568922836,2026-03-15,0.000005964317226628819
bonk,1773572527536,2026-03-15,0.0000059940529529272185
bonk,1773576136339,2026-03-15,0.000006014705126678652
bonk,1773579725356,2026-03-15,0.0000060069925725795255
bonk,1773583334238,2026-03-15,0.0000059330242338606955
bonk,1773586956355,2026-03-15,0.00000595086151437007
bonk,1773590630546,2026-03-15,0.000005941295458181899
bonk,1773594229170,2026-03-15,0.000005918327065468632
bonk,1773597828128,2026-03-15,0.000005957850070257935
bonk,1773601467751,2026-03-15,0.000005907144440205419
bonk,1773604986051,2026-03-15,0.000005941052584426471
bonk,1773608600977,2026-03-15,0.000005948779307599906
bonk,1773612216208,2026-03-15,0.000005982937495594957
bonk,1773615779308,2026-03-15,0.000006074358241629237
bonk,1773619281136,2026-03-16,0.000006067220866011016
bonk,1773622995579,2026-03-16,0.000006167186772880871
bonk,1773626618103,2026-03-16,0.000006182507737069917
bonk,1773630228475,2026-03-16,0.000006154397020411027
bonk,1773633812411,2026-03-16,0.000006347539262957476
bonk,1773637401117,2026-03-16,0.0000064955962517463285
bonk,1773641068757,2026-03-16,0.000006555233271935939
bonk,1773644607199,2026-03-16,0.000006608328575405161
bonk,1773648175477,2026-03-16,0.000006764044681922902
bonk,1773651759013,2026-03-16,0.000006585518001542796
bonk,1773655326726,2026-03-16,0.00000666621397798809
bonk,1773658940996,2026-03-16,0.000006519057848359287
bonk,1773662525397,2026-03-16,0.000006481573706577561
bonk,1773666141307,2026-03-16,0.000006516765699204938
bonk,1773669732696,2026-03-16,0.0000064919181822209805
bonk,1773673307631,2026-03-16,0.000006522032862576816
bonk,1773676867147,2026-03-16,0.000006456850271604276
bonk,1773680474655,2026-03-16,0.0000065139765602737444
bonk,1773684133479,2026-03-16,0.000006533133490931507
bonk,1773687780334,2026-03-16,0.000006541601427903865
bonk,1773691378124,2026-03-16,0.000006557138111047452
bonk,1773694994781,2026-03-16,0.0000065952204903951015
bonk,1773698455373,2026-03-16,0.00000659549480833963
bonk,1773702063851,2026-03-16,0.000006677191068567864
bonk,1773705786020,2026-03-17,0.000006639404032699119
bonk,1773709362193,2026-03-17,0.000006644542642765952
bonk,1773712945538,2026-03-17,0.000006651645012034304
bonk,1773716581882,2026-03-17,0.000006606082838986424
bonk,1773720038297,2026-03-17,0.000006499490851890886
bonk,1773723741945,2026-03-17,0.000006435187424096704
bonk,1773727403035,2026-03-17,0.00000639927109122845
bonk,1773730808589,2026-03-17,0.0000064065096235577046
bonk,1773734494181,2026-03-17,0.000006436743542290523
bonk,1773738205225,2026-03-17,0.0000065122693541718425
bonk,1773741767566,2026-03-17,0.000006530130036794113
bonk,1773745336832,2026-03-17,0.000006505719267166863
bonk,1773748815762,2026-03-17,0.000006480999910635862
bonk,1773752632894,2026-03-17,0.000006413716251798261
bonk,1773756201823,2026-03-17,0.000006434890629621022
bonk,1773759779460,2026-03-17,0.000006479674941530035
bonk,1773763457380,2026-03-17,0.000006462873828656939
bonk,1773767053244,2026-03-17,0.000006495429603350915
bonk,1773770600674,2026-03-17,0.000006513947369408166
bonk,1773774192741,2026-03-17,0.000006538496808795087
bonk,1773777846959,2026-03-17,0.00000650446321936294
bonk,1773781372726,2026-03-17,0.000006526820570246661
bonk,1773784969976,2026-03-17,0.0000067294042638916405
bonk,1773788570569,2026-03-17,0.000006653612371757401
bonk,1773792197958,2026-03-18,0.000006634186830697057
bonk,1773795824122,2026-03-18,0.000006610161204092427
bonk,1773799398784,2026-03-18,0.000006777917173154239
bonk,1773802975782,2026-03-18,0.00000693229244283559
bonk,1773806445371,2026-03-18,0.000006899409548736123
bonk,1773810027910,2026-03-18,0.00000672305758787566
bonk,1773813736575,2026-03-18,0.000006717525016764131
bonk,1773817422179,2026-03-18,0.000006694479313618166
bonk,1773820984372,2026-03-18,0.0000066907495786787125
bonk,1773824564055,2026-03-18,0.000006716425539549839
bonk,1773828207671,2026-03-18,0.000006715706487109258
bonk,1773831780477,2026-03-18,0.000006645638599533689
bonk,1773835344135,2026-03-18,0.000006442477937098111
bonk,1773838961304,2026-03-18,0.00000626006344849863
bonk,1773842576202,2026-03-18,0.000006231827771995813
bonk,1773846150817,2026-03-18,0.000006091947984458553
bonk,1773849633527,2026-03-18,0.000006098199229401771
bonk,1773853352054,2026-03-18,0.000006089862104376775
bonk,1773856942351,2026-03-18,0.000006110113781521192
bonk,1773860407379,2026-03-18,0.000006127673200191538
bonk,1773864045065,2026-03-18,0.000006114386137593882
bonk,1773867764011,2026-03-18,0.000006149567635013266
bonk,1773871362537,2026-03-18,0.000006186162721690763
bonk,1773874940859,2026-03-18,0.000006152821277094916
bonk,1773878580536,2026-03-19,0.0000061609922278718
bonk,1773882146109,2026-03-19,0.0000061365664693316465
bonk,1773885780017,2026-03-19,0.000006141423782457707
bonk,1773889428904,2026-03-19,0.000006120570558901481
bonk,1773892940308,2026-03-19,0.000006181659607767773
bonk,1773896568184,2026-03-19,0.000006141922088726339
bonk,1773900151270,2026-03-19,0.0000060940741540015635
bonk,1773903738237,2026-03-19,0.00000610265815620694
bonk,1773907375121,2026-03-19,0.000006061223396300587
bonk,1773910993912,2026-03-19,0.0000060471452114319985
bonk,1773914582535,2026-03-19,0.0000061126156094925995
bonk,1773918159301,2026-03-19,0.000006065038052105467
bonk,1773921820798,2026-03-19,0.000006047659748595362
bonk,1773925313126,2026-03-19,0.000005921344643648758
bonk,1773928986634,2026-03-19,0.000005945909144926892
bonk,1773932536446,2026-03-19,0.000005914364066927029
bonk,1773936170962,2026-03-19,0.000005896770007593274
bonk,1773939635363,2026-03-19,0.000005859536391435861
bonk,1773943388816,2026-03-19,0.000005925500687065108
bonk,1773946919668,2026-03-19,0.0000059102265588841505
bonk,1773950414165,2026-03-19,0.00000595173962568504
bonk,1773954082290,2026-03-19,0.000005966586806202816
bonk,1773957758487,2026-03-19,0.000005971573520499193
bonk,1773961384636,2026-03-19,0.000005955710962246817
bonk,1773964973943,2026-03-20,0.000005966118895586998
bonk,1773968596381,2026-03-20,0.0000059820768445194406
bonk,1773972012439,2026-03-20,0.000006037817643099972
bonk,1773975620072,2026-03-20,0.000006006586735445107
bonk,1773979229683,2026-03-20,0.000006018650558195091
bonk,1773982838404,2026-03-20,0.000006016288025813152
bonk,1773986563814,2026-03-20,0.000006074008608518266
bonk,1773990231483,2026-03-20,0.000006014391514970956
bonk,1773993715121,2026-03-20,0.00000602533163148493
bonk,1773997414966,2026-03-20,0.000006046444560442941
bonk,1774001004531,2026-03-20,0.000006017723867657529
bonk,1774004596651,2026-03-20,0.000006023955418908254
bonk,1774008136921,2026-03-20,0.000005986684181984488
bonk,1774011744394,2026-03-20,0.0000059536465493009095
bonk,1774015401105,2026-03-20,0.000005927898088384674
bonk,1774018936124,2026-03-20,0.000005934567930155357
bonk,1774022446414,2026-03-20,0.000005954026707336424
bonk,1774026167925,2026-03-20,0.000005958964700629218
bonk,1774029662835,2026-03-20,0.000005946888655081349
bonk,1774033344400,2026-03-20,0.00000591484773378869
bonk,1774036951170,2026-03-20,0.00000593085910929589
bonk,1774040617696,2026-03-20,0.0000059239517927072835
bonk,1774044202936,2026-03-20,0.000005934027240957482
bonk,1774047751376,2026-03-20,0.000005947222788197176
bonk,1774051274443,2026-03-21,0.000005929238191670733
bonk,1774054869990,2026-03-21,0.000005950632445241376
bonk,1774058527866,2026-03-21,0.000005931208226561299
bonk,1774062152602,2026-03-21,0.000005958880113369115
bonk,1774065692587,2026-03-21,0.000005937001413405312
bonk,1774069367775,2026-03-21,0.000005924548113923986
bonk,1774073294640,2026-03-21,0.0000059570396066187565
bonk,1774076734559,2026-03-21,0.000005953112387766343
bonk,1774080052376,2026-03-21,0.00000592854300811201
bonk,1774083831520,2026-03-21,0.000005957655482340494
bonk,1774087401726,2026-03-21,0.000005956098745857994
bonk,1774090991748,2026-03-21,0.000005922281413805271
bonk,1774094590370,2026-03-21,0.000005921482488635109
bonk,1774098184392,2026-03-21,0.0000059162958680409975
bonk,1774101786501,2026-03-21,0.000005923855607110604
bonk,1774105394288,2026-03-21,0.00000592390385232311
bonk,1774108990011,2026-03-21,0.000005992499334946855
bonk,1774112788850,2026-03-21,0.000005955208794556767
bonk,1774116200706,2026-03-21,0.000005945404561976958
bonk,1774119977243,2026-03-21,0.0000059393453676035245
bonk,1774123431801,2026-03-21,0.000005945739394596676
bonk,1774126992642,2026-03-21,0.0000059857425972079
bonk,1774130493898,2026-03-21,0.000005964918261748942
bonk,1774134178029,2026-03-21,0.000005941967601629678
bonk,1774137841069,2026-03-22,0.000005778763237717554
bonk,1774141438513,2026-03-22,0.000005769997546367959
bonk,1774144988525,2026-03-22,0.000005773372568992988
bonk,1774148505765,2026-03-22,0.000005809556187141997
bonk,1774152186997,2026-03-22,0.00000581633596522295
bonk,1774155849534,2026-03-22,0.000005854751283449703
bonk,1774159460843,2026-03-22,0.000005826344139896898
bonk,1774162985146,2026-03-22,0.00000580433536187764
bonk,1774166616798,2026-03-22,0.000005788295268945742
bonk,1774170264417,2026-03-22,0.000005769121401448415
bonk,1774173767163,2026-03-22,0.000005770091576732164
bonk,1774177495006,2026-03-22,0.000005735605538400916
bonk,1774181233084,2026-03-22,0.000005717042544182801
bonk,1774184577592,2026-03-22,0.000005743724316456089
bonk,1774188146792,2026-03-22,0.000005732513698673284
bonk,1774191748735,2026-03-22,0.000005730286207050455
bonk,1774195367934,2026-03-22,0.000005749306516772009
bonk,1774198933856,2026-03-22,0.000005753022152354904
bonk,1774202617491,2026-03-22,0.000005735428311143223
bonk,1774206177727,2026-03-22,0.000005714960393643701
bonk,1774209686455,2026-03-22,0.0000056981518572834715
bonk,1774213367674,2026-03-22,0.00000569097485227979
bonk,1774216954756,2026-03-22,0.000005649517642803814
bonk,1774220528910,2026-03-22,0.0000056993503318845145
bonk,1774224050397,2026-03-23,0.000005686922303509486
bonk,1774227729127,2026-03-23,0.0000057196271014450635
bonk,1774231395179,2026-03-23,0.000005742291685596083
bonk,1774234968101,2026-03-23,0.00000577150954638759
bonk,1774238565703,2026-03-23,0.0000057736058155966565
bonk,1774242164589,2026-03-23,0.0000058019398482162535
bonk,1774245755404,2026-03-23,0.000005842031279393096
bonk,1774249395755,2026-03-23,0.000005768695594874692
bonk,1774252929181,2026-03-23,0.0000057342948171647035
bonk,1774256604120,2026-03-23,0.000005700094740901959
bonk,1774260152961,2026-03-23,0.0000056916637489397766
bonk,1774263747680,2026-03-23,0.000005701226836465859
bonk,1774267222398,2026-03-23,0.000005894249123752586
bonk,1774270903903,2026-03-23,0.000005954267027004257
bonk,1774274530917,2026-03-23,0.000005974751409768439
bonk,1774278166025,2026-03-23,0.000005995623914263833
bonk,1774281785130,2026-03-23,0.0000059484300583130795
bonk,1774285441482,2026-03-23,0.000005927278224506693
bonk,1774289014215,2026-03-23,0.000005981037986799269
bonk,1774292654081,2026-03-23,0.000006017167689706089
bonk,1774296229220,2026-03-23,0.0000059893772244422776
bonk,1774299788364,2026-03-23,0.000006022205451959512
bonk,1774303454183,2026-03-23,0.0000060178480904831755
bonk,1774307039549,2026-03-23,0.0000059662952293745846
bonk,1774310612552,2026-03-24,0.000005968142319251439
bonk,1774314221385,2026-03-24,0.00000593705097847744
bonk,1774317676731,2026-03-24,0.000005882704440272052
bonk,1774321272668,2026-03-24,0.000005899837759367579
bonk,1774324989894,2026-03-24,0.000005959002004940724
bonk,1774328581092,2026-03-24,0.000005940408249834482
bonk,1774332139528,2026-03-24,0.0000059429180742180555
bonk,1774335726175,2026-03-24,0.000005937669254667835
bonk,1774339284637,2026-03-24,0.000006006897886871479
bonk,1774342899404,2026-03-24,0.000006020399927250937
bonk,1774346474593,2026-03-24,0.000006000999683963737
bonk,1774350077707,2026-03-24,0.00000599270912481457
bonk,1774353616510,2026-03-24,0.000005967181882475344
bonk,1774357317450,2026-03-24,0.000005978765380214968
bonk,1774360903122,2026-03-24,0.000005942390186837658
bonk,1774364545405,2026-03-24,0.000005941194316679
bonk,1774368080148,2026-03-24,0.000005953927566413023
bonk,1774371680454,2026-03-24,0.000005937186623624257
bonk,1774375334292,2026-03-24,0.000005897832953640841
bonk,1774378896907,2026-03-24,0.000005930495711407184
bonk,1774382503235,2026-03-24,0.000005936005971089901
bonk,1774386118709,2026-03-24,0.000006047670747276835
bonk,1774389708939,2026-03-24,0.000006041098536666033
bonk,1774393292837,2026-03-24,0.000006113183028408873
bonk,1774396871583,2026-03-25,0.000006179247662177621
bonk,1774400425251,2026-03-25,0.000006202360294459538
bonk,1774404107852,2026-03-25,0.000006169261601450252
bonk,1774407696762,2026-03-25,0.000006126785704766404
bonk,1774411316752,2026-03-25,0.00000614066987315768
bonk,1774414916698,2026-03-25,0.000006133554619919203
bonk,1774418523089,2026-03-25,0.000006195834199242481
bonk,1774422106270,2026-03-25,0.000006258002552846546
bonk,1774425649662,2026-03-25,0.00000627252944485838
bonk,1774429255866,2026-03-25,0.000006345070266481433
bonk,1774432878854,2026-03-25,0.000006304904937748684
bonk,1774436532715,2026-03-25,0.000006260233488128827
bonk,1774440128598,2026-03-25,0.000006293539121494653
bonk,1774443770155,2026-03-25,0.000006315592104336061
bonk,1774447332846,2026-03-25,0.0000063021725240226796
bonk,1774450967803,2026-03-25,0.000006268998626964595
bonk,1774454587713,2026-03-25,0.000006197034886287411
bonk,1774458028181,2026-03-25,0.000006276589584825226
bonk,1774461807652,2026-03-25,0.000006246755216667283
bonk,1774465389658,2026-03-25,0.000006246373303724819
bonk,1774469001869,2026-03-25,0.000006244475993167272
bonk,1774472605902,2026-03-25,0.000006228236961911266
bonk,1774476131054,2026-03-25,0.000006205661765344027
bonk,1774479758333,2026-03-25,0.0000062163039202722854
bonk,1774483450830,2026-03-26,0.0000062082381732793765
bonk,1774486846082,2026-03-26,0.000006197938003998407
bonk,1774490433536,2026-03-26,0.00000618891746645542
bonk,1774494116254,2026-03-26,0.000006156819697268379
bonk,1774497868212,2026-03-26,0.000006109210111552914
bonk,1774501411019,2026-03-26,0.000006077581878480359
bonk,1774504998443,2026-03-26,0.000006023158806973698
bonk,1774508598293,2026-03-26,0.000006004005460351941
bonk,1774512143093,2026-03-26,0.000006013440703284013
bonk,1774515755579,2026-03-26,0.000006002711753828922
bonk,1774519406324,2026-03-26,0.000005939538579840643
bonk,1774522957554,2026-03-26,0.000005928180882528582
bonk,1774526585937,2026-03-26,0.000005930054928561044
bonk,1774530027453,2026-03-26,0.000005945533049532678
bonk,1774533672964,2026-03-26,0.000006000928057210256
bonk,1774537362812,2026-03-26,0.0000059713272798861695
bonk,1774540926024,2026-03-26,0.000005929497284911922
bonk,1774544439752,2026-03-26,0.000005904785399579684
bonk,1774548129477,2026-03-26,0.000005872430772753022
bonk,1774551772392,2026-03-26,0.000005874615052633456
bonk,1774555402810,2026-03-26,0.000005854201961456162
bonk,1774558958984,2026-03-26,0.000005909222106236177
bonk,1774562555279,2026-03-26,0.00000594384443822736
bonk,1774566115839,2026-03-26,0.0000059230330519628795
bonk,1774569626875,2026-03-27,0.000005910424321472228
bonk,1774573275298,2026-03-27,0.000005906979170149801
bonk,1774576902097,2026-03-27,0.000005942592501809941
bonk,1774580563820,2026-03-27,0.000005939515080365843
bonk,1774584106144,2026-03-27,0.000005909495115064167
bonk,1774587695469,2026-03-27,0.000005911171011799806
bonk,1774591302888,2026-03-27,0.000005898442088653018
bonk,1774594903473,2026-03-27,0.000005902320373616905
bonk,1774598451138,2026-03-27,0.000005929248772615686
bonk,1774602152394,2026-03-27,0.000005882583311148352
bonk,1774605713611,2026-03-27,0.000005831436866996917
bonk,1774609345706,2026-03-27,0.0000057215190296036555
bonk,1774612963418,2026-03-27,0.000005752334463598006
bonk,1774616545496,2026-03-27,0.0000057358702740371915
bonk,1774620127621,2026-03-27,0.0000057423021686650186
bonk,1774623614089,2026-03-27,0.000005742748768756048
bonk,1774627356634,2026-03-27,0.000005770181867661924
bonk,1774630951850,2026-03-27,0.000005740191240961982
bonk,1774634482788,2026-03-27,0.000005733971197064697
bonk,1774638106513,2026-03-27,0.00000573287029519851
bonk,1774641753801,2026-03-27,0.0000057419874325498866
bonk,1774645353611,2026-03-27,0.000005736901076055965
bonk,1774648956407,2026-03-27,0.000005729678189095194
bonk,1774652507693,2026-03-27,0.000005718621265768826
bonk,1774656043216,2026-03-28,0.000005723691971535336
bonk,1774659611397,2026-03-28,0.000005722219266781881
bonk,1774663322543,2026-03-28,0.000005710457348049542
bonk,1774666841077,2026-03-28,0.0000056999120459316115
bonk,1774670457449,2026-03-28,0.000005674941973691735
bonk,1774674070944,2026-03-28,0.0000056612043912244574
bonk,1774677763769,2026-03-28,0.000005672312802930059
bonk,1774681320927,2026-03-28,0.000005703165095133017
bonk,1774684906174,2026-03-28,0.0000057374535134697864
bonk,1774688519184,2026-03-28,0.000005739460007001924
bonk,1774692175225,2026-03-28,0.0000057416600492015005
bonk,1774695714227,2026-03-28,0.0000057412708143367945
bonk,1774699244140,2026-03-28,0.000005761209557224402
bonk,1774702952791,2026-03-28,0.00000576077958143493
bonk,1774706539777,2026-03-28,0.000005847074575453449
bonk,1774710146879,2026-03-28,0.000005871707574640357
bonk,1774713743767,2026-03-28,0.000005897499481599191
bonk,1774717330925,2026-03-28,0.000005867817831516342
bonk,1774720831045,2026-03-28,0.000005849934927008334
bonk,1774724546749,2026-03-28,0.000005855674205494243
bonk,1774728125751,2026-03-28,0.00000583735874477549
bonk,1774731746256,2026-03-28,0.00000583709957955121
bonk,1774735299716,2026-03-28,0.000005797297114292639
bonk,1774738907225,2026-03-28,0.000005781596975784811
bonk,1774742428642,2026-03-29,0.000005732313513329349
bonk,1774746147956,2026-03-29,0.0000057157949074567285
bonk,1774749799090,2026-03-29,0.00000572391483158236
bonk,1774753459713,2026-03-29,0.000005731793796298446
bonk,1774756844334,2026-03-29,0.000005761170076410866
bonk,1774760570436,2026-03-29,0.000005769651832601369
bonk,1774764165575,2026-03-29,0.000005764147726164356
bonk,1774767760797,2026-03-29,0.00000575626857720825
bonk,1774771382788,2026-03-29,0.000005738956271592036
bonk,1774774965540,2026-03-29,0.0000057326020017407844
bonk,1774778558280,2026-03-29,0.000005728513441147064
bonk,1774782003531,2026-03-29,0.000005694239064470659
bonk,1774785772580,2026-03-29,0.000005715437107027466
bonk,1774789407765,2026-03-29,0.000005701251354376906
bonk,1774792958969,2026-03-29,0.0000056697904785144885
bonk,1774796434508,2026-03-29,0.000005671732076090063
bonk,1774800148524,2026-03-29,0.000005659901540243854
bonk,1774803624894,2026-03-29,0.000005653359436381406
bonk,1774807344245,2026-03-29,0.000005651764386097871
bonk,1774810949284,2026-03-29,0.000005655961081973751
bonk,1774814556014,2026-03-29,0.000005648687062311765
bonk,1774818131287,2026-03-29,0.000005690386432414215
bonk,1774821718126,2026-03-29,0.000005716519906705686
bonk,1774825420270,2026-03-29,0.000005589448890883659
bonk,1774828966409,2026-03-30,0.000005638007673539743
bonk,1774832552236,2026-03-30,0.000005721590455467832
bonk,1774836019760,2026-03-30,0.000005782250568136653
bonk,1774839755315,2026-03-30,0.000005779868055459114
bonk,1774843373691,2026-03-30,0.000005809113731426966
bonk,1774846954873,2026-03-30,0.0000058426821714925545
bonk,1774850584520,2026-03-30,0.0000058565093904994785
bonk,1774854038967,2026-03-30,0.0000058645169791978925
bonk,1774857734895,2026-03-30,0.000005922113517819936
bonk,1774861413313,2026-03-30,0.000005896465238521802
bonk,1774864958408,2026-03-30,0.000005830832036399556
bonk,1774868611120,2026-03-30,0.000005860161586514474
bonk,1774872199933,2026-03-30,0.000005879634637369906
bonk,1774875612886,2026-03-30,0.000005897141277779794
bonk,1774879361597,2026-03-30,0.000005868469188094126
bonk,1774882935993,2026-03-30,0.0000058743741396298845
bonk,1774886452197,2026-03-30,0.000005885205209614145
bonk,1774890064803,2026-03-30,0.000005848820066812209
bonk,1774893716674,2026-03-30,0.0000058112947113816414
bonk,1774897367985,2026-03-30,0.000005765456342268216
bonk,1774900942893,2026-03-30,0.000005769505365845308
bonk,1774904538524,2026-03-30,0.000005776562506616307
bonk,1774908078157,2026-03-30,0.000005835628534744911
bonk,1774911743009,2026-03-30,0.0000058198346961306254
bonk,1774915328199,2026-03-31,0.000005779108409443905
bonk,1774918846374,2026-03-31,0.00000579529661726118
bonk,1774922440224,2026-03-31,0.000005865416156393038
bonk,1774926036330,2026-03-31,0.000005875283489189622
bonk,1774929637931,2026-03-31,0.000005833259508119234
bonk,1774933240852,2026-03-31,0.000005833121644290113
bonk,1774936999389,2026-03-31,0.000005852989051714014
bonk,1774940565879,2026-03-31,0.000005840520614689372
bonk,1774944141995,2026-03-31,0.000005816024492794824
bonk,1774947768650,2026-03-31,0.000005773015507550457
bonk,1774951373943,2026-03-31,0.000005715474269571351
bonk,1774954959297,2026-03-31,0.000005710770359265095
bonk,1774958589258,2026-03-31,0.000005738497223339259
bonk,1774962132546,2026-03-31,0.00000573963799635611
bonk,1774965758943,2026-03-31,0.000005809349940367283
bonk,1774969394787,2026-03-31,0.000005737582046858242
bonk,1774972967491,2026-03-31,0.000005748598849534133
bonk,1774976506059,2026-03-31,0.000005835955359619373
bonk,1774980113603,2026-03-31,0.000005805422070112351
bonk,1774983604944,2026-03-31,0.0000058457095181729106
bonk,1774987406424,2026-03-31,0.000005858427486735997
bonk,1774990957141,2026-03-31,0.000005876444747171132
bonk,1774994485751,2026-03-31,0.00000585847501963964
bonk,1774998085408,2026-03-31,0.00000583815750705277
bonk,1775001756226,2026-04-01,0.000005866467208922031
bonk,1775005370457,2026-04-01,0.000005877799081726314
bonk,1775008823303,2026-04-01,0.00000584115223911855
bonk,1775012550456,2026-04-01,0.0000058159809938465475
bonk,1775016201860,2026-04-01,0.00000588137221968699
bonk,1775019817025,2026-04-01,0.000005876006549717963
bonk,1775023363541,2026-04-01,0.000005933641306811127
bonk,1775027019785,2026-04-01,0.000005992664457304366
bonk,1775030493653,2026-04-01,0.000005967091755232492
bonk,1775034158240,2026-04-01,0.0000059537535661291395
bonk,1775037713952,2026-04-01,0.0000059320587988041275
bonk,1775041333802,2026-04-01,0.000005931955600907726
bonk,1775044889239,2026-04-01,0.000005942998690158277
bonk,1775048489415,2026-04-01,0.00000596698650221882
bonk,1775052095007,2026-04-01,0.0000059296986457455264
bonk,1775055763074,2026-04-01,0.000005967065854872001
bonk,1775059293512,2026-04-01,0.000005974514191196301
bonk,1775062809546,2026-04-01,0.000006005763640922661
bonk,1775066579014,2026-04-01,0.000005960251903100931
bonk,1775070171952,2026-04-01,0.0000059128974069096286
bonk,1775073655532,2026-04-01,0.000005943709517144052
bonk,1775077435670,2026-04-01,0.000005925892682258015
bonk,1775080946623,2026-04-01,0.000005950520822823364
bonk,1775084571834,2026-04-01,0.000005892407601740647
bonk,1775088135734,2026-04-02,0.000005883443567473858
bonk,1775091748185,2026-04-02,0.000005922664167972885
bonk,1775095401106,2026-04-02,0.0000057751459213217124
bonk,1775098987616,2026-04-02,0.000005714977796068638
bonk,1775102527948,2026-04-02,0.000005695652466898376
bonk,1775106112244,2026-04-02,0.000005667059121879482
bonk,1775109750815,2026-04-02,0.000005717316434253985
bonk,1775113320886,2026-04-02,0.0000057270967076697835
bonk,1775116822325,2026-04-02,0.0000057257770989629376
bonk,1775120557454,2026-04-02,0.000005692567712106534
bonk,1775124047409,2026-04-02,0.000005685742485157096
bonk,1775127776278,2026-04-02,0.000005660992564743865
bonk,1775131217392,2026-04-02,0.000005654047786476136
bonk,1775134972265,2026-04-02,0.0000056384611373250585
bonk,1775138594458,2026-04-02,0.000005604773209491141
bonk,1775142157732,2026-04-02,0.0000056960586779371855
bonk,1775145665753,2026-04-02,0.000005656599755718407
bonk,1775149396081,2026-04-02,0.000005667616456171224
bonk,1775153002658,2026-04-02,0.00000563594639737176
bonk,1775156560890,2026-04-02,0.000005651904341756514
bonk,1775160169289,2026-04-02,0.000005658412054790147
bonk,1775163746877,2026-04-02,0.000005677759355000552
bonk,1775167345238,2026-04-02,0.000005650864999038592
bonk,1775170975125,2026-04-02,0.000005663562138664173
bonk,1775174581808,2026-04-03,0.000005646832385467157
bonk,1775178148214,2026-04-03,0.000005640775423549043
bonk,1775181785605,2026-04-03,0.000005633857604087515
bonk,1775185412052,2026-04-03,0.000005633138446951213
bonk,1775188957942,2026-04-03,0.000005684929722428528
bonk,1775192530539,2026-04-03,0.000005703008827768121
bonk,1775196163452,2026-04-03,0.000005771585532351161
bonk,1775199744405,2026-04-03,0.000005795726101543834
bonk,1775203364729,2026-04-03,0.0000057708102291484455
bonk,1775206918500,2026-04-03,0.000005799497865587914
bonk,1775210543611,2026-04-03,0.000005820161499687227
bonk,1775214163965,2026-04-03,0.0000058058961217041355
bonk,1775217714184,2026-04-03,0.000005798583815789299
bonk,1775221312525,2026-04-03,0.000005791458427722423
bonk,1775224969467,2026-04-03,0.000005792230455079915
bonk,1775228572758,2026-04-03,0.000005793198279619593
bonk,1775232188739,2026-04-03,0.000005746672885221464
bonk,1775235756122,2026-04-03,0.000005776148068546063
bonk,1775239379792,2026-04-03,0.000005765669319623636
bonk,1775242809605,2026-04-03,0.000005762448445439674
bonk,1775246568992,2026-04-03,0.000005726482744742528
bonk,1775250229483,2026-04-03,0.000005721649051102184
bonk,1775253884302,2026-04-03,0.000005744034333314045
bonk,1775257423871,2026-04-03,0.000005708137279338038
bonk,1775261308054,2026-04-04,0.000005715633363761137
bonk,1775264911325,2026-04-04,0.000005685999707592716
bonk,1775268519653,2026-04-04,0.000005680328892916777
bonk,1775273031791,2026-04-04,0.000005662191916950882
bonk,1775277176876,2026-04-04,0.0000056782977258291856
bonk,1775280283924,2026-04-04,0.00000567423578104496
bonk,1775284700517,2026-04-04,0.00000568467538575986
bonk,1775288637412,2026-04-04,0.0000057061906763871366
bonk,1775292417622,2026-04-04,0.000005684873401918417
bonk,1775298428387,2026-04-04,0.000005668725878577311
bonk,1775299961336,2026-04-04,0.000005684119258660922
bonk,1775300535604,2026-04-04,0.000005683777076609298
bonk,1775304144961,2026-04-04,0.0000056975183756670625
bonk,1775307739421,2026-04-04,0.000005692730905600142
bonk,1775311210042,2026-04-04,0.00000567489169072468
bonk,1775315007125,2026-04-04,0.00000568190328486607
bonk,1775318557079,2026-04-04,0.000005701429551565269
bonk,1775322098800,2026-04-04,0.000005698975664257317
bonk,1775325791787,2026-04-04,0.000005743070646348071
bonk,1775329333397,2026-04-04,0.0000057355364049381744
bonk,1775332821614,2026-04-04,0.000005737052403131709
bonk,1775336597498,2026-04-04,0.000005713952752220675
bonk,1775340179723,2026-04-04,0.000005699350756369405
bonk,1775343641148,2026-04-04,0.000005708023542272418
bonk,1775347335171,2026-04-05,0.000005696201945273526
bonk,1775350823830,2026-04-05,0.00000569009508651133
bonk,1775354458264,2026-04-05,0.0000056685054129271425
bonk,1775358150920,2026-04-05,0.000005663980491583039
bonk,1775361735217,2026-04-05,0.0000056662033879149935
bonk,1775365301513,2026-04-05,0.000005646988221093725
bonk,1775368954988,2026-04-05,0.0000055985504789655864
bonk,1775372540747,2026-04-05,0.000005557848615514525
bonk,1775376197813,2026-04-05,0.0000055189681603067535
bonk,1775379816554,2026-04-05,0.000005518473864884472
bonk,1775383372878,2026-04-05,0.000005528123980172603
bonk,1775386955387,2026-04-05,0.000005506133441397751
bonk,1775390595733,2026-04-05,0.000005507772762566645
bonk,1775394251748,2026-04-05,0.000005458633443444593
bonk,1775397850619,2026-04-05,0.000005481528461747722
bonk,1775401450127,2026-04-05,0.000005475540059814243
bonk,1775404987446,2026-04-05,0.000005482071432946993
bonk,1775408574222,2026-04-05,0.000005451284051450804
bonk,1775412169844,2026-04-05,0.0000054665319249399316
bonk,1775415721599,2026-04-05,0.000005457108039047854
bonk,1775419374671,2026-04-05,0.000005424558797127851
bonk,1775422882972,2026-04-05,0.00000543410150896882
bonk,1775426500515,2026-04-05,0.0000054390078592892446
bonk,1775430155662,2026-04-05,0.000005539213662797652
bonk,1775433768403,2026-04-06,0.000005649208294112488
bonk,1775437465347,2026-04-06,0.000005828788276362145
bonk,1775440930881,2026-04-06,0.000005796745557646909
bonk,1775444932328,2026-04-06,0.000005838958768081968
bonk,1775448159945,2026-04-06,0.000005800015320472355
bonk,1775451714098,2026-04-06,0.00000581735090490019
bonk,1775455378333,2026-04-06,0.0000057744969922707325
bonk,1775459003300,2026-04-06,0.000005773620489845364
bonk,1775462638894,2026-04-06,0.000005762371716440372
bonk,1775466227027,2026-04-06,0.000005751367589857838
bonk,1775469789405,2026-04-06,0.0000058144476301877575
bonk,1775473414064,2026-04-06,0.000005873606526926732
bonk,1775476924062,2026-04-06,0.000005868017755944207
bonk,1775480662859,2026-04-06,0.000005900237572492844
bonk,1775484175857,2026-04-06,0.000005886379463051098
bonk,1775487764636,2026-04-06,0.000005863476643460184
bonk,1775491408515,2026-04-06,0.000005866787071896657
bonk,1775494951859,2026-04-06,0.000005867946319323704
bonk,1775498568250,2026-04-06,0.00000584684524228332
bonk,1775502234006,2026-04-06,0.00000586244463547182
bonk,1775505854064,2026-04-06,0.000005832126292122706
bonk,1775509423437,2026-04-06,0.000005868380266819988
bonk,1775512857687,2026-04-06,0.00000579468469061845
bonk,1775516520816,2026-04-06,0.000005709719665619315
bonk,1775520138576,2026-04-07,0.000005643976506469681
bonk,1775523819864,2026-04-07,0.0000056524932762507356
bonk,1775527434952,2026-04-07,0.000005626948039601533
bonk,1775531034374,2026-04-07,0.000005627291896365427
bonk,1775534535396,2026-04-07,0.000005641500304556656
bonk,1775538144031,2026-04-07,0.000005672543540380332
bonk,1775541804097,2026-04-07,0.000005628212988613138
bonk,1775545404393,2026-04-07,0.00000563119755289866
bonk,1775548961359,2026-04-07,0.000005635502013477624
bonk,1775552605193,2026-04-07,0.000005648290927045461
bonk,1775556065868,2026-04-07,0.000005698833489760363
bonk,1775559757638,2026-04-07,0.00000562518264790839
bonk,1775563363804,2026-04-07,0.000005604912910269078
bonk,1775566838846,2026-04-07,0.00000559232379071121
bonk,1775570432570,2026-04-07,0.000005605977520001812
bonk,1775574180124,2026-04-07,0.000005591183035319002
bonk,1775577805923,2026-04-07,0.000005589588123777862
bonk,1775581438108,2026-04-07,0.0000055882893373930225
bonk,1775584979848,2026-04-07,0.000005661572694847706
bonk,1775588564211,2026-04-07,0.000005631684806197597
bonk,1775592248340,2026-04-07,0.000005745013055842012
bonk,1775595859527,2026-04-07,0.000005768040636096077
bonk,1775599388358,2026-04-07,0.0000059569192515223
bonk,1775602952851,2026-04-07,0.000006107215582262431
bonk,1775606600461,2026-04-08,0.000006105314997414266
bonk,1775610231939,2026-04-08,0.00000601442747749029
bonk,1775613767763,2026-04-08,0.000006045680268955229
bonk,1775617295446,2026-04-08,0.000006051104403606149
bonk,1775621044818,2026-04-08,0.000006052013270562206
bonk,1775624444542,2026-04-08,0.000006066103407264802
bonk,1775628175411,2026-04-08,0.00000609610435001324
bonk,1775631747295,2026-04-08,0.0000060843986222093595
bonk,1775635382384,2026-04-08,0.000006072408042703117
bonk,1775638918600,2026-04-08,0.000006086576793259711
bonk,1775642489447,2026-04-08,0.0000060710997795426046
bonk,1775646076087,2026-04-08,0.000006047281521372131
bonk,1775649685865,2026-04-08,0.0000060165204256367805
bonk,1775653328804,2026-04-08,0.00000600139076275987
bonk,1775656841999,2026-04-08,0.000006012380422186794
bonk,1775660405559,2026-04-08,0.000005879306342571686
bonk,1775664155290,2026-04-08,0.00000592547498662931
bonk,1775667720970,2026-04-08,0.000005942358266994443
bonk,1775671371741,2026-04-08,0.000005935527157744959
bonk,1775674931385,2026-04-08,0.0000058653296900809004
bonk,1775678546295,2026-04-08,0.000005859317362123789
bonk,1775682132042,2026-04-08,0.0000058552352884592735
bonk,1775685727376,2026-04-08,0.000005879528860693189
bonk,1775689384656,2026-04-08,0.000005847018261451425
bonk,1775692912488,2026-04-09,0.000005789529603638458
bonk,1775696507330,2026-04-09,0.000005751178781678683
bonk,1775700041486,2026-04-09,0.000005713579353351515
bonk,1775703774021,2026-04-09,0.000005731205525285818
bonk,1775707412416,2026-04-09,0.000005722719766847605
bonk,1775710914125,2026-04-09,0.000005725670389666364
bonk,1775714520566,2026-04-09,0.00000572751606529723
bonk,1775718242626,2026-04-09,0.0000057445562356226605
bonk,1775721777187,2026-04-09,0.000005732697218390478
bonk,1775725311754,2026-04-09,0.000005731915596910401
bonk,1775728947934,2026-04-09,0.000005773211024585037
bonk,1775732548024,2026-04-09,0.000005770274737071346
bonk,1775736047110,2026-04-09,0.000005756013668341045
bonk,1775739757296,2026-04-09,0.00000577387103709713
bonk,1775743241008,2026-04-09,0.000005755860057579466
bonk,1775746941218,2026-04-09,0.000005729635677151205
bonk,1775750587947,2026-04-09,0.00000586080137367736
bonk,1775754171582,2026-04-09,0.000005862677761666843
bonk,1775757796817,2026-04-09,0.000005935177921460579
bonk,1775761423808,2026-04-09,0.000005925419557012637
bonk,1775764980555,2026-04-09,0.0000059416645458538175
bonk,1775768615414,2026-04-09,0.000005984732974730159
bonk,1775772208523,2026-04-09,0.000005978743851023562
bonk,1775775754684,2026-04-09,0.000005969798017168507
bonk,1775779250974,2026-04-10,0.000005874409366989653
bonk,1775783007161,2026-04-10,0.000005863537925601416
bonk,1775786515521,2026-04-10,0.000005876788659708403
bonk,1775790013927,2026-04-10,0.000005883720930429824
bonk,1775793722819,2026-04-10,0.0000058711490958755
bonk,1775797363867,2026-04-10,0.000005931291702277376
bonk,1775801055759,2026-04-10,0.000005936770772473774
bonk,1775804597494,2026-04-10,0.0000058556871504964755
bonk,1775808023630,2026-04-10,0.000005863424369130383
bonk,1775811792196,2026-04-10,0.000005842133720461306
bonk,1775815370721,2026-04-10,0.00000589787201599105
bonk,1775818805939,2026-04-10,0.000005851928089461594
bonk,1775822530103,2026-04-10,0.00000585581902389232
bonk,1775826141054,2026-04-10,0.000005888721844024965
bonk,1775826462000,2026-04-10,0.000005896906511118038
dogecoin,1773234146540,2026-03-11,0.09246786703175225
dogecoin,1773237623147,2026-03-11,0.09303803042043389
dogecoin,1773241401196,2026-03-11,0.09361985381062914
dogecoin,1773244981874,2026-03-11,0.09237423929967259
dogecoin,1773248545508,2026-03-11,0.09300374136182094
dogecoin,1773252010633,2026-03-11,0.09375017456621822
dogecoin,1773255779088,2026-03-11,0.09438052343123914
dogecoin,1773259395141,2026-03-11,0.09382465497614385
dogecoin,1773262967832,2026-03-11,0.09360907538347359
dogecoin,1773266573310,2026-03-11,0.09375376666396466
dogecoin,1773270160758,2026-03-11,0.09352197841043919
dogecoin,1773273755000,2026-03-12,0.09289080439351832
dogecoin,1773277391842,2026-03-12,0.09276911540946252
dogecoin,1773280935161,2026-03-12,0.09232087758917258
dogecoin,1773284637401,2026-03-12,0.09189541684196001
dogecoin,1773288116355,2026-03-12,0.09214661590201277
dogecoin,1773291684347,2026-03-12,0.09201334539004591
dogecoin,1773295339146,2026-03-12,0.09202590609674198
dogecoin,1773299029503,2026-03-12,0.09207471648582134
dogecoin,1773302599846,2026-03-12,0.09276701943806918
dogecoin,1773306166222,2026-03-12,0.09286438927198123
dogecoin,1773309684666,2026-03-12,0.09309657541240302
dogecoin,1773313385235,2026-03-12,0.09433225610990105
dogecoin,1773316908684,2026-03-12,0.09462370104574448
dogecoin,1773320440601,2026-03-12,0.09524629634450672
dogecoin,1773324153320,2026-03-12,0.09468717798512725
dogecoin,1773327809585,2026-03-12,0.09357946865147193
dogecoin,1773331411763,2026-03-12,0.09408204739988661
dogecoin,1773334817437,2026-03-12,0.09458199642421004
dogecoin,1773338619125,2026-03-12,0.0944688095401984
dogecoin,1773342172189,2026-03-12,0.09391773605574129
dogecoin,1773345730367,2026-03-12,0.09447113248050462
dogecoin,1773349217583,2026-03-12,0.09423217538594336
dogecoin,1773352822512,2026-03-12,0.09452192947376979
dogecoin,1773356552909,2026-03-12,0.09434063276951273
dogecoin,1773360141561,2026-03-13,0.09473888868100762
dogecoin,1773363777987,2026-03-13,0.09666686895767118
dogecoin,1773367286507,2026-03-13,0.09704343627055277
dogecoin,1773371020960,2026-03-13,0.09595672027069226
dogecoin,1773374592787,2026-03-13,0.09672618288454586
dogecoin,1773378146518,2026-03-13,0.09625302890768753
dogecoin,1773381742319,2026-03-13,0.09659222418416062
dogecoin,1773385333376,2026-03-13,0.09662009948291635
dogecoin,1773388975988,2026-03-13,0.09648349054119967
dogecoin,1773392494244,2026-03-13,0.09736703697184015
dogecoin,1773396169903,2026-03-13,0.0986852598181982
dogecoin,1773399773293,2026-03-13,0.09918528228482941
dogecoin,1773403414927,2026-03-13,0.10007421017533918
dogecoin,1773407000280,2026-03-13,0.1010431008538141
dogecoin,1773410560639,2026-03-13,0.10036965743448338
dogecoin,1773414152437,2026-03-13,0.09786778022060892
dogecoin,1773417842615,2026-03-13,0.09802822638800017
dogecoin,1773421376262,2026-03-13,0.09793560844836567
dogecoin,1773425029670,2026-03-13,0.09603402309480379
dogecoin,1773428623748,2026-03-13,0.09587373153697072
dogecoin,1773432195305,2026-03-13,0.09608513906652832
dogecoin,1773435689756,2026-03-13,0.09647117214884375
dogecoin,1773439286350,2026-03-13,0.0963157534347997
dogecoin,1773442970143,2026-03-13,0.09593235716294954
dogecoin,1773446557961,2026-03-14,0.09595042718321317
dogecoin,1773450186721,2026-03-14,0.09541499092424277
dogecoin,1773453668165,2026-03-14,0.09572178749088871
dogecoin,1773457398351,2026-03-14,0.09579929216906079
dogecoin,1773460961544,2026-03-14,0.09601206187538167
dogecoin,1773464554404,2026-03-14,0.09583330907587694
dogecoin,1773468179304,2026-03-14,0.09567303681932024
dogecoin,1773471798638,2026-03-14,0.09471441263151652
dogecoin,1773475236731,2026-03-14,0.0946523061238436
dogecoin,1773478816179,2026-03-14,0.0944881405719034
dogecoin,1773482532703,2026-03-14,0.09424734952066909
dogecoin,1773486149279,2026-03-14,0.09439009958279096
dogecoin,1773489705914,2026-03-14,0.09529971822343923
dogecoin,1773493324864,2026-03-14,0.09494416747821455
dogecoin,1773496888110,2026-03-14,0.09527886144031425
dogecoin,1773500591712,2026-03-14,0.09464896453614967
dogecoin,1773504115615,2026-03-14,0.0949415461093009
dogecoin,1773507768751,2026-03-14,0.09533484478647423
dogecoin,1773511292700,2026-03-14,0.09473542179611724
dogecoin,1773514913787,2026-03-14,0.09470164220209001
dogecoin,1773518466668,2026-03-14,0.09477383182719966
dogecoin,1773522174000,2026-03-14,0.09484848443097879
dogecoin,1773525771961,2026-03-14,0.09506972433531395
dogecoin,1773529423638,2026-03-14,0.09513489740912597
dogecoin,1773533043578,2026-03-15,0.09601170785528544
dogecoin,1773536807805,2026-03-15,0.0956487528934069
dogecoin,1773540556683,2026-03-15,0.09577881458279158
dogecoin,1773543692845,2026-03-15,0.09698854632069244
dogecoin,1773547491068,2026-03-15,0.09601286193708644
dogecoin,1773551323164,2026-03-15,0.09588250998061086
dogecoin,1773554935696,2026-03-15,0.09613122983419513
dogecoin,1773558571688,2026-03-15,0.09574423937752109
dogecoin,1773561773541,2026-03-15,0.0956288716780756
dogecoin,1773565322115,2026-03-15,0.09645747774375002
dogecoin,1773568877074,2026-03-15,0.0962077250939653
dogecoin,1773572502568,2026-03-15,0.09628017861939372
dogecoin,1773576136790,2026-03-15,0.09646001278773754
dogecoin,1773579682370,2026-03-15,0.09638841738719618
dogecoin,1773583354651,2026-03-15,0.09513975379634611
dogecoin,1773586896606,2026-03-15,0.09553174774160264
dogecoin,1773590580820,2026-03-15,0.09502407490741731
dogecoin,1773594122986,2026-03-15,0.09475035161658388
dogecoin,1773597659624,2026-03-15,0.09552788519556377
dogecoin,1773601379555,2026-03-15,0.09477678391965007
dogecoin,1773605007469,2026-03-15,0.09517107228681078
dogecoin,1773608636999,2026-03-15,0.09540356046196802
dogecoin,1773612204396,2026-03-15,0.09582144924744969
dogecoin,1773615796214,2026-03-15,0.09740767438221559
dogecoin,1773619412440,2026-03-16,0.0973486739612049
dogecoin,1773622980915,2026-03-16,0.09798818008261212
dogecoin,1773626607062,2026-03-16,0.09771235025541064
dogecoin,1773630217058,2026-03-16,0.0980622835836945
dogecoin,1773633811145,2026-03-16,0.10003355363705828
dogecoin,1773637374799,2026-03-16,0.10064751748584175
dogecoin,1773641062650,2026-03-16,0.1015831215735301
dogecoin,1773644671740,2026-03-16,0.10177748380494868
dogecoin,1773648196298,2026-03-16,0.10221954159174186
dogecoin,1773651766204,2026-03-16,0.10050599209011266
dogecoin,1773655326875,2026-03-16,0.1012075849074081
dogecoin,1773658935308,2026-03-16,0.10044114531152756
dogecoin,1773662534316,2026-03-16,0.0999882246850483
dogecoin,1773666050390,2026-03-16,0.10002799008649922
dogecoin,1773669741144,2026-03-16,0.10037917736948686
dogecoin,1773673333168,2026-03-16,0.10243535120366828
dogecoin,1773676923576,2026-03-16,0.10014104237221164
dogecoin,1773680527448,2026-03-16,0.10119761339408688
dogecoin,1773684004755,2026-03-16,0.10145339535865365
dogecoin,1773687763200,2026-03-16,0.10180602236577668
dogecoin,1773691392381,2026-03-16,0.10193885483369024
dogecoin,1773695014269,2026-03-16,0.10167652098454807
dogecoin,1773698615999,2026-03-16,0.10206518085381021
dogecoin,1773702187800,2026-03-16,0.1031451740274281
dogecoin,1773705758435,2026-03-17,0.10314689808824408
dogecoin,1773709355345,2026-03-17,0.10285586098327879
dogecoin,1773712958627,2026-03-17,0.10308168110549001
dogecoin,1773716620613,2026-03-17,0.10369798252542563
dogecoin,1773720129163,2026-03-17,0.10111921600865022
dogecoin,1773723782277,2026-03-17,0.10053304017512459
dogecoin,1773727434292,2026-03-17,0.10006584858892625
dogecoin,1773731071914,2026-03-17,0.10007236501283151
dogecoin,1773734444282,2026-03-17,0.1005540990213249
dogecoin,1773738043315,2026-03-17,0.10108456275706564
dogecoin,1773741771684,2026-03-17,0.10069787582857374
dogecoin,1773745337560,2026-03-17,0.10020027685973427
dogecoin,1773748985507,2026-03-17,0.10017801025234206
dogecoin,1773752576582,2026-03-17,0.09887485212747917
dogecoin,1773756149899,2026-03-17,0.09881158461165898
dogecoin,1773759786619,2026-03-17,0.09958823214074658
dogecoin,1773763458059,2026-03-17,0.09969549750845524
dogecoin,1773767053535,2026-03-17,0.09997142622882939
dogecoin,1773770617857,2026-03-17,0.10057425351800409
dogecoin,1773774141618,2026-03-17,0.1009865627791261
dogecoin,1773777688253,2026-03-17,0.10028843127861815
dogecoin,1773781301678,2026-03-17,0.10051234082459604
dogecoin,1773784972506,2026-03-17,0.10112210418461981
dogecoin,1773788560440,2026-03-17,0.10089207024232262
dogecoin,1773792106007,2026-03-18,0.10018317731034453
dogecoin,1773795768684,2026-03-18,0.10011905895474614
dogecoin,1773799406004,2026-03-18,0.10043703307504206
dogecoin,1773803000643,2026-03-18,0.10097864245790639
dogecoin,1773806559684,2026-03-18,0.10107678487708958
dogecoin,1773810180136,2026-03-18,0.10016206972563935
dogecoin,1773813670125,2026-03-18,0.10035376897643648
dogecoin,1773817417616,2026-03-18,0.10023328310823812
dogecoin,1773820983170,2026-03-18,0.09952087062952257
dogecoin,1773824581372,2026-03-18,0.09974288736292325
dogecoin,1773828181729,2026-03-18,0.09981498247052886
dogecoin,1773831752173,2026-03-18,0.09917566807026523
dogecoin,1773835416466,2026-03-18,0.09691457306166332
dogecoin,1773838822790,2026-03-18,0.09601451295445608
dogecoin,1773842588082,2026-03-18,0.0957588896070945
dogecoin,1773846152416,2026-03-18,0.09456215474606473
dogecoin,1773849743010,2026-03-18,0.09437786542071304
dogecoin,1773853325171,2026-03-18,0.09391650080220205
dogecoin,1773856982698,2026-03-18,0.09441951489228465
dogecoin,1773860599346,2026-03-18,0.09450359776154936
dogecoin,1773864177490,2026-03-18,0.09464607763496388
dogecoin,1773867617588,2026-03-18,0.09495007629285347
dogecoin,1773871394976,2026-03-18,0.09535807756750563
dogecoin,1773874963672,2026-03-18,0.09495973850304015
dogecoin,1773878551908,2026-03-19,0.09520916834515473
dogecoin,1773882219676,2026-03-19,0.09507989910137288
dogecoin,1773885617281,2026-03-19,0.09500096521828044
dogecoin,1773889399219,2026-03-19,0.09458360944441874
dogecoin,1773892825621,2026-03-19,0.09546429594139275
dogecoin,1773896609199,2026-03-19,0.09484403668747445
dogecoin,1773900142583,2026-03-19,0.09452717145509532
dogecoin,1773903842696,2026-03-19,0.09457908385694297
dogecoin,1773907365591,2026-03-19,0.09443829589400525
dogecoin,1773910842944,2026-03-19,0.09428500397683552
dogecoin,1773914565162,2026-03-19,0.0950692239835722
dogecoin,1773918184487,2026-03-19,0.09421977630566984
dogecoin,1773921809911,2026-03-19,0.0939808629695337
dogecoin,1773925313565,2026-03-19,0.092709857345735
dogecoin,1773928825211,2026-03-19,0.09336779736278715
dogecoin,1773932544934,2026-03-19,0.09317485321429045
dogecoin,1773936161743,2026-03-19,0.0928922128347367
dogecoin,1773939745387,2026-03-19,0.09235381789438257
dogecoin,1773943373302,2026-03-19,0.09287320740857599
dogecoin,1773946871754,2026-03-19,0.09264848632472115
dogecoin,1773950491565,2026-03-19,0.09338392150111662
dogecoin,1773954086138,2026-03-19,0.0935821367339567
dogecoin,1773957720145,2026-03-19,0.09367845100956691
dogecoin,1773961385486,2026-03-19,0.09325906005577174
dogecoin,1773964900479,2026-03-20,0.09351580689530896
dogecoin,1773968561692,2026-03-20,0.09391155416789666
dogecoin,1773972164230,2026-03-20,0.09435911181528338
dogecoin,1773975760033,2026-03-20,0.09402266756423504
dogecoin,1773979222367,2026-03-20,0.09413167833336374
dogecoin,1773982963739,2026-03-20,0.09444479784884524
dogecoin,1773986582334,2026-03-20,0.09477561553576777
dogecoin,1773990191915,2026-03-20,0.09441546724753018
dogecoin,1773993645579,2026-03-20,0.09410465876595152
dogecoin,1773997388158,2026-03-20,0.09454510502055166
dogecoin,1774000989969,2026-03-20,0.09389761872020697
dogecoin,1774004571826,2026-03-20,0.09439767957166198
dogecoin,1774008137872,2026-03-20,0.0939534744207803
dogecoin,1774011600775,2026-03-20,0.09381829077687669
dogecoin,1774015353147,2026-03-20,0.09347244041749908
dogecoin,1774018830260,2026-03-20,0.09374944896475877
dogecoin,1774022561623,2026-03-20,0.09410667119384958
dogecoin,1774026185303,2026-03-20,0.09393955069113664
dogecoin,1774029765369,2026-03-20,0.09383584324669365
dogecoin,1774033361688,2026-03-20,0.09353555541763121
dogecoin,1774036954530,2026-03-20,0.09362725329264286
dogecoin,1774040590575,2026-03-20,0.09367120415793641
dogecoin,1774044210526,2026-03-20,0.09419926942377044
dogecoin,1774047773664,2026-03-20,0.09439614228518432
dogecoin,1774051346551,2026-03-21,0.09417317250416435
dogecoin,1774054936953,2026-03-21,0.0943237755846483
dogecoin,1774058517692,2026-03-21,0.0940282305273737
dogecoin,1774062144784,2026-03-21,0.09474012677873574
dogecoin,1774065690420,2026-03-21,0.0947439959671142
dogecoin,1774069337247,2026-03-21,0.09461915053515042
dogecoin,1774073204483,2026-03-21,0.09478944669898186
dogecoin,1774076494430,2026-03-21,0.09457424376721615
dogecoin,1774080094115,2026-03-21,0.09434593053311717
dogecoin,1774084053493,2026-03-21,0.0943899110658971
dogecoin,1774087424163,2026-03-21,0.09429705062864381
dogecoin,1774091004682,2026-03-21,0.09392618312985165
dogecoin,1774094604790,2026-03-21,0.0939682869826068
dogecoin,1774098231141,2026-03-21,0.09395685230812588
dogecoin,1774101826552,2026-03-21,0.09369521929375922
dogecoin,1774105379341,2026-03-21,0.09370955042867614
dogecoin,1774108923187,2026-03-21,0.09445466658614854
dogecoin,1774112801368,2026-03-21,0.09426255969474122
dogecoin,1774116297483,2026-03-21,0.09409136416948426
dogecoin,1774119972363,2026-03-21,0.09404367052437512
dogecoin,1774123272369,2026-03-21,0.09405473767630995
dogecoin,1774127075309,2026-03-21,0.09432278385933253
dogecoin,1774130628203,2026-03-21,0.09414558992118371
dogecoin,1774134202759,2026-03-21,0.09401254492785796
dogecoin,1774137830506,2026-03-22,0.09144095046325598
dogecoin,1774141415633,2026-03-22,0.09140685008608758
dogecoin,1774145094775,2026-03-22,0.09142330364333424
dogecoin,1774148608944,2026-03-22,0.0920494700990579
dogecoin,1774152292207,2026-03-22,0.09234696378729657
dogecoin,1774155824802,2026-03-22,0.0926607804595594
dogecoin,1774159403103,2026-03-22,0.09216202508752393
dogecoin,1774163088493,2026-03-22,0.09187053410714925
dogecoin,1774166673949,2026-03-22,0.09142900752542976
dogecoin,1774170275500,2026-03-22,0.0911438032254267
dogecoin,1774173803271,2026-03-22,0.09124588113036083
dogecoin,1774177391253,2026-03-22,0.09099042153035238
dogecoin,1774181007358,2026-03-22,0.09108379202765815
dogecoin,1774184566129,2026-03-22,0.09148845601473758
dogecoin,1774188214974,2026-03-22,0.09135275548765164
dogecoin,1774191766213,2026-03-22,0.091423449276932
dogecoin,1774195342932,2026-03-22,0.09156662629487473
dogecoin,1774198979551,2026-03-22,0.09166390315826647
dogecoin,1774202573604,2026-03-22,0.09150413553952418
dogecoin,1774206186285,2026-03-22,0.09074602304907173
dogecoin,1774209770381,2026-03-22,0.09048858150740471
dogecoin,1774213222610,2026-03-22,0.09025636548656042
dogecoin,1774216887004,2026-03-22,0.08986984653028379
dogecoin,1774220523908,2026-03-22,0.09047079335596486
dogecoin,1774224173187,2026-03-23,0.0901209961867004
dogecoin,1774227757773,2026-03-23,0.09032317352668062
dogecoin,1774231397417,2026-03-23,0.09057698989716717
dogecoin,1774234923862,2026-03-23,0.09094308066041679
dogecoin,1774238525811,2026-03-23,0.09066654393440643
dogecoin,1774242148547,2026-03-23,0.09099514148328708
dogecoin,1774245641592,2026-03-23,0.09086523467240838
dogecoin,1774249376463,2026-03-23,0.09031063466946265
dogecoin,1774252940729,2026-03-23,0.09045783347325075
dogecoin,1774256539036,2026-03-23,0.0899825891622959
dogecoin,1774260182776,2026-03-23,0.08982921849016447
dogecoin,1774263771501,2026-03-23,0.08995286313634669
dogecoin,1774267376633,2026-03-23,0.09262325753542648
dogecoin,1774270800400,2026-03-23,0.09323759406913434
dogecoin,1774274606197,2026-03-23,0.09415893337674945
dogecoin,1774278160397,2026-03-23,0.09464532912771481
dogecoin,1774281776480,2026-03-23,0.09395150657060919
dogecoin,1774285390202,2026-03-23,0.09390632123976804
dogecoin,1774288998121,2026-03-23,0.0949117632357151
dogecoin,1774292609674,2026-03-23,0.09536654324712011
dogecoin,1774296224075,2026-03-23,0.09485865064348638
dogecoin,1774299861469,2026-03-23,0.0949975152643555
dogecoin,1774303404219,2026-03-23,0.09497709760095356
dogecoin,1774306985263,2026-03-23,0.09428400014431909
dogecoin,1774310598541,2026-03-24,0.09410396883700077
dogecoin,1774314232507,2026-03-24,0.09370839877587483
dogecoin,1774317783239,2026-03-24,0.09315870534483113
dogecoin,1774321428395,2026-03-24,0.093123484844393
dogecoin,1774324970867,2026-03-24,0.0936794460717872
dogecoin,1774328566095,2026-03-24,0.09359212310366029
dogecoin,1774332135671,2026-03-24,0.09355806238930599
dogecoin,1774335612232,2026-03-24,0.09357408466683678
dogecoin,1774339306826,2026-03-24,0.09503457130346604
dogecoin,1774342898580,2026-03-24,0.09512628445305138
dogecoin,1774346494426,2026-03-24,0.09503302635799082
dogecoin,1774350099987,2026-03-24,0.09410385509236753
dogecoin,1774353712731,2026-03-24,0.09415910634365239
dogecoin,1774357316936,2026-03-24,0.09437728617838385
dogecoin,1774360901507,2026-03-24,0.09364960873849656
dogecoin,1774364501275,2026-03-24,0.09335564887733501
dogecoin,1774368098656,2026-03-24,0.09339632097361086
dogecoin,1774371624257,2026-03-24,0.09333211793599779
dogecoin,1774375335419,2026-03-24,0.09261787784033122
dogecoin,1774378897247,2026-03-24,0.09290560314337075
dogecoin,1774382492340,2026-03-24,0.09303608734192603
dogecoin,1774386126072,2026-03-24,0.0945735717997462
dogecoin,1774389672425,2026-03-24,0.09446187665912541
dogecoin,1774393221938,2026-03-24,0.09462313359652733
dogecoin,1774396879377,2026-03-25,0.09509997808303867
dogecoin,1774400446904,2026-03-25,0.09505514277842125
dogecoin,1774404114421,2026-03-25,0.09518283489716942
dogecoin,1774407727894,2026-03-25,0.09470522699662574
dogecoin,1774411296253,2026-03-25,0.09515993181697079
dogecoin,1774414904016,2026-03-25,0.09533506653434015
dogecoin,1774418511869,2026-03-25,0.09622942203819405
dogecoin,1774422036732,2026-03-25,0.09719310502727624
dogecoin,1774425727932,2026-03-25,0.0968055551454404
dogecoin,1774429259232,2026-03-25,0.09704503676043992
dogecoin,1774432844508,2026-03-25,0.09672335231586315
dogecoin,1774436546018,2026-03-25,0.09698053337990753
dogecoin,1774440151315,2026-03-25,0.09694443633121104
dogecoin,1774443702460,2026-03-25,0.09739871296215447
dogecoin,1774447362712,2026-03-25,0.09736540024954658
dogecoin,1774450901999,2026-03-25,0.09704933477564999
dogecoin,1774454514102,2026-03-25,0.09598295420988817
dogecoin,1774458152181,2026-03-25,0.09666854077439883
dogecoin,1774461769946,2026-03-25,0.09622801691427071
dogecoin,1774465388368,2026-03-25,0.09615230255444072
dogecoin,1774468976099,2026-03-25,0.09634683710938759
dogecoin,1774472488193,2026-03-25,0.09615380662544155
dogecoin,1774476173481,2026-03-25,0.09611288374946397
dogecoin,1774479775715,2026-03-25,0.0963712341403262
dogecoin,1774483407835,2026-03-26,0.09610987390908682
dogecoin,1774486994330,2026-03-26,0.09583883122066776
dogecoin,1774490550933,2026-03-26,0.09563882187588374
dogecoin,1774494229258,2026-03-26,0.0947787320290182
dogecoin,1774497796562,2026-03-26,0.09455341072588745
dogecoin,1774501340960,2026-03-26,0.09427038713045634
dogecoin,1774505009746,2026-03-26,0.0927704023350923
dogecoin,1774508548015,2026-03-26,0.09259928096830056
dogecoin,1774512052316,2026-03-26,0.09274635811190816
dogecoin,1774515674887,2026-03-26,0.09226446081797277
dogecoin,1774519238608,2026-03-26,0.09151253771581673
dogecoin,1774522956204,2026-03-26,0.0917354749621072
dogecoin,1774526591886,2026-03-26,0.091321334915989
dogecoin,1774530054353,2026-03-26,0.09154190472491441
dogecoin,1774533733288,2026-03-26,0.09178979237734275
dogecoin,1774537366904,2026-03-26,0.09152681268181236
dogecoin,1774540952280,2026-03-26,0.09098366766755024
dogecoin,1774544536525,2026-03-26,0.09098642883340956
dogecoin,1774548054592,2026-03-26,0.09109332845043962
dogecoin,1774551740244,2026-03-26,0.09100621216420338
dogecoin,1774555380614,2026-03-26,0.09113286210962938
dogecoin,1774558980716,2026-03-26,0.09172214809237726
dogecoin,1774562565031,2026-03-26,0.09236569249687121
dogecoin,1774566120664,2026-03-26,0.0920180333077005
dogecoin,1774569719303,2026-03-27,0.09201728462962264
dogecoin,1774573313500,2026-03-27,0.09195090472670944
dogecoin,1774576929679,2026-03-27,0.09238017916074767
dogecoin,1774580624652,2026-03-27,0.09237449733501585
dogecoin,1774584106858,2026-03-27,0.09190694030932797
dogecoin,1774587742467,2026-03-27,0.09189693242299697
dogecoin,1774591253593,2026-03-27,0.0918627029115908
dogecoin,1774594854465,2026-03-27,0.0919221191366436
dogecoin,1774598526136,2026-03-27,0.0921225310163436
dogecoin,1774602129458,2026-03-27,0.09179759093081341
dogecoin,1774605674679,2026-03-27,0.09103624789092275
dogecoin,1774609355568,2026-03-27,0.08973858060020586
dogecoin,1774612835327,2026-03-27,0.09007801884453644
dogecoin,1774616518192,2026-03-27,0.09009891043364611
dogecoin,1774620149127,2026-03-27,0.08987781835826437
dogecoin,1774623688439,2026-03-27,0.08986849522238809
dogecoin,1774627309598,2026-03-27,0.09039249003269596
dogecoin,1774630812817,2026-03-27,0.0901574073885772
dogecoin,1774634531724,2026-03-27,0.0897886540040126
dogecoin,1774638112443,2026-03-27,0.08995650003109662
dogecoin,1774641717550,2026-03-27,0.09001694883161279
dogecoin,1774645270111,2026-03-27,0.08999664808210388
dogecoin,1774648898843,2026-03-27,0.08994551162070084
dogecoin,1774652469762,2026-03-27,0.0899715071095583
dogecoin,1774656122443,2026-03-28,0.09001880719677081
dogecoin,1774659743611,2026-03-28,0.09020990994030956
dogecoin,1774663274467,2026-03-28,0.09032046198968594
dogecoin,1774666930233,2026-03-28,0.09013819931945075
dogecoin,1774670553753,2026-03-28,0.08983700128970704
dogecoin,1774674115259,2026-03-28,0.08996784347201216
dogecoin,1774677738570,2026-03-28,0.09023174101948679
dogecoin,1774681307162,2026-03-28,0.09031412996050178
dogecoin,1774684936811,2026-03-28,0.09102694350616979
dogecoin,1774688409513,2026-03-28,0.0910620895313229
dogecoin,1774692156242,2026-03-28,0.0909393733086428
dogecoin,1774695622399,2026-03-28,0.09104060665924836
dogecoin,1774699309892,2026-03-28,0.09139102069509861
dogecoin,1774702947140,2026-03-28,0.09135684511954595
dogecoin,1774706539038,2026-03-28,0.092540265675474
dogecoin,1774710135066,2026-03-28,0.0936283265710172
dogecoin,1774713729772,2026-03-28,0.09406259114506679
dogecoin,1774717261249,2026-03-28,0.09290916317426637
dogecoin,1774720913719,2026-03-28,0.09248811634419972
dogecoin,1774724526048,2026-03-28,0.09256504509453442
dogecoin,1774728153967,2026-03-28,0.09216008581423255
dogecoin,1774731614550,2026-03-28,0.09209668839056931
dogecoin,1774735329706,2026-03-28,0.09181811516786527
dogecoin,1774738885087,2026-03-28,0.09162095632104827
dogecoin,1774742425125,2026-03-29,0.09083113630486371
dogecoin,1774746126280,2026-03-29,0.0907770623747623
dogecoin,1774749745185,2026-03-29,0.09106095414788501
dogecoin,1774753395710,2026-03-29,0.09122539224727115
dogecoin,1774756846844,2026-03-29,0.09136060200348271
dogecoin,1774760651352,2026-03-29,0.09108774681684927
dogecoin,1774764021323,2026-03-29,0.0910123544781358
dogecoin,1774767645525,2026-03-29,0.09131051486043976
dogecoin,1774771315017,2026-03-29,0.09113811716736755
dogecoin,1774774994929,2026-03-29,0.09110545285102059
dogecoin,1774778534248,2026-03-29,0.09086213184287582
dogecoin,1774782174721,2026-03-29,0.09057401083518896
dogecoin,1774785758230,2026-03-29,0.09095928442832257
dogecoin,1774789425760,2026-03-29,0.09085061833528688
dogecoin,1774792949119,2026-03-29,0.0903486331517632
dogecoin,1774796593955,2026-03-29,0.09036076932016865
dogecoin,1774800176116,2026-03-29,0.0901185073685077
dogecoin,1774803729972,2026-03-29,0.09014423903947864
dogecoin,1774807341407,2026-03-29,0.09029976212544416
dogecoin,1774810845249,2026-03-29,0.09052209079286176
dogecoin,1774814535545,2026-03-29,0.09050572153963442
dogecoin,1774818167581,2026-03-29,0.09092387520611445
dogecoin,1774821779804,2026-03-29,0.091316696263216
dogecoin,1774825414136,2026-03-29,0.089592332845359
dogecoin,1774828944561,2026-03-30,0.09038959307257163
dogecoin,1774832609861,2026-03-30,0.09111967139043461
dogecoin,1774836141387,2026-03-30,0.09147699130543668
dogecoin,1774839745853,2026-03-30,0.0923811525386055
dogecoin,1774843314988,2026-03-30,0.0923613471019256
dogecoin,1774846916376,2026-03-30,0.09289243362012428
dogecoin,1774850423515,2026-03-30,0.09309229021063137
dogecoin,1774854039797,2026-03-30,0.0925695985689406
dogecoin,1774857729144,2026-03-30,0.09324501929802705
dogecoin,1774861337239,2026-03-30,0.09318575015184381
dogecoin,1774864935048,2026-03-30,0.09264805158530973
dogecoin,1774868591191,2026-03-30,0.09262069346555786
dogecoin,1774872174462,2026-03-30,0.09283889233249534
dogecoin,1774875750499,2026-03-30,0.09289560922748531
dogecoin,1774879332391,2026-03-30,0.09279179573022431
dogecoin,1774882968071,2026-03-30,0.09288485954917278
dogecoin,1774886561368,2026-03-30,0.09290730668022913
dogecoin,1774890163298,2026-03-30,0.09256496811409058
dogecoin,1774893775954,2026-03-30,0.09157574230576537
dogecoin,1774897268621,2026-03-30,0.09090981887942516
dogecoin,1774900944813,2026-03-30,0.0908792352383126
dogecoin,1774904561456,2026-03-30,0.09087704404077784
dogecoin,1774908049175,2026-03-30,0.09132389268569202
dogecoin,1774911743590,2026-03-30,0.09099576282469354
dogecoin,1774915358997,2026-03-31,0.09072058453919025
dogecoin,1774918949674,2026-03-31,0.09102475743537124
dogecoin,1774922588597,2026-03-31,0.09217104259003309
dogecoin,1774926259933,2026-03-31,0.09205008828151134
dogecoin,1774929776331,2026-03-31,0.0915955889342748
dogecoin,1774933406670,2026-03-31,0.09139978046332356
dogecoin,1774937007777,2026-03-31,0.09133506630039583
dogecoin,1774940534673,2026-03-31,0.091548919250106
dogecoin,1774944167271,2026-03-31,0.09125576170982434
dogecoin,1774947727192,2026-03-31,0.09074056332854195
dogecoin,1774951393491,2026-03-31,0.08961969489677005
dogecoin,1774954862352,2026-03-31,0.0899936770356509
dogecoin,1774958565450,2026-03-31,0.09023487252233418
dogecoin,1774962152325,2026-03-31,0.09026763080023657
dogecoin,1774965750665,2026-03-31,0.09120281967782574
dogecoin,1774969217516,2026-03-31,0.09035136816932085
dogecoin,1774972922400,2026-03-31,0.09047118782465396
dogecoin,1774976547326,2026-03-31,0.0914377174878369
dogecoin,1774980063503,2026-03-31,0.09136202251580315
dogecoin,1774983767179,2026-03-31,0.0920477081001846
dogecoin,1774987366653,2026-03-31,0.09201203279172207
dogecoin,1774990924436,2026-03-31,0.09248282906556458
dogecoin,1774994416922,2026-03-31,0.092370096537526
dogecoin,1774998185488,2026-03-31,0.09168431241644187
dogecoin,1775001733326,2026-04-01,0.09223026077053183
dogecoin,1775005384155,2026-04-01,0.09251656863888635
dogecoin,1775008823611,2026-04-01,0.09184521040774933
dogecoin,1775012564742,2026-04-01,0.09173022505033726
dogecoin,1775016016851,2026-04-01,0.09234160204885858
dogecoin,1775019807373,2026-04-01,0.09231260615049236
dogecoin,1775023327355,2026-04-01,0.09309476167428452
dogecoin,1775027020564,2026-04-01,0.09410306442464743
dogecoin,1775030428501,2026-04-01,0.09326945547287424
dogecoin,1775034166991,2026-04-01,0.09252697836203454
dogecoin,1775037684636,2026-04-01,0.09238415402141094
dogecoin,1775041355551,2026-04-01,0.09240410104301326
dogecoin,1775044930270,2026-04-01,0.09254587754415532
dogecoin,1775048508904,2026-04-01,0.09263498008213616
dogecoin,1775052115745,2026-04-01,0.09238770036177063
dogecoin,1775055715961,2026-04-01,0.09284339429500457
dogecoin,1775059323924,2026-04-01,0.09299104155308621
dogecoin,1775062977254,2026-04-01,0.09339934095670398
dogecoin,1775066574890,2026-04-01,0.09280460128434952
dogecoin,1775070187626,2026-04-01,0.09247741711867985
dogecoin,1775073741925,2026-04-01,0.09282239497892418
dogecoin,1775077381796,2026-04-01,0.09267583267728151
dogecoin,1775080942123,2026-04-01,0.09301560651765187
dogecoin,1775084507263,2026-04-01,0.09242565467369095
dogecoin,1775088143518,2026-04-02,0.09219404550733233
dogecoin,1775091647030,2026-04-02,0.09257948137688791
dogecoin,1775095331645,2026-04-02,0.09062573384998128
dogecoin,1775098966504,2026-04-02,0.09008902260538791
dogecoin,1775102586307,2026-04-02,0.08996903741194648
dogecoin,1775106149659,2026-04-02,0.08972939521689602
dogecoin,1775109790167,2026-04-02,0.09003574382895403
dogecoin,1775113341684,2026-04-02,0.0900457605085344
dogecoin,1775116901257,2026-04-02,0.09024605786293129
dogecoin,1775120561288,2026-04-02,0.09010454711702326
dogecoin,1775124018043,2026-04-02,0.0903205819811517
dogecoin,1775127721136,2026-04-02,0.08991255012103416
dogecoin,1775131354369,2026-04-02,0.08995006470354697
dogecoin,1775134974842,2026-04-02,0.08943700487518386
dogecoin,1775138562302,2026-04-02,0.08960637053588727
dogecoin,1775142152527,2026-04-02,0.09057177628114031
dogecoin,1775145788933,2026-04-02,0.09028343159417722
dogecoin,1775149350880,2026-04-02,0.09024120466524348
dogecoin,1775152905472,2026-04-02,0.08984934286011828
dogecoin,1775156564219,2026-04-02,0.09018854829412139
dogecoin,1775160115832,2026-04-02,0.09025925867134119
dogecoin,1775163712745,2026-04-02,0.09059445177546713
dogecoin,1775167364180,2026-04-02,0.09045137329737046
dogecoin,1775170980146,2026-04-02,0.09046145572828218
dogecoin,1775174460196,2026-04-03,0.0903875706486334
dogecoin,1775178155835,2026-04-03,0.09025189346667788
dogecoin,1775181792724,2026-04-03,0.09028015513174703
dogecoin,1775185426377,2026-04-03,0.09030603238230338
dogecoin,1775188952455,2026-04-03,0.09057647531467058
dogecoin,1775192550134,2026-04-03,0.09067488041496412
dogecoin,1775196168524,2026-04-03,0.09126413125872862
dogecoin,1775199777088,2026-04-03,0.09118572812755232
dogecoin,1775203378477,2026-04-03,0.09115929842320476
dogecoin,1775206940546,2026-04-03,0.09138926854807279
dogecoin,1775210574136,2026-04-03,0.0914196388972405
dogecoin,1775214149239,2026-04-03,0.09144250333456728
dogecoin,1775217695264,2026-04-03,0.09145755872824722
dogecoin,1775221363377,2026-04-03,0.09130408809875244
dogecoin,1775224873207,2026-04-03,0.09129306147709525
dogecoin,1775228562722,2026-04-03,0.09158365693246942
dogecoin,1775232191938,2026-04-03,0.09151984389635676
dogecoin,1775235800377,2026-04-03,0.09193323402064338
dogecoin,1775239379980,2026-04-03,0.0920546233597253
dogecoin,1775242821351,2026-04-03,0.09185748352193955
dogecoin,1775246442292,2026-04-03,0.09178750582009208
dogecoin,1775250247456,2026-04-03,0.09196542608149261
dogecoin,1775253983611,2026-04-03,0.09208976517212401
dogecoin,1775257427733,2026-04-03,0.09164157288531112
dogecoin,1775261051505,2026-04-04,0.09154434347228048
dogecoin,1775264404632,2026-04-04,0.09143709706538779
dogecoin,1775269157464,2026-04-04,0.09106297166669765
dogecoin,1775272663959,2026-04-04,0.09125996237248593
dogecoin,1775276735254,2026-04-04,0.0912444446951088
dogecoin,1775280591830,2026-04-04,0.09117584242025396
dogecoin,1775285540787,2026-04-04,0.09128279472226256
dogecoin,1775288187807,2026-04-04,0.09124499612039556
dogecoin,1775291905997,2026-04-04,0.09118325645041439
dogecoin,1775297912154,2026-04-04,0.09086769337323647
dogecoin,1775300013678,2026-04-04,0.09101308397530689
dogecoin,1775300490214,2026-04-04,0.09100533762993995
dogecoin,1775304141047,2026-04-04,0.09114798602075415
dogecoin,1775307749772,2026-04-04,0.09093836300363983
dogecoin,1775311336490,2026-04-04,0.09099435750716672
dogecoin,1775315013328,2026-04-04,0.09109242581222476
dogecoin,1775318583277,2026-04-04,0.09169597816596224
dogecoin,1775322188194,2026-04-04,0.09192881062759123
dogecoin,1775325792099,2026-04-04,0.09224721125704329
dogecoin,1775329334578,2026-04-04,0.09224404575886637
dogecoin,1775332875287,2026-04-04,0.09232632074886102
dogecoin,1775336581945,2026-04-04,0.09206398087405486
dogecoin,1775340156308,2026-04-04,0.09220433427144728
dogecoin,1775343780168,2026-04-04,0.09205686890578728
dogecoin,1775347328225,2026-04-05,0.0920231582661093
dogecoin,1775350918432,2026-04-05,0.09178017369605587
dogecoin,1775354483336,2026-04-05,0.09153868905644442
dogecoin,1775358108537,2026-04-05,0.09149432177728604
dogecoin,1775361748230,2026-04-05,0.09139134187361694
dogecoin,1775365336893,2026-04-05,0.0911000494397478
dogecoin,1775368984529,2026-04-05,0.09069237666344257
dogecoin,1775372591187,2026-04-05,0.09034726438780251
dogecoin,1775376197685,2026-04-05,0.09007649819349704
dogecoin,1775379791456,2026-04-05,0.09019728844620863
dogecoin,1775383387716,2026-04-05,0.09037153100512457
dogecoin,1775386980503,2026-04-05,0.09026978120200427
dogecoin,1775390648178,2026-04-05,0.09035932880810658
dogecoin,1775394252598,2026-04-05,0.08996485611935154
dogecoin,1775397849178,2026-04-05,0.09024026200934315
dogecoin,1775401432557,2026-04-05,0.09024389447644506
dogecoin,1775405004078,2026-04-05,0.09068110933445901
dogecoin,1775408622954,2026-04-05,0.09033585921721568
dogecoin,1775412197891,2026-04-05,0.0905422115389494
dogecoin,1775415789195,2026-04-05,0.09055400567216561
dogecoin,1775419349702,2026-04-05,0.09044063544821013
dogecoin,1775423027247,2026-04-05,0.09065785014257076
dogecoin,1775426568801,2026-04-05,0.09061019558497732
dogecoin,1775430168406,2026-04-05,0.09128720826793658
dogecoin,1775433831876,2026-04-06,0.09231073232152066
dogecoin,1775437414362,2026-04-06,0.0928041903748898
dogecoin,1775440913722,2026-04-06,0.09226327288620872
dogecoin,1775444930153,2026-04-06,0.09294761920515744
dogecoin,1775448119643,2026-04-06,0.09219822465229523
dogecoin,1775451738834,2026-04-06,0.09262898802453504
dogecoin,1775455337201,2026-04-06,0.09241893742538612
dogecoin,1775458971505,2026-04-06,0.09220762537514653
dogecoin,1775462612655,2026-04-06,0.09207252972137124
dogecoin,1775466091382,2026-04-06,0.09219749972732728
dogecoin,1775469711359,2026-04-06,0.0929994402936867
dogecoin,1775473415147,2026-04-06,0.09310709475671483
dogecoin,1775477024125,2026-04-06,0.09301888990773745
dogecoin,1775480626149,2026-04-06,0.09244660410959456
dogecoin,1775484150453,2026-04-06,0.0923499296389167
dogecoin,1775487807429,2026-04-06,0.09272155872589524
dogecoin,1775491375228,2026-04-06,0.09283865532690797
dogecoin,1775494995916,2026-04-06,0.0924502858205618
dogecoin,1775498569086,2026-04-06,0.09196502321836428
dogecoin,1775502143991,2026-04-06,0.0921533786722969
dogecoin,1775505620625,2026-04-06,0.09185510644773126
dogecoin,1775509421835,2026-04-06,0.09187138571319786
dogecoin,1775513114520,2026-04-06,0.09139946003256146
dogecoin,1775516588961,2026-04-06,0.09062819489201952
dogecoin,1775520174585,2026-04-07,0.09058605362996366
dogecoin,1775523853259,2026-04-07,0.09073629949077319
dogecoin,1775527383584,2026-04-07,0.09046594477536508
dogecoin,1775531043484,2026-04-07,0.09049278795995931
dogecoin,1775534535396,2026-04-07,0.09052236719012559
dogecoin,1775538136162,2026-04-07,0.09073378166498286
dogecoin,1775541773597,2026-04-07,0.09047977742596096
dogecoin,1775545236304,2026-04-07,0.09066920285612574
dogecoin,1775548948109,2026-04-07,0.09062923981784507
dogecoin,1775552624664,2026-04-07,0.09093547448028523
dogecoin,1775556223846,2026-04-07,0.0913345530808726
dogecoin,1775559754318,2026-04-07,0.09053873782597016
dogecoin,1775563388930,2026-04-07,0.0905102190885204
dogecoin,1775566981009,2026-04-07,0.0906316631120571
dogecoin,1775570566208,2026-04-07,0.09050510028659799
dogecoin,1775574256177,2026-04-07,0.0902365611422974
dogecoin,1775577740758,2026-04-07,0.09035907574507651
dogecoin,1775581416950,2026-04-07,0.09060942278166256
dogecoin,1775584985022,2026-04-07,0.09176266897739037
dogecoin,1775588610718,2026-04-07,0.09110068377553485
dogecoin,1775592182970,2026-04-07,0.09215711463332665
dogecoin,1775595781780,2026-04-07,0.09209735908126952
dogecoin,1775599442139,2026-04-07,0.09293204716523458
dogecoin,1775602972864,2026-04-07,0.09488867326423865
dogecoin,1775606634148,2026-04-08,0.09501899006301337
dogecoin,1775610181018,2026-04-08,0.09415771768669878
dogecoin,1775613761536,2026-04-08,0.09447075627534243
dogecoin,1775617444145,2026-04-08,0.09469489518695239
dogecoin,1775621018495,2026-04-08,0.09460734660322602
dogecoin,1775624439474,2026-04-08,0.09458784006899149
dogecoin,1775628167763,2026-04-08,0.09488239614358454
dogecoin,1775631773574,2026-04-08,0.09458493480195988
dogecoin,1775635357421,2026-04-08,0.0945754255164815
dogecoin,1775638844922,2026-04-08,0.09484095177888248
dogecoin,1775642524679,2026-04-08,0.09476990735386809
dogecoin,1775646135524,2026-04-08,0.0943937048460896
dogecoin,1775649719444,2026-04-08,0.09422285086480185
dogecoin,1775653314745,2026-04-08,0.09442737937961639
dogecoin,1775656816019,2026-04-08,0.09454114623320684
dogecoin,1775660469951,2026-04-08,0.0928530024559914
dogecoin,1775664149297,2026-04-08,0.0934042739972656
dogecoin,1775667712429,2026-04-08,0.09356425375228086
dogecoin,1775671307689,2026-04-08,0.09398625233811508
dogecoin,1775674908532,2026-04-08,0.09314538677048287
dogecoin,1775678534838,2026-04-08,0.09304287647746075
dogecoin,1775682105765,2026-04-08,0.0930453090848719
dogecoin,1775685713834,2026-04-08,0.0935747591886459
dogecoin,1775689364056,2026-04-08,0.09277872618635988
dogecoin,1775692951852,2026-04-09,0.09240488382284477
dogecoin,1775696524196,2026-04-09,0.0920167467778973
dogecoin,1775700116583,2026-04-09,0.09158244037532565
dogecoin,1775703815231,2026-04-09,0.09165766070079769
dogecoin,1775707228425,2026-04-09,0.0915752120848818
dogecoin,1775710915164,2026-04-09,0.09119463988929451
dogecoin,1775714677777,2026-04-09,0.09141203496359428
dogecoin,1775718182541,2026-04-09,0.09150451479521267
dogecoin,1775721741237,2026-04-09,0.09136741416396076
dogecoin,1775725298873,2026-04-09,0.09146162956414035
dogecoin,1775728961293,2026-04-09,0.09197641082325454
dogecoin,1775732571310,2026-04-09,0.09172902707181647
dogecoin,1775736113560,2026-04-09,0.09168165701731446
dogecoin,1775739637209,2026-04-09,0.09163416740117898
dogecoin,1775743415322,2026-04-09,0.09121602350353444
dogecoin,1775747030897,2026-04-09,0.0914331169519286
dogecoin,1775750574673,2026-04-09,0.09301956650385745
dogecoin,1775754139118,2026-04-09,0.09238268909274285
dogecoin,1775757775114,2026-04-09,0.09345262438378261
dogecoin,1775761342045,2026-04-09,0.09334851062898439
dogecoin,1775764982580,2026-04-09,0.0938510501962041
dogecoin,1775768551007,2026-04-09,0.09396888026237916
dogecoin,1775772125927,2026-04-09,0.09390861756969218
dogecoin,1775775821137,2026-04-09,0.09347084173145255
dogecoin,1775779336119,2026-04-10,0.09250531810662252
dogecoin,1775783012980,2026-04-10,0.09242012713552371
dogecoin,1775786551646,2026-04-10,0.09242474183719716
dogecoin,1775790142178,2026-04-10,0.09248877557604605
dogecoin,1775793677923,2026-04-10,0.09215054429904303
dogecoin,1775797363231,2026-04-10,0.09270959955875853
dogecoin,1775801055421,2026-04-10,0.09276486139602749
dogecoin,1775804619405,2026-04-10,0.09258352614091225
dogecoin,1775808222550,2026-04-10,0.09219615672783504
dogecoin,1775811856372,2026-04-10,0.09210096359101903
dogecoin,1775815348991,2026-04-10,0.09233793394102276
dogecoin,1775818937732,2026-04-10,0.0921618931582047
dogecoin,1775822521261,2026-04-10,0.09246731116014978
dogecoin,1775826464000,2026-04-10,0.09304489958318715
ethereum,1773234138930,2026-03-11,2023.4629394398958
ethereum,1773237816223,2026-03-11,2050.849093507279
ethereum,1773241411170,2026-03-11,2064.125686927166
ethereum,1773245012685,2026-03-11,2050.374673174742
ethereum,1773248558679,2026-03-11,2066.878860447783
ethereum,1773252014841,2026-03-11,2068.064535201132
ethereum,1773255820265,2026-03-11,2076.8758988735935
ethereum,1773259400491,2026-03-11,2075.593806475984
ethereum,1773262944119,2026-03-11,2069.333831413827
ethereum,1773266623364,2026-03-11,2073.043033585383
ethereum,1773270203773,2026-03-11,2063.2677032161164
ethereum,1773273756134,2026-03-12,2052.1648597026033
ethereum,1773277374262,2026-03-12,2055.842605775967
ethereum,1773280889855,2026-03-12,2045.7752971211548
ethereum,1773284637665,2026-03-12,2024.9123610651618
ethereum,1773288049107,2026-03-12,2023.1107526208427
ethereum,1773291781878,2026-03-12,2022.744927476898
ethereum,1773295398543,2026-03-12,2026.3321576482126
ethereum,1773298986464,2026-03-12,2029.96873148329
ethereum,1773302586362,2026-03-12,2040.0838408254044
ethereum,1773306171744,2026-03-12,2047.2426954416273
ethereum,1773309746213,2026-03-12,2055.689429911168
ethereum,1773313390391,2026-03-12,2069.9405147963735
ethereum,1773316900630,2026-03-12,2063.3666944041206
ethereum,1773320510702,2026-03-12,2065.512796966676
ethereum,1773324167573,2026-03-12,2064.995716696748
ethereum,1773327806554,2026-03-12,2044.894403828782
ethereum,1773331450098,2026-03-12,2071.0533239064953
ethereum,1773334955942,2026-03-12,2069.6622233421135
ethereum,1773338616200,2026-03-12,2059.11938006391
ethereum,1773342188272,2026-03-12,2049.100947207993
ethereum,1773345730145,2026-03-12,2071.5336636288353
ethereum,1773349218926,2026-03-12,2063.0757827362013
ethereum,1773352938763,2026-03-12,2063.78495693722
ethereum,1773356596305,2026-03-12,2064.7231401272597
ethereum,1773360173145,2026-03-13,2073.0803071732703
ethereum,1773363782013,2026-03-13,2119.459012331688
ethereum,1773367341227,2026-03-13,2124.2012197415193
ethereum,1773371011639,2026-03-13,2106.2047732287374
ethereum,1773374593228,2026-03-13,2118.4822506298524
ethereum,1773378077183,2026-03-13,2110.850368053311
ethereum,1773381644860,2026-03-13,2111.903263975942
ethereum,1773385324114,2026-03-13,2097.7744124920664
ethereum,1773388977581,2026-03-13,2100.3535860763345
ethereum,1773392548784,2026-03-13,2100.573570212673
ethereum,1773396150593,2026-03-13,2113.8919444936464
ethereum,1773399772502,2026-03-13,2127.636932333317
ethereum,1773403415652,2026-03-13,2121.7225761564246
ethereum,1773407006581,2026-03-13,2147.4140093498368
ethereum,1773410572348,2026-03-13,2188.5299837927573
ethereum,1773414170018,2026-03-13,2149.1839201115467
ethereum,1773417647662,2026-03-13,2127.9153871246103
ethereum,1773421398965,2026-03-13,2136.3144212808197
ethereum,1773424996212,2026-03-13,2100.1269748281047
ethereum,1773428592135,2026-03-13,2101.414136338079
ethereum,1773432201126,2026-03-13,2102.7050896770925
ethereum,1773435815119,2026-03-13,2111.4292876562317
ethereum,1773439347776,2026-03-13,2104.6679980206645
ethereum,1773442986440,2026-03-13,2089.3835291290166
ethereum,1773446558370,2026-03-14,2093.00633968562
ethereum,1773450193582,2026-03-14,2086.5317339840963
ethereum,1773453775172,2026-03-14,2093.541687818458
ethereum,1773457341070,2026-03-14,2093.7168016802466
ethereum,1773460961949,2026-03-14,2101.0600517558996
ethereum,1773464491586,2026-03-14,2090.5321417627174
ethereum,1773468177928,2026-03-14,2092.3137589028674
ethereum,1773471786793,2026-03-14,2078.6541387461843
ethereum,1773475397367,2026-03-14,2077.956119247481
ethereum,1773479001130,2026-03-14,2074.295806395027
ethereum,1773482526388,2026-03-14,2067.741743874851
ethereum,1773486159605,2026-03-14,2066.5005523245222
ethereum,1773489737080,2026-03-14,2073.419389860737
ethereum,1773493365584,2026-03-14,2074.8056076290545
ethereum,1773496974847,2026-03-14,2078.9192126574712
ethereum,1773500593377,2026-03-14,2072.6755556535018
ethereum,1773504117817,2026-03-14,2074.8206168932975
ethereum,1773507770989,2026-03-14,2077.756666566413
ethereum,1773511322426,2026-03-14,2075.0697572342106
ethereum,1773514987399,2026-03-14,2077.4602509615565
ethereum,1773518540976,2026-03-14,2077.413884638837
ethereum,1773522168676,2026-03-14,2086.7838513999577
ethereum,1773525748025,2026-03-14,2087.7451464457467
ethereum,1773529412450,2026-03-14,2083.960658751906
ethereum,1773533246933,2026-03-15,2094.205221765381
ethereum,1773536928013,2026-03-15,2088.865056812967
ethereum,1773540493605,2026-03-15,2092.7313185253324
ethereum,1773544300172,2026-03-15,2102.590003095007
ethereum,1773547779734,2026-03-15,2098.8929106273254
ethereum,1773551336393,2026-03-15,2103.822502009317
ethereum,1773554954793,2026-03-15,2110.4623422881273
ethereum,1773558574012,2026-03-15,2109.3421161907436
ethereum,1773561694486,2026-03-15,2105.4902147527987
ethereum,1773565339796,2026-03-15,2111.4592030566123
ethereum,1773568939599,2026-03-15,2117.825192519905
ethereum,1773572507042,2026-03-15,2119.7761411109886
ethereum,1773576139378,2026-03-15,2119.871610311407
ethereum,1773579671811,2026-03-15,2109.406954179543
ethereum,1773583320524,2026-03-15,2095.3818213290833
ethereum,1773586928873,2026-03-15,2096.6210334135703
ethereum,1773590458836,2026-03-15,2094.2167573975285
ethereum,1773594124306,2026-03-15,2092.138008145511
ethereum,1773597767965,2026-03-15,2110.299177866103
ethereum,1773601406704,2026-03-15,2099.2084750144145
ethereum,1773605027407,2026-03-15,2113.450919151971
ethereum,1773608593543,2026-03-15,2129.7211960710642
ethereum,1773612172916,2026-03-15,2138.004508284976
ethereum,1773615828560,2026-03-15,2184.567994482418
ethereum,1773619422818,2026-03-16,2177.721023406624
ethereum,1773623034398,2026-03-16,2171.9486026229033
ethereum,1773626627436,2026-03-16,2185.9458857315262
ethereum,1773630202916,2026-03-16,2182.05211952099
ethereum,1773633811168,2026-03-16,2237.700196386652
ethereum,1773637401429,2026-03-16,2263.5229193500277
ethereum,1773641016326,2026-03-16,2283.79864769626
ethereum,1773644642893,2026-03-16,2262.2351959083608
ethereum,1773648206440,2026-03-16,2249.471350962435
ethereum,1773651802435,2026-03-16,2243.898999730138
ethereum,1773655326624,2026-03-16,2260.257706908635
ethereum,1773658937763,2026-03-16,2277.103408773263
ethereum,1773662559989,2026-03-16,2270.527429695848
ethereum,1773666139324,2026-03-16,2279.495253789625
ethereum,1773669727616,2026-03-16,2284.265016284592
ethereum,1773673334741,2026-03-16,2282.643858667487
ethereum,1773676895645,2026-03-16,2273.037850623092
ethereum,1773680430636,2026-03-16,2297.661150985488
ethereum,1773684148127,2026-03-16,2315.0449131454056
ethereum,1773687779241,2026-03-16,2323.9689541408975
ethereum,1773691377080,2026-03-16,2332.0220682355903
ethereum,1773695000122,2026-03-16,2345.7830583602504
ethereum,1773698624998,2026-03-16,2361.5083243700988
ethereum,1773702021635,2026-03-16,2357.5617381573406
ethereum,1773705639767,2026-03-17,2351.172929558985
ethereum,1773709366429,2026-03-17,2354.3205289763405
ethereum,1773712957763,2026-03-17,2360.757764370501
ethereum,1773716428950,2026-03-17,2352.7497529681677
ethereum,1773720193717,2026-03-17,2319.3298431090957
ethereum,1773723760385,2026-03-17,2311.7040415711126
ethereum,1773727422700,2026-03-17,2306.340160385296
ethereum,1773730995048,2026-03-17,2314.986768678816
ethereum,1773734571840,2026-03-17,2326.5634445910896
ethereum,1773738170201,2026-03-17,2319.9796215562146
ethereum,1773741771988,2026-03-17,2315.183781559661
ethereum,1773745344731,2026-03-17,2312.603610402692
ethereum,1773749044863,2026-03-17,2327.5732272081914
ethereum,1773752492336,2026-03-17,2315.8584872456736
ethereum,1773756135657,2026-03-17,2330.004053404614
ethereum,1773759752043,2026-03-17,2344.0154474684455
ethereum,1773763374448,2026-03-17,2315.92641049522
ethereum,1773767004525,2026-03-17,2326.0291587551033
ethereum,1773770627916,2026-03-17,2340.236147477075
ethereum,1773774169665,2026-03-17,2332.1367415900836
ethereum,1773777743074,2026-03-17,2320.9996758794637
ethereum,1773781388762,2026-03-17,2328.6102122179664
ethereum,1773784974438,2026-03-17,2338.8325738609897
ethereum,1773788533226,2026-03-17,2329.484865749333
ethereum,1773792210149,2026-03-18,2318.1196031651903
ethereum,1773795752842,2026-03-18,2324.0008090431825
ethereum,1773799409251,2026-03-18,2325.7763950171675
ethereum,1773803001166,2026-03-18,2332.149808443607
ethereum,1773806544636,2026-03-18,2340.993297939472
ethereum,1773810199965,2026-03-18,2328.0182880272287
ethereum,1773813748840,2026-03-18,2318.453138287389
ethereum,1773817389329,2026-03-18,2323.7998654362
ethereum,1773820983011,2026-03-18,2318.167419438535
ethereum,1773824530508,2026-03-18,2322.4401627244656
ethereum,1773828178076,2026-03-18,2328.8474241392946
ethereum,1773831752439,2026-03-18,2312.5294535040684
ethereum,1773835376144,2026-03-18,2269.3947862892683
ethereum,1773838949750,2026-03-18,2238.656310788704
ethereum,1773842588796,2026-03-18,2233.6085758897066
ethereum,1773846034883,2026-03-18,2191.0743141771227
ethereum,1773849738468,2026-03-18,2188.7120176228414
ethereum,1773853307184,2026-03-18,2181.960459024029
ethereum,1773856970991,2026-03-18,2203.576186555509
ethereum,1773860599446,2026-03-18,2178.8902607987757
ethereum,1773864179431,2026-03-18,2185.000228672138
ethereum,1773867625756,2026-03-18,2188.3841851233797
ethereum,1773871387438,2026-03-18,2204.3862139545304
ethereum,1773874987692,2026-03-18,2193.698182009203
ethereum,1773878570001,2026-03-19,2203.380058379178
ethereum,1773882223586,2026-03-19,2192.741226292035
ethereum,1773885791854,2026-03-19,2198.4595238954385
ethereum,1773889215733,2026-03-19,2196.887828013286
ethereum,1773892954274,2026-03-19,2212.491141785081
ethereum,1773896642073,2026-03-19,2194.620307633345
ethereum,1773900144280,2026-03-19,2189.7648642170125
ethereum,1773903848497,2026-03-19,2179.7933001204965
ethereum,1773907384833,2026-03-19,2167.2271966153935
ethereum,1773910999096,2026-03-19,2160.3889810539704
ethereum,1773914562541,2026-03-19,2187.65486654686
ethereum,1773918186306,2026-03-19,2172.9720192581353
ethereum,1773921613551,2026-03-19,2167.0165505971167
ethereum,1773925313894,2026-03-19,2132.7527088855354
ethereum,1773928983371,2026-03-19,2136.795843423201
ethereum,1773932587650,2026-03-19,2125.6195440670454
ethereum,1773936164135,2026-03-19,2120.4538941430533
ethereum,1773939748467,2026-03-19,2114.53082616903
ethereum,1773943415815,2026-03-19,2127.174001817474
ethereum,1773946887892,2026-03-19,2124.679246335501
ethereum,1773950410572,2026-03-19,2142.6921834712143
ethereum,1773954086296,2026-03-19,2145.8777694681494
ethereum,1773957688367,2026-03-19,2151.6171924893833
ethereum,1773961385575,2026-03-19,2138.6404092774005
ethereum,1773964955662,2026-03-20,2137.450038431429
ethereum,1773968557626,2026-03-20,2144.866303604233
ethereum,1773972202814,2026-03-20,2152.2557869182897
ethereum,1773975654262,2026-03-20,2145.459025026977
ethereum,1773979392703,2026-03-20,2152.099599210536
ethereum,1773982951897,2026-03-20,2147.2595909239053
ethereum,1773986583763,2026-03-20,2139.785495735138
ethereum,1773990184768,2026-03-20,2136.5498012009825
ethereum,1773993731247,2026-03-20,2151.042079765514
ethereum,1773997359188,2026-03-20,2163.825580888485
ethereum,1774000994137,2026-03-20,2139.79669474573
ethereum,1774004578303,2026-03-20,2148.026405536693
ethereum,1774008138234,2026-03-20,2140.658894101651
ethereum,1774011750413,2026-03-20,2140.2304579609286
ethereum,1774015340396,2026-03-20,2127.0339700369973
ethereum,1774018959013,2026-03-20,2128.8481878822827
ethereum,1774022590167,2026-03-20,2133.5091322839057
ethereum,1774026186089,2026-03-20,2138.314449918723
ethereum,1774029765928,2026-03-20,2136.4525647224577
ethereum,1774033337376,2026-03-20,2121.4147052101866
ethereum,1774036925461,2026-03-20,2132.47262312862
ethereum,1774040567533,2026-03-20,2132.4861178873193
ethereum,1774044115864,2026-03-20,2147.468836597827
ethereum,1774047776481,2026-03-20,2155.884509323473
ethereum,1774051239457,2026-03-21,2146.332692493005
ethereum,1774054928829,2026-03-21,2152.874595126925
ethereum,1774058521951,2026-03-21,2147.6623923731245
ethereum,1774062149643,2026-03-21,2153.899615219448
ethereum,1774065690425,2026-03-21,2153.2537068919764
ethereum,1774069356491,2026-03-21,2151.447202871936
ethereum,1774073289909,2026-03-21,2153.2127598364254
ethereum,1774076500261,2026-03-21,2154.646074107933
ethereum,1774080376976,2026-03-21,2154.8037354198523
ethereum,1774083755314,2026-03-21,2153.5962273173286
ethereum,1774087455505,2026-03-21,2158.057519089204
ethereum,1774091072172,2026-03-21,2153.506195595448
ethereum,1774094623611,2026-03-21,2156.8422602874994
ethereum,1774098230861,2026-03-21,2157.4494294602123
ethereum,1774101788492,2026-03-21,2155.2884043282093
ethereum,1774105450307,2026-03-21,2150.7240907072796
ethereum,1774109008574,2026-03-21,2155.177053957362
ethereum,1774112662543,2026-03-21,2146.0086343574053
ethereum,1774116284771,2026-03-21,2148.309447438333
ethereum,1774119959558,2026-03-21,2151.7277680041216
ethereum,1774123374423,2026-03-21,2151.8104783571994
ethereum,1774126876575,2026-03-21,2155.5442996200313
ethereum,1774130614846,2026-03-21,2153.068348160442
ethereum,1774134200403,2026-03-21,2149.8264081424427
ethereum,1774137846926,2026-03-22,2078.0492129718186
ethereum,1774141435522,2026-03-22,2086.1963347225633
ethereum,1774144815688,2026-03-22,2089.3276040088567
ethereum,1774148591891,2026-03-22,2103.464947816226
ethereum,1774152181211,2026-03-22,2113.587948482673
ethereum,1774155813798,2026-03-22,2118.6618989980634
ethereum,1774159449164,2026-03-22,2112.697917596415
ethereum,1774163070889,2026-03-22,2108.0656554464526
ethereum,1774166619108,2026-03-22,2094.895400661874
ethereum,1774170246979,2026-03-22,2086.4563089653852
ethereum,1774173823613,2026-03-22,2085.0322292998417
ethereum,1774177392512,2026-03-22,2081.64241456944
ethereum,1774181034523,2026-03-22,2069.6652300771398
ethereum,1774184566835,2026-03-22,2082.2056119176914
ethereum,1774188184250,2026-03-22,2079.5595913845477
ethereum,1774191760881,2026-03-22,2077.8760955565426
ethereum,1774195340664,2026-03-22,2081.8126694648245
ethereum,1774198933107,2026-03-22,2082.448490254894
ethereum,1774202596033,2026-03-22,2080.4808783218164
ethereum,1774206013112,2026-03-22,2069.8154866239843
ethereum,1774209771256,2026-03-22,2062.4263236828224
ethereum,1774213398296,2026-03-22,2059.1071632353896
ethereum,1774216984537,2026-03-22,2044.357876014282
ethereum,1774220524354,2026-03-22,2061.2804638520215
ethereum,1774224191234,2026-03-23,2053.1449566818205
ethereum,1774227761672,2026-03-23,2043.6087121315247
ethereum,1774231397277,2026-03-23,2048.6149459628155
ethereum,1774234836402,2026-03-23,2062.042740084773
ethereum,1774238516708,2026-03-23,2051.841990281833
ethereum,1774242140034,2026-03-23,2063.7904537785203
ethereum,1774245709462,2026-03-23,2068.130851498096
ethereum,1774249243356,2026-03-23,2035.7810022582694
ethereum,1774252948601,2026-03-23,2044.3764037190306
ethereum,1774256536787,2026-03-23,2048.558176913989
ethereum,1774260178630,2026-03-23,2040.530061325007
ethereum,1774263780949,2026-03-23,2048.3456082081548
ethereum,1774267377448,2026-03-23,2136.456246574792
ethereum,1774270891902,2026-03-23,2142.2856445514076
ethereum,1774274612688,2026-03-23,2181.6373632010477
ethereum,1774278079522,2026-03-23,2180.6339017109935
ethereum,1774281621256,2026-03-23,2126.1724836673757
ethereum,1774285414595,2026-03-23,2134.6115049108157
ethereum,1774289023745,2026-03-23,2152.337220787209
ethereum,1774292633090,2026-03-23,2168.7372054512284
ethereum,1774296224120,2026-03-23,2154.246482549713
ethereum,1774299828129,2026-03-23,2161.4388103748815
ethereum,1774303375174,2026-03-23,2159.14951968169
ethereum,1774307027858,2026-03-23,2153.05708890562
ethereum,1774310611176,2026-03-24,2151.498274966905
ethereum,1774314231882,2026-03-24,2143.717613655685
ethereum,1774317784083,2026-03-24,2136.853256759612
ethereum,1774321410090,2026-03-24,2135.4773151267364
ethereum,1774324992446,2026-03-24,2140.4309318069786
ethereum,1774328605250,2026-03-24,2135.9972962805127
ethereum,1774332112540,2026-03-24,2132.7428783142323
ethereum,1774335703944,2026-03-24,2143.518149706572
ethereum,1774339287833,2026-03-24,2166.047579440784
ethereum,1774342880851,2026-03-24,2154.285195965167
ethereum,1774346441306,2026-03-24,2164.435581469065
ethereum,1774350097009,2026-03-24,2160.4983284834707
ethereum,1774353712064,2026-03-24,2164.2774257427277
ethereum,1774357317407,2026-03-24,2162.1986723694704
ethereum,1774360888749,2026-03-24,2136.9551658228647
ethereum,1774364512964,2026-03-24,2134.875234665172
ethereum,1774368104715,2026-03-24,2133.3693505015635
ethereum,1774371711058,2026-03-24,2125.9183930358263
ethereum,1774375294962,2026-03-24,2108.8984965716654
ethereum,1774378809818,2026-03-24,2118.099873236951
ethereum,1774382515462,2026-03-24,2114.7459307243
ethereum,1774386104284,2026-03-24,2148.342616114467
ethereum,1774389714879,2026-03-24,2146.854258621121
ethereum,1774393298778,2026-03-24,2146.1898800937756
ethereum,1774396903041,2026-03-25,2155.6817607237
ethereum,1774400502442,2026-03-25,2161.4439208626204
ethereum,1774404114601,2026-03-25,2158.2894348400405
ethereum,1774407627591,2026-03-25,2154.5693007673026
ethereum,1774411297082,2026-03-25,2157.8068080998783
ethereum,1774414897180,2026-03-25,2165.036283025876
ethereum,1774418533094,2026-03-25,2168.0649434176444
ethereum,1774422123898,2026-03-25,2166.0134336229567
ethereum,1774425755356,2026-03-25,2164.531165709048
ethereum,1774429253034,2026-03-25,2176.2069931226256
ethereum,1774432879986,2026-03-25,2185.4907379344772
ethereum,1774436541211,2026-03-25,2184.8088770914574
ethereum,1774440151728,2026-03-25,2185.070292581442
ethereum,1774443619019,2026-03-25,2183.806410574933
ethereum,1774447373180,2026-03-25,2185.590287848622
ethereum,1774450929424,2026-03-25,2175.5057861658634
ethereum,1774454594658,2026-03-25,2162.774686143249
ethereum,1774458216759,2026-03-25,2174.1573854810163
ethereum,1774461778476,2026-03-25,2162.2977024344423
ethereum,1774465388410,2026-03-25,2160.92956101707
ethereum,1774468958016,2026-03-25,2168.7664447837087
ethereum,1774472627290,2026-03-25,2165.678251498639
ethereum,1774476176579,2026-03-25,2162.9209457511897
ethereum,1774479748802,2026-03-25,2173.428201959242
ethereum,1774483412656,2026-03-26,2168.2595767488515
ethereum,1774486981108,2026-03-26,2164.8334940781406
ethereum,1774490547324,2026-03-26,2164.643880438058
ethereum,1774494234127,2026-03-26,2148.3366603131612
ethereum,1774497796894,2026-03-26,2152.463283809553
ethereum,1774501273364,2026-03-26,2148.6050489610293
ethereum,1774505004832,2026-03-26,2117.072709964659
ethereum,1774508608262,2026-03-26,2120.979138017403
ethereum,1774512136452,2026-03-26,2122.253442240537
ethereum,1774515674242,2026-03-26,2118.90774256707
ethereum,1774519326205,2026-03-26,2082.581101009093
ethereum,1774522958084,2026-03-26,2077.2626029703215
ethereum,1774526571702,2026-03-26,2067.4798062024756
ethereum,1774530062861,2026-03-26,2072.7400102938777
ethereum,1774533619726,2026-03-26,2078.7564739905506
ethereum,1774537350526,2026-03-26,2076.063516126288
ethereum,1774540929802,2026-03-26,2069.46067344746
ethereum,1774544545527,2026-03-26,2059.779721716313
ethereum,1774548125015,2026-03-26,2050.1759858779124
ethereum,1774551621668,2026-03-26,2044.9877329491358
ethereum,1774555388313,2026-03-26,2048.2805067279505
ethereum,1774558976159,2026-03-26,2063.44252453049
ethereum,1774562509882,2026-03-26,2068.036687723714
ethereum,1774566065259,2026-03-26,2063.674922041553
ethereum,1774569726462,2026-03-27,2059.332619583916
ethereum,1774573319800,2026-03-27,2063.702228873258
ethereum,1774576934671,2026-03-27,2072.2143138077367
ethereum,1774580564472,2026-03-27,2067.2126894143107
ethereum,1774584105909,2026-03-27,2059.9430643134297
ethereum,1774587727548,2026-03-27,2051.600844060049
ethereum,1774591339161,2026-03-27,2059.911775850561
ethereum,1774594883618,2026-03-27,2061.101027892577
ethereum,1774598500295,2026-03-27,2064.1851446513137
ethereum,1774602133958,2026-03-27,2047.171733612952
ethereum,1774605630384,2026-03-27,2041.1410750473585
ethereum,1774609350321,2026-03-27,1991.544624906838
ethereum,1774612899148,2026-03-27,1990.0097366144125
ethereum,1774616518767,2026-03-27,1988.327082708899
ethereum,1774620029261,2026-03-27,1976.6896795942773
ethereum,1774623665651,2026-03-27,1987.4532925156054
ethereum,1774627272104,2026-03-27,1989.793720998749
ethereum,1774630957094,2026-03-27,1985.7338708465827
ethereum,1774634488292,2026-03-27,1976.2589523824402
ethereum,1774638106145,2026-03-27,1983.458204641095
ethereum,1774641719881,2026-03-27,1993.0849436852252
ethereum,1774645263869,2026-03-27,1984.748484546758
ethereum,1774648846754,2026-03-27,1984.1250396153675
ethereum,1774652521384,2026-03-27,1984.1870443332202
ethereum,1774656123791,2026-03-28,1990.8222830121113
ethereum,1774659726025,2026-03-28,1991.1133594717985
ethereum,1774663304049,2026-03-28,1987.9306460290002
ethereum,1774666934267,2026-03-28,1985.5407234899299
ethereum,1774670516132,2026-03-28,1987.6153374879702
ethereum,1774674135687,2026-03-28,1988.4125225814284
ethereum,1774677615408,2026-03-28,1993.000834525075
ethereum,1774681308375,2026-03-28,1999.7751333082176
ethereum,1774684823763,2026-03-28,2005.8824984071325
ethereum,1774688418086,2026-03-28,1997.7952369865102
ethereum,1774692121447,2026-03-28,1998.12485122868
ethereum,1774695692758,2026-03-28,1995.1985026962063
ethereum,1774699321699,2026-03-28,1996.8179303001407
ethereum,1774702900501,2026-03-28,1998.5219759298677
ethereum,1774706545454,2026-03-28,2024.07883642863
ethereum,1774710107208,2026-03-28,2018.955594123432
ethereum,1774713709058,2026-03-28,2024.5258555998464
ethereum,1774717341347,2026-03-28,2023.763906320239
ethereum,1774720921333,2026-03-28,2019.529426931357
ethereum,1774724418013,2026-03-28,2020.91580399956
ethereum,1774728021256,2026-03-28,2018.849654840655
ethereum,1774731719535,2026-03-28,2022.9777602081672
ethereum,1774735349080,2026-03-28,2009.2076811853422
ethereum,1774738851509,2026-03-28,2010.137138442314
ethereum,1774742550921,2026-03-29,1992.7681119939894
ethereum,1774746138325,2026-03-29,1995.6680658401742
ethereum,1774749623230,2026-03-29,2003.3632740496555
ethereum,1774753395897,2026-03-29,2007.305045959203
ethereum,1774756825293,2026-03-29,2009.9653040369333
ethereum,1774760574932,2026-03-29,2004.1935256711981
ethereum,1774764155575,2026-03-29,2004.6184937936134
ethereum,1774767660557,2026-03-29,2003.6457921517765
ethereum,1774771335047,2026-03-29,2004.9440436903287
ethereum,1774774976313,2026-03-29,2002.7036300528448
ethereum,1774778539972,2026-03-29,1997.6403099875154
ethereum,1774782038065,2026-03-29,1994.7760956268096
ethereum,1774785788409,2026-03-29,2002.8403771361895
ethereum,1774789264650,2026-03-29,2000.5554868198585
ethereum,1774792987154,2026-03-29,1985.9376780708847
ethereum,1774796620132,2026-03-29,1991.8710655325233
ethereum,1774800209191,2026-03-29,1991.1094164551787
ethereum,1774803755261,2026-03-29,1995.8788146555942
ethereum,1774807341781,2026-03-29,1993.6956049120915
ethereum,1774810935018,2026-03-29,1995.8824736403099
ethereum,1774814536354,2026-03-29,1993.8357704544749
ethereum,1774818204750,2026-03-29,2000.7751256608037
ethereum,1774821780062,2026-03-29,2005.0943810805143
ethereum,1774825344930,2026-03-29,1972.5825828113816
ethereum,1774828945081,2026-03-30,1983.184167632635
ethereum,1774832576383,2026-03-30,1996.7373541487984
ethereum,1774836034809,2026-03-30,2008.4132245378403
ethereum,1774839748435,2026-03-30,2028.757171060875
ethereum,1774843315274,2026-03-30,2034.9549309504
ethereum,1774846898882,2026-03-30,2047.1047209682868
ethereum,1774850557241,2026-03-30,2046.9531506067
ethereum,1774854138937,2026-03-30,2041.5495998730764
ethereum,1774857729607,2026-03-30,2057.0608580009452
ethereum,1774861359318,2026-03-30,2061.257063385488
ethereum,1774864934852,2026-03-30,2053.31461510939
ethereum,1774868452942,2026-03-30,2055.4884204235923
ethereum,1774872167331,2026-03-30,2067.6846789377273
ethereum,1774875776153,2026-03-30,2073.5625382936805
ethereum,1774879338327,2026-03-30,2059.2565564795973
ethereum,1774882945068,2026-03-30,2069.956936041422
ethereum,1774886553011,2026-03-30,2072.603535570885
ethereum,1774890139087,2026-03-30,2061.0734922073384
ethereum,1774893716696,2026-03-30,2040.1043620841906
ethereum,1774897395626,2026-03-30,2029.7888876263596
ethereum,1774900845083,2026-03-30,2021.1860275684826
ethereum,1774904567619,2026-03-30,2023.0575689590405
ethereum,1774908150177,2026-03-30,2036.50037060166
ethereum,1774911602128,2026-03-30,2030.074618191544
ethereum,1774915336724,2026-03-31,2023.82401658508
ethereum,1774918949031,2026-03-31,2033.763660907954
ethereum,1774922600170,2026-03-31,2072.860228566624
ethereum,1774926120735,2026-03-31,2073.2726860425946
ethereum,1774929616965,2026-03-31,2065.8439781453208
ethereum,1774933419626,2026-03-31,2059.2670877018704
ethereum,1774937002489,2026-03-31,2062.2518682990744
ethereum,1774940594254,2026-03-31,2060.5232888287715
ethereum,1774944127952,2026-03-31,2053.6847215714706
ethereum,1774947755256,2026-03-31,2039.2395306334245
ethereum,1774951352791,2026-03-31,2014.7724452958955
ethereum,1774954931223,2026-03-31,2024.535193651414
ethereum,1774958569834,2026-03-31,2038.9579977952496
ethereum,1774962087203,2026-03-31,2045.80257533034
ethereum,1774965753159,2026-03-31,2071.1158489301233
ethereum,1774969225226,2026-03-31,2044.9168072244017
ethereum,1774972841140,2026-03-31,2053.5705702696396
ethereum,1774976557905,2026-03-31,2088.2859085907044
ethereum,1774980130643,2026-03-31,2090.5771496654947
ethereum,1774983740604,2026-03-31,2097.1193462194015
ethereum,1774987201357,2026-03-31,2094.3506112899095
ethereum,1774990867782,2026-03-31,2105.168710224847
ethereum,1774994552087,2026-03-31,2100.580813356133
ethereum,1774998186200,2026-03-31,2094.4986994273872
ethereum,1775001734514,2026-04-01,2104.8765857093113
ethereum,1775005395011,2026-04-01,2111.899370578424
ethereum,1775008856151,2026-04-01,2091.5526830254526
ethereum,1775012517529,2026-04-01,2086.794842306187
ethereum,1775016224251,2026-04-01,2100.46033491221
ethereum,1775019819468,2026-04-01,2109.1880769159434
ethereum,1775023224029,2026-04-01,2121.8309023374018
ethereum,1775027037437,2026-04-01,2150.6122402970623
ethereum,1775030493392,2026-04-01,2129.7160851118856
ethereum,1775034061110,2026-04-01,2137.4692395184916
ethereum,1775037677811,2026-04-01,2135.90140390639
ethereum,1775041322992,2026-04-01,2131.25886546559
ethereum,1775044911296,2026-04-01,2134.7527124453322
ethereum,1775048464085,2026-04-01,2129.8006542461712
ethereum,1775052114285,2026-04-01,2118.9527902475947
ethereum,1775055745909,2026-04-01,2125.954587199584
ethereum,1775059290741,2026-04-01,2135.3683082769794
ethereum,1775062817391,2026-04-01,2145.039025695813
ethereum,1775066581331,2026-04-01,2136.2713977293024
ethereum,1775070200007,2026-04-01,2127.5407313695337
ethereum,1775073750273,2026-04-01,2142.4671169453163
ethereum,1775077383413,2026-04-01,2143.7614396030867
ethereum,1775080941419,2026-04-01,2158.9582091963025
ethereum,1775084545001,2026-04-01,2140.021746997113
ethereum,1775088146694,2026-04-02,2139.0578887146285
ethereum,1775091723538,2026-04-02,2157.0121221021377
ethereum,1775095373868,2026-04-02,2100.00958067447
ethereum,1775098965099,2026-04-02,2073.9676538149374
ethereum,1775102513459,2026-04-02,2056.1919159955423
ethereum,1775106113620,2026-04-02,2044.7210118485834
ethereum,1775109726944,2026-04-02,2049.6697269750557
ethereum,1775113368795,2026-04-02,2049.7426663181823
ethereum,1775116999088,2026-04-02,2055.3331360590946
ethereum,1775120530553,2026-04-02,2046.3424532884144
ethereum,1775124044955,2026-04-02,2043.1530205447746
ethereum,1775127739486,2026-04-02,2038.0601324837264
ethereum,1775131323565,2026-04-02,2033.0078478762744
ethereum,1775134815552,2026-04-02,2026.616604973836
ethereum,1775138564058,2026-04-02,2034.6371635289306
ethereum,1775142164160,2026-04-02,2065.1791055798467
ethereum,1775145796672,2026-04-02,2058.6630506581937
ethereum,1775149356650,2026-04-02,2064.364324897015
ethereum,1775152980204,2026-04-02,2046.7518141710623
ethereum,1775156538262,2026-04-02,2058.0780703571922
ethereum,1775160117333,2026-04-02,2065.1998596132084
ethereum,1775163773588,2026-04-02,2068.267540097687
ethereum,1775167356843,2026-04-02,2062.257261674845
ethereum,1775170983896,2026-04-02,2061.084999463242
ethereum,1775174623683,2026-04-03,2056.8902960008427
ethereum,1775178160933,2026-04-03,2052.3014968598927
ethereum,1775181747981,2026-04-03,2049.654142170374
ethereum,1775185436752,2026-04-03,2051.4562786599804
ethereum,1775188956365,2026-04-03,2054.0755179404528
ethereum,1775192552102,2026-04-03,2054.5899083434715
ethereum,1775196108376,2026-04-03,2056.7872983636894
ethereum,1775199786059,2026-04-03,2063.283856957693
ethereum,1775203378863,2026-04-03,2065.5815589168933
ethereum,1775206938130,2026-04-03,2060.8186131240586
ethereum,1775210581060,2026-04-03,2061.0565645459264
ethereum,1775214183489,2026-04-03,2059.9174165918257
ethereum,1775217773220,2026-04-03,2062.515877805712
ethereum,1775221344341,2026-04-03,2050.4286838652606
ethereum,1775224951157,2026-04-03,2048.410769333114
ethereum,1775228444953,2026-04-03,2055.2694959118326
ethereum,1775232069051,2026-04-03,2051.4972548162177
ethereum,1775235759297,2026-04-03,2054.8156229417027
ethereum,1775239375635,2026-04-03,2050.0226865993136
ethereum,1775242996843,2026-04-03,2048.7101505162536
ethereum,1775246545300,2026-04-03,2052.4146949086044
ethereum,1775250235567,2026-04-03,2052.816741356222
ethereum,1775253856260,2026-04-03,2058.3864427665653
ethereum,1775257454228,2026-04-03,2051.9598403699597
ethereum,1775261313973,2026-04-04,2052.040627099922
ethereum,1775264670076,2026-04-04,2051.834102346245
ethereum,1775269157524,2026-04-04,2049.4606330163047
ethereum,1775274981385,2026-04-04,2050.175195825445
ethereum,1775277789286,2026-04-04,2050.7624008758467
ethereum,1775280633226,2026-04-04,2051.2570200594887
ethereum,1775285553124,2026-04-04,2054.4311108993784
ethereum,1775289511362,2026-04-04,2052.144189998187
ethereum,1775292299073,2026-04-04,2052.510170631598
ethereum,1775296713855,2026-04-04,2049.7142662385227
ethereum,1775299994105,2026-04-04,2053.016344266488
ethereum,1775300529502,2026-04-04,2053.9296019203907
ethereum,1775304142034,2026-04-04,2051.1411682561597
ethereum,1775307742249,2026-04-04,2049.5321658964685
ethereum,1775311308002,2026-04-04,2053.5320230931156
ethereum,1775314956466,2026-04-04,2052.3247078406353
ethereum,1775318460948,2026-04-04,2055.727430544161
ethereum,1775322129147,2026-04-04,2057.624927295613
ethereum,1775325783734,2026-04-04,2056.775035969484
ethereum,1775329348768,2026-04-04,2055.0593459089737
ethereum,1775332935838,2026-04-04,2065.931462816513
ethereum,1775336582382,2026-04-04,2062.3419786432714
ethereum,1775340164724,2026-04-04,2068.388449232811
ethereum,1775343732646,2026-04-04,2069.0168016655775
ethereum,1775347311661,2026-04-05,2065.5231379113093
ethereum,1775350907013,2026-04-05,2061.1849530036766
ethereum,1775354503387,2026-04-05,2057.604027804671
ethereum,1775358187459,2026-04-05,2059.433758331316
ethereum,1775361727305,2026-04-05,2055.8811919168024
ethereum,1775365381057,2026-04-05,2054.5773999650073
ethereum,1775368983987,2026-04-05,2047.9256758594963
ethereum,1775372591817,2026-04-05,2038.741164092361
ethereum,1775376174658,2026-04-05,2036.6787373945779
ethereum,1775379792088,2026-04-05,2038.8508947216578
ethereum,1775383238185,2026-04-05,2044.2619005018494
ethereum,1775386949575,2026-04-05,2044.2239903267039
ethereum,1775390590762,2026-04-05,2041.750390212683
ethereum,1775394198546,2026-04-05,2028.2989249624638
ethereum,1775397796198,2026-04-05,2035.6568515330855
ethereum,1775401402219,2026-04-05,2037.6932202746068
ethereum,1775404820079,2026-04-05,2053.007242502597
ethereum,1775408672723,2026-04-05,2051.006394428436
ethereum,1775412219989,2026-04-05,2061.227484157073
ethereum,1775415817955,2026-04-05,2061.520752327158
ethereum,1775419411403,2026-04-05,2060.347314900928
ethereum,1775422995066,2026-04-05,2068.0148803449642
ethereum,1775426583790,2026-04-05,2060.8520323206158
ethereum,1775430162584,2026-04-05,2084.1388966483687
ethereum,1775433765505,2026-04-06,2109.005555869251
ethereum,1775437412946,2026-04-06,2121.444947600618
ethereum,1775440937328,2026-04-06,2115.0947629043308
ethereum,1775444932421,2026-04-06,2132.8484041656106
ethereum,1775448169990,2026-04-06,2127.644809426974
ethereum,1775451729086,2026-04-06,2130.2456519589496
ethereum,1775455364493,2026-04-06,2130.386287247182
ethereum,1775458973715,2026-04-06,2126.846338406893
ethereum,1775462588879,2026-04-06,2134.268020554024
ethereum,1775466184795,2026-04-06,2138.313391583446
ethereum,1775469812643,2026-04-06,2151.0358453166596
ethereum,1775473428922,2026-04-06,2152.027211239242
ethereum,1775477029088,2026-04-06,2151.3619173269803
ethereum,1775480618427,2026-04-06,2143.9169939868643
ethereum,1775484233843,2026-04-06,2144.176220021143
ethereum,1775487801781,2026-04-06,2158.133398435832
ethereum,1775491377155,2026-04-06,2164.3965521130867
ethereum,1775494999719,2026-04-06,2143.0021319353905
ethereum,1775498660451,2026-04-06,2134.8972431495986
ethereum,1775502174393,2026-04-06,2144.4918117427305
ethereum,1775505769314,2026-04-06,2144.5450433607484
ethereum,1775509422084,2026-04-06,2149.281662104898
ethereum,1775513015888,2026-04-06,2139.6623470708514
ethereum,1775516612432,2026-04-06,2111.367834393215
ethereum,1775520174929,2026-04-07,2107.828320222534
ethereum,1775523793498,2026-04-07,2113.6576071376658
ethereum,1775527376649,2026-04-07,2100.3861040307497
ethereum,1775531006432,2026-04-07,2105.5973457153486
ethereum,1775534533959,2026-04-07,2107.7433471867053
ethereum,1775538133050,2026-04-07,2114.833570717769
ethereum,1775541797511,2026-04-07,2104.6881518663504
ethereum,1775545283804,2026-04-07,2103.628581002606
ethereum,1775548971420,2026-04-07,2103.691857270921
ethereum,1775552631551,2026-04-07,2115.5424872890376
ethereum,1775556168161,2026-04-07,2128.1454163349454
ethereum,1775559754944,2026-04-07,2089.0133603217823
ethereum,1775563422206,2026-04-07,2089.694218164277
ethereum,1775567049018,2026-04-07,2087.2432735681336
ethereum,1775570567139,2026-04-07,2076.647931692654
ethereum,1775574256274,2026-04-07,2071.409153044771
ethereum,1775577741562,2026-04-07,2079.4776168759936
ethereum,1775581402472,2026-04-07,2083.4372315353266
ethereum,1775584983095,2026-04-07,2099.8220095975844
ethereum,1775588640757,2026-04-07,2085.584028768824
ethereum,1775592201421,2026-04-07,2111.6093666569873
ethereum,1775595813565,2026-04-07,2114.10602815954
ethereum,1775599409209,2026-04-07,2144.7037729840645
ethereum,1775602970642,2026-04-07,2208.3550124451726
ethereum,1775606643402,2026-04-08,2241.8159903072574
ethereum,1775610218276,2026-04-08,2234.615610255096
ethereum,1775613767625,2026-04-08,2234.588592691279
ethereum,1775617451352,2026-04-08,2234.5785489175137
ethereum,1775620987102,2026-04-08,2234.304553487867
ethereum,1775624511825,2026-04-08,2244.6863938265637
ethereum,1775628114075,2026-04-08,2240.1938155820835
ethereum,1775631775795,2026-04-08,2245.6587720404077
ethereum,1775635354991,2026-04-08,2252.10913422199
ethereum,1775638915775,2026-04-08,2255.8134614998266
ethereum,1775642536084,2026-04-08,2249.7900082273786
ethereum,1775646145792,2026-04-08,2244.2758870027897
ethereum,1775649724680,2026-04-08,2246.964207230592
ethereum,1775653340404,2026-04-08,2256.3919058811784
ethereum,1775656935240,2026-04-08,2236.4000749564184
ethereum,1775660560208,2026-04-08,2192.1790748015073
ethereum,1775664152663,2026-04-08,2215.5995835881145
ethereum,1775667714023,2026-04-08,2222.5301200376684
ethereum,1775671301904,2026-04-08,2231.7235381310124
ethereum,1775674941353,2026-04-08,2202.622601707491
ethereum,1775678535563,2026-04-08,2207.8034840642263
ethereum,1775682110746,2026-04-08,2209.5825703963924
ethereum,1775685726957,2026-04-08,2213.711092085272
ethereum,1775689348459,2026-04-08,2190.9516220139394
ethereum,1775692952826,2026-04-09,2190.478568186725
ethereum,1775696516086,2026-04-09,2184.5689767373765
ethereum,1775700089979,2026-04-09,2177.4177011486627
ethereum,1775703701774,2026-04-09,2182.1005054010675
ethereum,1775707390366,2026-04-09,2182.7438474003798
ethereum,1775711075383,2026-04-09,2177.8274342648633
ethereum,1775714680187,2026-04-09,2181.4857951606195
ethereum,1775718207764,2026-04-09,2181.1394697134997
ethereum,1775721752938,2026-04-09,2181.23747328888
ethereum,1775725353231,2026-04-09,2186.3165715011364
ethereum,1775728935289,2026-04-09,2193.9329118640003
ethereum,1775732576613,2026-04-09,2192.198320979471
ethereum,1775736149724,2026-04-09,2180.1720908621187
ethereum,1775739683910,2026-04-09,2182.788437239381
ethereum,1775743323845,2026-04-09,2164.89454106194
ethereum,1775746978505,2026-04-09,2177.1653792141283
ethereum,1775750593203,2026-04-09,2217.0673736163476
ethereum,1775754148467,2026-04-09,2206.8854589406287
ethereum,1775757805226,2026-04-09,2222.457832579154
ethereum,1775761350842,2026-04-09,2207.5462293166565
ethereum,1775764985746,2026-04-09,2216.770732452321
ethereum,1775768566107,2026-04-09,2212.3116095554024
ethereum,1775772177646,2026-04-09,2211.319185751992
ethereum,1775775763535,2026-04-09,2201.2403763249035
ethereum,1775779333777,2026-04-10,2188.9744265525896
ethereum,1775782850822,2026-04-10,2194.1600616834835
ethereum,1775786546279,2026-04-10,2195.737363932446
ethereum,1775790148579,2026-04-10,2188.2092365296035
ethereum,1775793756739,2026-04-10,2185.9787056941173
ethereum,1775797357446,2026-04-10,2194.7832250683414
ethereum,1775801053106,2026-04-10,2196.477224091735
ethereum,1775804601856,2026-04-10,2185.57239983888
ethereum,1775808222731,2026-04-10,2179.2710126499423
ethereum,1775811865435,2026-04-10,2186.0683032813263
ethereum,1775815348867,2026-04-10,2195.9205112051277
ethereum,1775818949117,2026-04-10,2197.7635063548346
ethereum,1775822517583,2026-04-10,2216.1790201802078
ethereum,1775826390000,2026-04-10,2217.777150076112
floki,1773234163168,2026-03-11,0.00002927908148364508
floki,1773237814451,2026-03-11,0.00002950036075441451
floki,1773241395257,2026-03-11,0.00002972513698286996
floki,1773244986476,2026-03-11,0.000029395724837014305
floki,1773248608133,2026-03-11,0.00002960760548012073
floki,1773252255193,2026-03-11,0.00002958988517264398
floki,1773255821740,2026-03-11,0.000029789665271642956
floki,1773259397312,2026-03-11,0.000029598443098313825
floki,1773262814830,2026-03-11,0.000029456517301967982
floki,1773266633482,2026-03-11,0.00002961448275240533
floki,1773270167257,2026-03-11,0.00002947208771940645
floki,1773273740315,2026-03-12,0.00002938195356019247
floki,1773277337633,2026-03-12,0.000029409593024122422
floki,1773280994385,2026-03-12,0.00002921311984010064
floki,1773284603344,2026-03-12,0.000028955441302240335
floki,1773288103800,2026-03-12,0.0000289716190946581
floki,1773291704526,2026-03-12,0.000028930908087345285
floki,1773295333594,2026-03-12,0.000028985757599157685
floki,1773299006943,2026-03-12,0.000028993721417106956
floki,1773302617352,2026-03-12,0.000029170033295222733
floki,1773306183427,2026-03-12,0.000029198186723763195
floki,1773309664091,2026-03-12,0.000029341777513690678
floki,1773313262627,2026-03-12,0.00002956909963594244
floki,1773316928633,2026-03-12,0.000029434532742912257
floki,1773320526362,2026-03-12,0.00002961478820123047
floki,1773324182085,2026-03-12,0.000029439729234630818
floki,1773327798538,2026-03-12,0.000029219120808683355
floki,1773331417140,2026-03-12,0.00002947531186404363
floki,1773334848825,2026-03-12,0.000029625546242481774
floki,1773338595863,2026-03-12,0.00002978025518691026
floki,1773342226765,2026-03-12,0.00002986265175997811
floki,1773345764025,2026-03-12,0.000030221075862166068
floki,1773349431482,2026-03-12,0.00002982785590836694
floki,1773352971843,2026-03-12,0.00003012733640688454
floki,1773356633979,2026-03-12,0.00003004351255154332
floki,1773360146833,2026-03-13,0.00003011799829687073
floki,1773363796888,2026-03-13,0.00003034445190383876
floki,1773367225337,2026-03-13,0.00003060394736312192
floki,1773371027647,2026-03-13,0.000030340536486993262
floki,1773374592264,2026-03-13,0.000030467847386647896
floki,1773378139803,2026-03-13,0.000030298495863959526
floki,1773381732887,2026-03-13,0.000029964258994119028
floki,1773385347282,2026-03-13,0.00003005188115673931
floki,1773388975022,2026-03-13,0.000030036558398854474
floki,1773392516359,2026-03-13,0.00003015849558110256
floki,1773396054034,2026-03-13,0.000030507351723158544
floki,1773399816977,2026-03-13,0.00003064077348633558
floki,1773403437776,2026-03-13,0.00003116994995899358
floki,1773407011096,2026-03-13,0.000031150804746440335
floki,1773410559250,2026-03-13,0.00003129167738502147
floki,1773414029727,2026-03-13,0.000030434937777694993
floki,1773417824491,2026-03-13,0.00003053548418278197
floki,1773421430186,2026-03-13,0.0000306455634276604
floki,1773425002161,2026-03-13,0.00003010047213157727
floki,1773428611366,2026-03-13,0.000030138909993586647
floki,1773432215738,2026-03-13,0.000030112170396628867
floki,1773435788928,2026-03-13,0.000030118329939346408
floki,1773439239065,2026-03-13,0.00003014243781001382
floki,1773443000861,2026-03-13,0.00002987358342372302
floki,1773446439952,2026-03-14,0.000029988403673116755
floki,1773450159453,2026-03-14,0.000029919552721487194
floki,1773453625463,2026-03-14,0.000030153602720517197
floki,1773457226605,2026-03-14,0.000030118939070905295
floki,1773460828508,2026-03-14,0.000030180311541644125
floki,1773464423684,2026-03-14,0.000030145156665277685
floki,1773468224830,2026-03-14,0.000030048941296532782
floki,1773471822711,2026-03-14,0.000029721733225111688
floki,1773475419157,2026-03-14,0.000029610654726879618
floki,1773479046574,2026-03-14,0.000029526207209123644
floki,1773482588136,2026-03-14,0.000029494320343308452
floki,1773486078111,2026-03-14,0.00002941710664613206
floki,1773489790776,2026-03-14,0.00002952758794815347
floki,1773493444229,2026-03-14,0.000029479726016654107
floki,1773496881870,2026-03-14,0.000029645087967750822
floki,1773500455440,2026-03-14,0.000029566634181981965
floki,1773504062238,2026-03-14,0.000029547798462857217
floki,1773507658034,2026-03-14,0.000029615341274824366
floki,1773511213094,2026-03-14,0.000029480878802662428
floki,1773514986778,2026-03-14,0.000029433301152912955
floki,1773518576910,2026-03-14,0.000029348170225630627
floki,1773522215882,2026-03-14,0.00002931630842399492
floki,1773525828229,2026-03-14,0.000029365587350509443
floki,1773529454819,2026-03-14,0.00002938106377705722
floki,1773533368114,2026-03-15,0.000029628385045289234
floki,1773536947615,2026-03-15,0.000029478580192427903
floki,1773540561227,2026-03-15,0.000029635681386470982
floki,1773544137398,2026-03-15,0.000030019819381900083
floki,1773547751858,2026-03-15,0.000029759412161004275
floki,1773551316928,2026-03-15,0.000029713749669834207
floki,1773554945922,2026-03-15,0.00002968926665972417
floki,1773558552418,2026-03-15,0.000029578032576626333
floki,1773561748589,2026-03-15,0.000029716651128893097
floki,1773565336483,2026-03-15,0.00002979211444849532
floki,1773568929594,2026-03-15,0.000029764669117546945
floki,1773572547130,2026-03-15,0.000029902872340700102
floki,1773576149267,2026-03-15,0.00002998100541064901
floki,1773579753413,2026-03-15,0.00002993203710373314
floki,1773583356465,2026-03-15,0.000029668993249072387
floki,1773586918175,2026-03-15,0.000029731004503728615
floki,1773590637197,2026-03-15,0.000029617552790119534
floki,1773594244266,2026-03-15,0.000029568538830611235
floki,1773597851088,2026-03-15,0.000029827330949666297
floki,1773601489201,2026-03-15,0.00002953869700706794
floki,1773605075155,2026-03-15,0.000029709541148576223
floki,1773608517000,2026-03-15,0.000029762445275080653
floki,1773612110558,2026-03-15,0.000029840252763498926
floki,1773615832739,2026-03-15,0.000030210051370901907
floki,1773619238063,2026-03-16,0.000030059140006333283
floki,1773622838907,2026-03-16,0.000030290622837260567
floki,1773626423963,2026-03-16,0.000030307781019902272
floki,1773630031364,2026-03-16,0.000030255071030456898
floki,1773633795932,2026-03-16,0.000030813282664707766
floki,1773637375566,2026-03-16,0.00003104580600537057
floki,1773640933605,2026-03-16,0.000031560747469228524
floki,1773644607932,2026-03-16,0.00003183905084878038
floki,1773648165349,2026-03-16,0.00003251987582426223
floki,1773651792832,2026-03-16,0.000031888119926231276
floki,1773655321764,2026-03-16,0.000032365536288377875
floki,1773658941189,2026-03-16,0.000031718215096706583
floki,1773662542423,2026-03-16,0.00003160980940777805
floki,1773666138800,2026-03-16,0.00003190507997199728
floki,1773669647142,2026-03-16,0.00003154222106512439
floki,1773673341160,2026-03-16,0.0000319097703551257
floki,1773676941198,2026-03-16,0.00003154113388713601
floki,1773680539523,2026-03-16,0.000031836459112861455
floki,1773684214361,2026-03-16,0.000032049946520609243
floki,1773687784189,2026-03-16,0.00003203571135297039
floki,1773691219979,2026-03-16,0.00003199247164278777
floki,1773694818444,2026-03-16,0.00003215384962310785
floki,1773698455505,2026-03-16,0.000032300569714478805
floki,1773702174167,2026-03-16,0.000032596228957434755
floki,1773705775568,2026-03-17,0.000032454862323089255
floki,1773709375796,2026-03-17,0.00003246591835354663
floki,1773712953972,2026-03-17,0.00003246888416999906
floki,1773716599075,2026-03-17,0.000032366110198993046
floki,1773720156836,2026-03-17,0.000031914615801319286
floki,1773723743710,2026-03-17,0.00003153762755561542
floki,1773727376047,2026-03-17,0.000031442806559371756
floki,1773731009122,2026-03-17,0.000031363283898109195
floki,1773734551029,2026-03-17,0.00003153256716260934
floki,1773738203782,2026-03-17,0.00003165915530435721
floki,1773741801064,2026-03-17,0.00003156462331983056
floki,1773745345257,2026-03-17,0.00003144863800720186
floki,1773748981542,2026-03-17,0.00003133662521061324
floki,1773752563158,2026-03-17,0.00003080834493492243
floki,1773756134875,2026-03-17,0.00003090901057930691
floki,1773759777468,2026-03-17,0.000031057728417048194
floki,1773763438270,2026-03-17,0.00003097739932009292
floki,1773767053183,2026-03-17,0.00003104338680846101
floki,1773770623396,2026-03-17,0.00003112535832033561
floki,1773774196448,2026-03-17,0.00003122963090709074
floki,1773777824592,2026-03-17,0.00003098018599608145
floki,1773781447216,2026-03-17,0.00003117064771311086
floki,1773784955809,2026-03-17,0.00003152699827237539
floki,1773788574256,2026-03-17,0.00003137474216314824
floki,1773792213761,2026-03-18,0.000031075098030745214
floki,1773795775071,2026-03-18,0.000031022445268550535
floki,1773799396780,2026-03-18,0.000031306044522159784
floki,1773803012355,2026-03-18,0.0000316159876833465
floki,1773806572503,2026-03-18,0.00003172982290307971
floki,1773810207994,2026-03-18,0.00003138523257940738
floki,1773813803776,2026-03-18,0.00003151779192497182
floki,1773817475977,2026-03-18,0.000031482911587324446
floki,1773821010591,2026-03-18,0.00003140108655483295
floki,1773824604185,2026-03-18,0.000031440648472450844
floki,1773828206502,2026-03-18,0.00003150211868582941
floki,1773831803220,2026-03-18,0.00003135635875447114
floki,1773835427506,2026-03-18,0.00003067967124099784
floki,1773838994178,2026-03-18,0.000030217826380166315
floki,1773842635776,2026-03-18,0.0000301238620956788
floki,1773846191728,2026-03-18,0.00002961450359664042
floki,1773849707028,2026-03-18,0.000029622335656429265
floki,1773853319549,2026-03-18,0.00002957308455483166
floki,1773856963043,2026-03-18,0.000029722242263910628
floki,1773860581020,2026-03-18,0.000029710386320113274
floki,1773864191834,2026-03-18,0.000029751497000083514
floki,1773867758834,2026-03-18,0.000029873420049916515
floki,1773871396143,2026-03-18,0.000030039183127982015
floki,1773874979127,2026-03-18,0.00002990681086962344
floki,1773878572147,2026-03-19,0.00002989187945972872
floki,1773882144791,2026-03-19,0.000029823779885981606
floki,1773885791042,2026-03-19,0.000029803858009890864
floki,1773889372899,2026-03-19,0.000029776722966298882
floki,1773892955818,2026-03-19,0.00003003908755520826
floki,1773896591247,2026-03-19,0.000029936460665115452
floki,1773900148599,2026-03-19,0.000029799040971696332
floki,1773903768945,2026-03-19,0.000029892204701593673
floki,1773907374432,2026-03-19,0.000029580814178822528
floki,1773910966981,2026-03-19,0.000029633447474916942
floki,1773914568926,2026-03-19,0.000029854220733853747
floki,1773918146970,2026-03-19,0.00002959549980122044
floki,1773921765911,2026-03-19,0.000029529072233583537
floki,1773925313929,2026-03-19,0.00002912941768201136
floki,1773928927868,2026-03-19,0.000029289522683894725
floki,1773932540749,2026-03-19,0.000029217164364168728
floki,1773936138585,2026-03-19,0.00002917978600855709
floki,1773939710823,2026-03-19,0.000029053110538341177
floki,1773943334136,2026-03-19,0.0000292602528408525
floki,1773946877723,2026-03-19,0.000029104680951804263
floki,1773950500630,2026-03-19,0.00002938506823394831
floki,1773954101266,2026-03-19,0.000029555832069091637
floki,1773957759004,2026-03-19,0.000029799761242613613
floki,1773961392327,2026-03-19,0.00002969479628877247
floki,1773964979891,2026-03-20,0.000029775088795299695
floki,1773968604069,2026-03-20,0.000029919021525304813
floki,1773972185177,2026-03-20,0.00003010961026054922
floki,1773975775757,2026-03-20,0.000030030913895048077
floki,1773979400430,2026-03-20,0.00003014634758664912
floki,1773982970039,2026-03-20,0.000030329141102928682
floki,1773986620511,2026-03-20,0.000030396576187621305
floki,1773990248086,2026-03-20,0.00003026165559222002
floki,1773993871552,2026-03-20,0.000030043727936604922
floki,1773997427266,2026-03-20,0.00003001969077609022
floki,1774001049135,2026-03-20,0.00003001084482494319
floki,1774004625557,2026-03-20,0.000030053246999926048
floki,1774008179296,2026-03-20,0.00002996688206112331
floki,1774011770593,2026-03-20,0.00002982771293701127
floki,1774015413100,2026-03-20,0.00002969329028235129
floki,1774018944695,2026-03-20,0.00002973537561879776
floki,1774022577200,2026-03-20,0.000029815406762599157
floki,1774026174220,2026-03-20,0.000029874252485407892
floki,1774029675928,2026-03-20,0.000029905220703879976
floki,1774033379895,2026-03-20,0.00002963080769171191
floki,1774036933184,2026-03-20,0.000029608668231314397
floki,1774040614099,2026-03-20,0.000029568921648913833
floki,1774044243119,2026-03-20,0.000029758284229434678
floki,1774047781417,2026-03-20,0.000029818563585824722
floki,1774051352676,2026-03-21,0.000029726582755928152
floki,1774054939256,2026-03-21,0.000029754799560578323
floki,1774058539881,2026-03-21,0.000029634677496432376
floki,1774062136135,2026-03-21,0.000029794804410667376
floki,1774065730313,2026-03-21,0.000029759534497362054
floki,1774069356972,2026-03-21,0.00002977148793168223
floki,1774073251532,2026-03-21,0.000029875599789045566
floki,1774076665595,2026-03-21,0.00002991429474832798
floki,1774080269628,2026-03-21,0.00002980856092065929
floki,1774083872881,2026-03-21,0.000029869300926729903
floki,1774087441113,2026-03-21,0.000029826552436572513
floki,1774091051786,2026-03-21,0.000029686796300496994
floki,1774094651098,2026-03-21,0.000029662372750514166
floki,1774098248589,2026-03-21,0.000029639559234710835
floki,1774101843787,2026-03-21,0.000029635521044446585
floki,1774105459315,2026-03-21,0.00002964864528211909
floki,1774109066436,2026-03-21,0.000029981332743545523
floki,1774112661635,2026-03-21,0.000029833275667347792
floki,1774116249035,2026-03-21,0.000029777793481571613
floki,1774119977424,2026-03-21,0.000029737451705458285
floki,1774123493692,2026-03-21,0.00002974327800782488
floki,1774127130077,2026-03-21,0.00002996798694859517
floki,1774130721994,2026-03-21,0.00002989405196886199
floki,1774134286713,2026-03-21,0.000029891098542267796
floki,1774137843617,2026-03-22,0.000029001108484352373
floki,1774141317966,2026-03-22,0.000028911088779042055
floki,1774144928151,2026-03-22,0.000028834767012005076
floki,1774148575803,2026-03-22,0.000028995471316673145
floki,1774152183966,2026-03-22,0.00002902111084922824
floki,1774155785559,2026-03-22,0.000029048945697573464
floki,1774159450276,2026-03-22,0.000028964639087791215
floki,1774163035886,2026-03-22,0.00002890127337377233
floki,1774166636796,2026-03-22,0.000028803109799602748
floki,1774170017878,2026-03-22,0.000028659519180911683
floki,1774173637131,2026-03-22,0.000028675292449258033
floki,1774177306312,2026-03-22,0.00002849410111833957
floki,1774180912662,2026-03-22,0.000028443303076262914
floki,1774184481353,2026-03-22,0.00002855583819079485
floki,1774188080942,2026-03-22,0.000028560062732624658
floki,1774191665651,2026-03-22,0.000028559913116497598
floki,1774195394048,2026-03-22,0.000028603541434330703
floki,1774199025982,2026-03-22,0.000028626141930538655
floki,1774202654886,2026-03-22,0.000028606982989668325
floki,1774206213983,2026-03-22,0.00002845553456246107
floki,1774209786235,2026-03-22,0.000028379808571032768
floki,1774213355846,2026-03-22,0.000028320131720274553
floki,1774216960801,2026-03-22,0.00002804370285911555
floki,1774220535753,2026-03-22,0.000028361599603496897
floki,1774224161787,2026-03-23,0.000028270207981687992
floki,1774227732771,2026-03-23,0.000028399405473752285
floki,1774231327758,2026-03-23,0.00002853580661396388
floki,1774234912549,2026-03-23,0.00002857236802519529
floki,1774238511217,2026-03-23,0.000028590852627738404
floki,1774242110558,2026-03-23,0.00002874674013787264
floki,1774245712885,2026-03-23,0.000028746823254643105
floki,1774249343960,2026-03-23,0.000028466223145486818
floki,1774252941806,2026-03-23,0.000028356169773207988
floki,1774256551708,2026-03-23,0.00002822939997153023
floki,1774260102204,2026-03-23,0.000028206002693496112
floki,1774263703276,2026-03-23,0.000028244244005082255
floki,1774267308960,2026-03-23,0.000029286808507064935
floki,1774270940473,2026-03-23,0.000029547709369642867
floki,1774274539232,2026-03-23,0.000029829349778543
floki,1774278125046,2026-03-23,0.00002985055253521283
floki,1774281744705,2026-03-23,0.000029659526765805677
floki,1774285387884,2026-03-23,0.000029553712064950562
floki,1774289004745,2026-03-23,0.000029705266584752867
floki,1774292624462,2026-03-23,0.000029901085204826905
floki,1774296223328,2026-03-23,0.000029674078296148876
floki,1774299829205,2026-03-23,0.000029766987835124226
floki,1774303422212,2026-03-23,0.000029805617275020676
floki,1774307023993,2026-03-23,0.00002947182823776945
floki,1774310631394,2026-03-24,0.00002949415290411832
floki,1774314239193,2026-03-24,0.00002931778963463306
floki,1774317832255,2026-03-24,0.000029118331985985928
floki,1774321424234,2026-03-24,0.000029167126683070982
floki,1774325022095,2026-03-24,0.000029274540196221937
floki,1774328614969,2026-03-24,0.000029190594141213482
floki,1774332117404,2026-03-24,0.000029238508598766194
floki,1774335702597,2026-03-24,0.000029252173074901345
floki,1774339305141,2026-03-24,0.000029549671214367298
floki,1774342904423,2026-03-24,0.000029604815671402847
floki,1774346480448,2026-03-24,0.000029567367488442383
floki,1774350037140,2026-03-24,0.000029582505902953246
floki,1774353643018,2026-03-24,0.00002948039319837421
floki,1774357238647,2026-03-24,0.000029483807201528633
floki,1774360835105,2026-03-24,0.00002939541996109315
floki,1774364431512,2026-03-24,0.000029343225484873818
floki,1774368113521,2026-03-24,0.000029416404537360205
floki,1774371722658,2026-03-24,0.00002933657816681777
floki,1774375325681,2026-03-24,0.000029111116964835586
floki,1774378934321,2026-03-24,0.000029325934318577006
floki,1774382524844,2026-03-24,0.000029359890955337876
floki,1774386145928,2026-03-24,0.0000298474297462676
floki,1774389731472,2026-03-24,0.000029754315711695106
floki,1774393317377,2026-03-24,0.00002984518927072698
floki,1774396880604,2026-03-25,0.00002994346023254637
floki,1774400494962,2026-03-25,0.000030031985354698786
floki,1774404105627,2026-03-25,0.00003007577543853433
floki,1774407721343,2026-03-25,0.000029955671481651424
floki,1774411325219,2026-03-25,0.000030065837709141225
floki,1774414923939,2026-03-25,0.000030110670300699987
floki,1774418536330,2026-03-25,0.000030263755617129703
floki,1774422119103,2026-03-25,0.000030706494406020796
floki,1774425746973,2026-03-25,0.00003073139665377622
floki,1774429324002,2026-03-25,0.000030775345826315754
floki,1774432818204,2026-03-25,0.00003056196633212144
floki,1774436533216,2026-03-25,0.00003067707061325501
floki,1774440148839,2026-03-25,0.00003088895124463333
floki,1774443797063,2026-03-25,0.00003090603043269193
floki,1774447373675,2026-03-25,0.00003081921222645145
floki,1774450975496,2026-03-25,0.00003068926929461793
floki,1774454595000,2026-03-25,0.000030366131368043065
floki,1774458192119,2026-03-25,0.000030492966222283605
floki,1774461767320,2026-03-25,0.00003038728154409704
floki,1774465414622,2026-03-25,0.000030389636722118105
floki,1774469000797,2026-03-25,0.00003037218456894731
floki,1774472419020,2026-03-25,0.000030279790999857302
floki,1774476015472,2026-03-25,0.000030277344269196963
floki,1774479615135,2026-03-25,0.000030393171652075988
floki,1774483221970,2026-03-26,0.000030282228726788864
floki,1774486810231,2026-03-26,0.000030267202104679726
floki,1774490489293,2026-03-26,0.000030182997199679487
floki,1774494151780,2026-03-26,0.000029988375274654635
floki,1774497632890,2026-03-26,0.00002982590758937257
floki,1774501232003,2026-03-26,0.000029776825547595024
floki,1774504823273,2026-03-26,0.000029450421609612417
floki,1774508615931,2026-03-26,0.000029349789879200753
floki,1774512128085,2026-03-26,0.00002939649178093673
floki,1774515732190,2026-03-26,0.000029259665823317283
floki,1774519371756,2026-03-26,0.000029013082851819235
floki,1774522937315,2026-03-26,0.000028970714954617294
floki,1774526610756,2026-03-26,0.00002886540774978638
floki,1774530189143,2026-03-26,0.000028920840707236826
floki,1774533781962,2026-03-26,0.000029115068325336225
floki,1774537437257,2026-03-26,0.000028983216093105087
floki,1774540984641,2026-03-26,0.000028729614607949148
floki,1774544571171,2026-03-26,0.000028654844728887375
floki,1774548139378,2026-03-26,0.00002855208623782513
floki,1774551784816,2026-03-26,0.000028545911429490533
floki,1774555381995,2026-03-26,0.000028529691924143636
floki,1774558993238,2026-03-26,0.00002885457156243361
floki,1774562544359,2026-03-26,0.00002904117238856472
floki,1774566141239,2026-03-26,0.000028932991803501814
floki,1774569735890,2026-03-27,0.000028903553684227896
floki,1774573320482,2026-03-27,0.00002892249024422483
floki,1774576954998,2026-03-27,0.00002908207102465591
floki,1774580632960,2026-03-27,0.000029095185458242244
floki,1774584036184,2026-03-27,0.000028961298328451263
floki,1774587643095,2026-03-27,0.000028924500634002457
floki,1774591233455,2026-03-27,0.000028863588503519592
floki,1774594837748,2026-03-27,0.0000289195607846525
floki,1774598546938,2026-03-27,0.000028998315036544912
floki,1774602156804,2026-03-27,0.00002883532196078098
floki,1774605752388,2026-03-27,0.000028544955229398317
floki,1774609354768,2026-03-27,0.000027987299536942875
floki,1774612972062,2026-03-27,0.00002811900680986124
floki,1774616478917,2026-03-27,0.000027909883452497163
floki,1774620071419,2026-03-27,0.00002786989966663138
floki,1774623727312,2026-03-27,0.00002791233099247778
floki,1774627327642,2026-03-27,0.000027991326259805597
floki,1774630921002,2026-03-27,0.000027824437163428636
floki,1774634530712,2026-03-27,0.000027750707272066353
floki,1774638099691,2026-03-27,0.00002768416793958979
floki,1774641711356,2026-03-27,0.000027802222741378523
floki,1774645303615,2026-03-27,0.000027865205682886787
floki,1774648909459,2026-03-27,0.00002781994961788078
floki,1774652537638,2026-03-27,0.000027700747321986
floki,1774656107019,2026-03-28,0.00002765761507062799
floki,1774659705124,2026-03-28,0.000027626723449175867
floki,1774663289711,2026-03-28,0.000027598510567166
floki,1774666908772,2026-03-28,0.000027537513572254715
floki,1774670508559,2026-03-28,0.000027502402768648127
floki,1774674121619,2026-03-28,0.00002749955369643418
floki,1774677728728,2026-03-28,0.000027553599762496627
floki,1774681322844,2026-03-28,0.00002763371560859241
floki,1774684806992,2026-03-28,0.000027783532588579732
floki,1774688517009,2026-03-28,0.000027907764886694823
floki,1774692136006,2026-03-28,0.00002795837808611415
floki,1774695712836,2026-03-28,0.000027910493872285792
floki,1774699300441,2026-03-28,0.000027970526512134796
floki,1774702904963,2026-03-28,0.00002791520782581619
floki,1774706510199,2026-03-28,0.000028272560891257698
floki,1774710116731,2026-03-28,0.000028378357192808655
floki,1774713621938,2026-03-28,0.000028492647766977926
floki,1774717219986,2026-03-28,0.000028281019677996824
floki,1774720822986,2026-03-28,0.000028136790608905325
floki,1774724418608,2026-03-28,0.000028189098998962833
floki,1774728161565,2026-03-28,0.00002811219321312912
floki,1774731750493,2026-03-28,0.000028113370549531993
floki,1774735345412,2026-03-28,0.000027925809941285987
floki,1774738929020,2026-03-28,0.00002784691672374504
floki,1774742550018,2026-03-29,0.000027566193326323954
floki,1774746113215,2026-03-29,0.000027499646420923512
floki,1774749736927,2026-03-29,0.000027551140056024742
floki,1774753388511,2026-03-29,0.000027597427608887945
floki,1774756830511,2026-03-29,0.00002763912631750601
floki,1774760429001,2026-03-29,0.000027658177935697387
floki,1774764026363,2026-03-29,0.000027628540227342567
floki,1774767626586,2026-03-29,0.000027651788986740955
floki,1774771237200,2026-03-29,0.000027606134609623127
floki,1774774827737,2026-03-29,0.00002759407982492432
floki,1774778435332,2026-03-29,0.000027541352990962374
floki,1774782032745,2026-03-29,0.000027468335245821035
floki,1774785630721,2026-03-29,0.000027553171950348707
floki,1774789226495,2026-03-29,0.000027399822574019946
floki,1774792829508,2026-03-29,0.000027340906337749598
floki,1774796580240,2026-03-29,0.000027352858696744436
floki,1774800038042,2026-03-29,0.000027341443493802315
floki,1774803635600,2026-03-29,0.00002728189707881316
floki,1774807236574,2026-03-29,0.000027315672928917428
floki,1774810829151,2026-03-29,0.000027293655977204526
floki,1774814536013,2026-03-29,0.00002721031056580473
floki,1774818149640,2026-03-29,0.00002743942434935925
floki,1774821709729,2026-03-29,0.000027578772660969537
floki,1774825321802,2026-03-29,0.000026899043875177015
floki,1774828904596,2026-03-30,0.000027138831247390914
floki,1774832512429,2026-03-30,0.00002746103096673081
floki,1774836076924,2026-03-30,0.00002770133985570753
floki,1774839677285,2026-03-30,0.00002772400112656033
floki,1774843277458,2026-03-30,0.00002779120021460394
floki,1774846871875,2026-03-30,0.000028108589602495278
floki,1774850471476,2026-03-30,0.000028117142270951813
floki,1774854063457,2026-03-30,0.00002819932862093835
floki,1774857659753,2026-03-30,0.000028531829410505444
floki,1774861271624,2026-03-30,0.00002838996573460265
floki,1774864869287,2026-03-30,0.000028044815655449535
floki,1774868465186,2026-03-30,0.00002818635452227542
floki,1774872079777,2026-03-30,0.000028318707973336086
floki,1774875677078,2026-03-30,0.000028271920121618946
floki,1774879279102,2026-03-30,0.00002799065556711308
floki,1774882940771,2026-03-30,0.000028005153275878183
floki,1774886545886,2026-03-30,0.000028087222087289816
floki,1774890136230,2026-03-30,0.000028069800981760344
floki,1774893784917,2026-03-30,0.000027849609521615923
floki,1774897396831,2026-03-30,0.000027665478306595465
floki,1774900958660,2026-03-30,0.00002761120232807708
floki,1774904596603,2026-03-30,0.00002753566820375518
floki,1774908187770,2026-03-30,0.000027684807477711507
floki,1774911742725,2026-03-30,0.000027612276430372193
floki,1774915337854,2026-03-31,0.000027472841160513277
floki,1774918964915,2026-03-31,0.000027520181616903256
floki,1774922584717,2026-03-31,0.000027869859149129153
floki,1774926202238,2026-03-31,0.000027932513747403038
floki,1774929760540,2026-03-31,0.000027776668807307685
floki,1774933391489,2026-03-31,0.000027746359018502903
floki,1774936997725,2026-03-31,0.00002773679994708051
floki,1774940565614,2026-03-31,0.000027806938897900247
floki,1774944141772,2026-03-31,0.000027799850352586417
floki,1774947768300,2026-03-31,0.000027608628522934718
floki,1774951376671,2026-03-31,0.000027354138282487135
floki,1774954949226,2026-03-31,0.000027243116526991916
floki,1774958601115,2026-03-31,0.000027325458054997463
floki,1774962150858,2026-03-31,0.00002730537772025116
floki,1774965750439,2026-03-31,0.000027484441078467007
floki,1774969394494,2026-03-31,0.00002731915521122974
floki,1774972963800,2026-03-31,0.00002733639495283267
floki,1774976453569,2026-03-31,0.000027607567603623938
floki,1774980060393,2026-03-31,0.000027526942318514492
floki,1774983752310,2026-03-31,0.000027759394283889734
floki,1774987359598,2026-03-31,0.00002781648783491204
floki,1774990919356,2026-03-31,0.000027908047436356937
floki,1774994539829,2026-03-31,0.00002782929240824141
floki,1774998151356,2026-03-31,0.000027660598920272032
floki,1775001758664,2026-04-01,0.000027772629797169254
floki,1775005371418,2026-04-01,0.00002789513514315638
floki,1775008953238,2026-04-01,0.000027834991063162284
floki,1775012518264,2026-04-01,0.000027745304718344273
floki,1775016146007,2026-04-01,0.000027910406687059695
floki,1775019765207,2026-04-01,0.00002795296306439953
floki,1775023323181,2026-04-01,0.00002818130087324804
floki,1775026960930,2026-04-01,0.00002838465921827738
floki,1775030498358,2026-04-01,0.000028364750706001196
floki,1775034138379,2026-04-01,0.000028267133727442953
floki,1775037693981,2026-04-01,0.00002817331609221486
floki,1775041255073,2026-04-01,0.000028139971461913987
floki,1775044848432,2026-04-01,0.00002827397899892106
floki,1775048441618,2026-04-01,0.000028366125344546438
floki,1775052125463,2026-04-01,0.000028162780014013695
floki,1775055760010,2026-04-01,0.000028263035098766264
floki,1775059292610,2026-04-01,0.000028281422025607812
floki,1775062811199,2026-04-01,0.00002837511413286441
floki,1775066410920,2026-04-01,0.00002822466133080345
floki,1775070144590,2026-04-01,0.000027993496877557326
floki,1775073733900,2026-04-01,0.00002806037321791388
floki,1775077341835,2026-04-01,0.000027940196632278317
floki,1775080946788,2026-04-01,0.000028037370312169674
floki,1775084571254,2026-04-01,0.000027826636919133046
floki,1775088155830,2026-04-02,0.000027773682730613377
floki,1775091747891,2026-04-02,0.00002797739128093931
floki,1775095400369,2026-04-02,0.000027212159325008762
floki,1775098983170,2026-04-02,0.000026933506312167124
floki,1775102608262,2026-04-02,0.000026954394923908388
floki,1775106113915,2026-04-02,0.000026841040669597653
floki,1775109753021,2026-04-02,0.000026758243483802358
floki,1775113378863,2026-04-02,0.000026763685476871775
floki,1775117002954,2026-04-02,0.00002687151164581757
floki,1775120575442,2026-04-02,0.000026676123441122263
floki,1775124162789,2026-04-02,0.000026615284830295937
floki,1775127786022,2026-04-02,0.00002650753546000534
floki,1775131347103,2026-04-02,0.000026454303168635315
floki,1775134823779,2026-04-02,0.000026372352068305188
floki,1775138421140,2026-04-02,0.000026266296856802234
floki,1775142023160,2026-04-02,0.000026686577676970643
floki,1775145684615,2026-04-02,0.000026565093167461302
floki,1775149306921,2026-04-02,0.00002666096966277786
floki,1775152917708,2026-04-02,0.000026580731766325628
floki,1775156445773,2026-04-02,0.000026628987829767993
floki,1775160021857,2026-04-02,0.00002654716442247022
floki,1775163779162,2026-04-02,0.00002664857003478173
floki,1775167394432,2026-04-02,0.000026515585167265097
floki,1775170977915,2026-04-02,0.00002657026783985295
floki,1775174586783,2026-04-03,0.000026547588627840804
floki,1775178151806,2026-04-03,0.000026477920803420072
floki,1775181779642,2026-04-03,0.000026418485887899228
floki,1775185445566,2026-04-03,0.00002640965209251953
floki,1775188992429,2026-04-03,0.000026641917127138717
floki,1775192559481,2026-04-03,0.00002680641896191339
floki,1775196214425,2026-04-03,0.00002711172534187176
floki,1775199602355,2026-04-03,0.000027218400769650287
floki,1775203384132,2026-04-03,0.000027085440059903802
floki,1775206945092,2026-04-03,0.000027164027447465327
floki,1775210593395,2026-04-03,0.000027267157850281567
floki,1775214170904,2026-04-03,0.000027208589470471114
floki,1775217790391,2026-04-03,0.000027220963930866137
floki,1775221355037,2026-04-03,0.00002713467946939111
floki,1775224963827,2026-04-03,0.000027038471635755635
floki,1775228544572,2026-04-03,0.000027072531379127417
floki,1775232171068,2026-04-03,0.000026874668263669702
floki,1775235728186,2026-04-03,0.000026943535078030663
floki,1775239321450,2026-04-03,0.000026843943466165467
floki,1775242818558,2026-04-03,0.000026879362644242768
floki,1775246556781,2026-04-03,0.000026829027638748722
floki,1775250250779,2026-04-03,0.000026816797243799893
floki,1775253895681,2026-04-03,0.0000269061713237648
floki,1775257425695,2026-04-03,0.000026730452553530952
floki,1775261048701,2026-04-04,0.000026719335313876698
floki,1775264640708,2026-04-04,0.00002655135765980805
floki,1775268448973,2026-04-04,0.00002656864806169675
floki,1775272814314,2026-04-04,0.00002648978761144103
floki,1775278017165,2026-04-04,0.00002654978223478562
floki,1775280472950,2026-04-04,0.000026509889631654422
floki,1775284399071,2026-04-04,0.00002654968277046926
floki,1775288322144,2026-04-04,0.00002673913397721782
floki,1775294327974,2026-04-04,0.000026735660703244178
floki,1775298233814,2026-04-04,0.000026689499359740652
floki,1775299712133,2026-04-04,0.00002680091046805726
floki,1775300407787,2026-04-04,0.000026807435356380486
floki,1775304184612,2026-04-04,0.000026868787162657015
floki,1775307669591,2026-04-04,0.000026811837303972092
floki,1775311272802,2026-04-04,0.0000266804488292522
floki,1775314873841,2026-04-04,0.00002674425889471856
floki,1775318460569,2026-04-04,0.00002692054147825834
floki,1775322040263,2026-04-04,0.000026892552563844357
floki,1775325793312,2026-04-04,0.000027178494247112153
floki,1775329363255,2026-04-04,0.00002715702387968978
floki,1775332945443,2026-04-04,0.00002719650472363307
floki,1775336579732,2026-04-04,0.00002702518898401217
floki,1775340168621,2026-04-04,0.000027102869293248288
floki,1775343752026,2026-04-04,0.000027115783132101638
floki,1775347324671,2026-04-05,0.00002715073730555389
floki,1775350879417,2026-04-05,0.000027191425700878226
floki,1775354478825,2026-04-05,0.000027025858073790085
floki,1775358095723,2026-04-05,0.00002701551147062157
floki,1775361744001,2026-04-05,0.00002702113479414485
floki,1775365392675,2026-04-05,0.000026985211712028215
floki,1775368991203,2026-04-05,0.000026922066694379004
floki,1775372574461,2026-04-05,0.00002681208729376365
floki,1775376173991,2026-04-05,0.000026619159155271157
floki,1775379831778,2026-04-05,0.000026640376480300906
floki,1775383385914,2026-04-05,0.000026692698047361628
floki,1775386968509,2026-04-05,0.000026601777266799834
floki,1775390640942,2026-04-05,0.000026607120447811933
floki,1775394238953,2026-04-05,0.00002646792751956646
floki,1775397827140,2026-04-05,0.00002652887416003579
floki,1775401296503,2026-04-05,0.000026486796039595915
floki,1775404877839,2026-04-05,0.000026517962562868317
floki,1775408494480,2026-04-05,0.00002629710321740987
floki,1775412092466,2026-04-05,0.000026376349871193692
floki,1775415696219,2026-04-05,0.000026321713673663475
floki,1775419289651,2026-04-05,0.000026265810488466197
floki,1775422967690,2026-04-05,0.00002634353498890531
floki,1775426551791,2026-04-05,0.000026353381029217753
floki,1775430205885,2026-04-05,0.00002669283898379536
floki,1775433822785,2026-04-06,0.000027134591902282658
floki,1775437430409,2026-04-06,0.000027563486011462012
floki,1775440961385,2026-04-06,0.00002744855109854033
floki,1775444679530,2026-04-06,0.000027628397203213785
floki,1775448165719,2026-04-06,0.00002749903215641945
floki,1775451778349,2026-04-06,0.000027620098161889075
floki,1775455388869,2026-04-06,0.00002745974580880619
floki,1775459014012,2026-04-06,0.000027490184043182766
floki,1775462652684,2026-04-06,0.000027430732400156757
floki,1775466239513,2026-04-06,0.000027421309236566543
floki,1775469664507,2026-04-06,0.000027698091974631587
floki,1775473262403,2026-04-06,0.00002787906762272454
floki,1775477077429,2026-04-06,0.000027848215524607006
floki,1775480473167,2026-04-06,0.0000279069034173078
floki,1775484150753,2026-04-06,0.00002781068431891929
floki,1775487785229,2026-04-06,0.000027848209540058585
floki,1775491409253,2026-04-06,0.000027865044209408295
floki,1775494993376,2026-04-06,0.000027810181549241386
floki,1775498608284,2026-04-06,0.000027780252779982054
floki,1775502211310,2026-04-06,0.00002775511107011823
floki,1775505797404,2026-04-06,0.000027555716449665443
floki,1775509424766,2026-04-06,0.000027405398068901507
floki,1775513041873,2026-04-06,0.00002736825822438638
floki,1775516617369,2026-04-06,0.000026972028543312223
floki,1775520175947,2026-04-07,0.000026838263513602025
floki,1775523765261,2026-04-07,0.00002688968645931846
floki,1775527367703,2026-04-07,0.000026833974947155247
floki,1775530959277,2026-04-07,0.000026860616139506322
floki,1775534519307,2026-04-07,0.000026917682312109627
floki,1775538128539,2026-04-07,0.00002706502745452373
floki,1775541746488,2026-04-07,0.000026895745418707323
floki,1775545351623,2026-04-07,0.000026843744932661197
floki,1775548904991,2026-04-07,0.000026872282353295766
floki,1775552530467,2026-04-07,0.000026879409606886554
floki,1775556089771,2026-04-07,0.00002710863575787609
floki,1775559698813,2026-04-07,0.000026916309397840137
floki,1775563304006,2026-04-07,0.000026860032640277007
floki,1775566924284,2026-04-07,0.000026850907983565825
floki,1775570528677,2026-04-07,0.000026877309556083715
floki,1775574129557,2026-04-07,0.000026810035432961275
floki,1775577727321,2026-04-07,0.000026787653192092587
floki,1775581382578,2026-04-07,0.000026859005313919228
floki,1775584997182,2026-04-07,0.000027173636259467566
floki,1775588569797,2026-04-07,0.000027013811625659845
floki,1775592170929,2026-04-07,0.000027467780061243887
floki,1775595784284,2026-04-07,0.00002743800561292855
floki,1775599360249,2026-04-07,0.000028002325698890008
floki,1775602960828,2026-04-07,0.000028664838523236332
floki,1775606649161,2026-04-08,0.000028878552536160506
floki,1775610240226,2026-04-08,0.000028400961848637652
floki,1775613809474,2026-04-08,0.000028554206458315123
floki,1775617472160,2026-04-08,0.000028637844942648157
floki,1775621052084,2026-04-08,0.000028710348491334986
floki,1775624630011,2026-04-08,0.00002877188986945541
floki,1775628221421,2026-04-08,0.00002888303116942651
floki,1775631813061,2026-04-08,0.00002879451811161
floki,1775635383598,2026-04-08,0.000028701397641838597
floki,1775638980394,2026-04-08,0.000028648689678781334
floki,1775642586692,2026-04-08,0.000028673972504601996
floki,1775646181110,2026-04-08,0.000028526060696591614
floki,1775649779149,2026-04-08,0.00002839693524222361
floki,1775653381304,2026-04-08,0.00002832929416283478
floki,1775656920782,2026-04-08,0.000028415488435699043
floki,1775660571676,2026-04-08,0.00002788643239409418
floki,1775664171474,2026-04-08,0.00002814300093812025
floki,1775667771123,2026-04-08,0.000028166930570611577
floki,1775671373525,2026-04-08,0.000028204078506995985
floki,1775674971408,2026-04-08,0.000027907093351006828
floki,1775678574876,2026-04-08,0.000027794122659629712
floki,1775682175494,2026-04-08,0.000027783254328200703
floki,1775685775045,2026-04-08,0.000027998912383755314
floki,1775689380884,2026-04-08,0.00002779572842650966
floki,1775692966398,2026-04-09,0.000027533783156771278
floki,1775696562176,2026-04-09,0.000027431734606601405
floki,1775700058165,2026-04-09,0.000027366952714901028
floki,1775703814483,2026-04-09,0.00002748494061672051
floki,1775707421387,2026-04-09,0.000027406306963991154
floki,1775711097550,2026-04-09,0.000027365414810165187
floki,1775714615583,2026-04-09,0.000027453891396814157
floki,1775718156578,2026-04-09,0.00002763934139674343
floki,1775721717700,2026-04-09,0.00002765197695738147
floki,1775725212819,2026-04-09,0.000027738458826812733
floki,1775728814408,2026-04-09,0.000027981054470829125
floki,1775732514403,2026-04-09,0.000027932137922881106
floki,1775736123403,2026-04-09,0.000027827527032558792
floki,1775739747649,2026-04-09,0.000027946552406087693
floki,1775743403763,2026-04-09,0.0000277393034907374
floki,1775747008158,2026-04-09,0.000027753982816629502
floki,1775750605658,2026-04-09,0.00002813403362362562
floki,1775754204407,2026-04-09,0.000028067984376975048
floki,1775757805920,2026-04-09,0.000028344540388091888
floki,1775761398046,2026-04-09,0.000028284284028919655
floki,1775764998053,2026-04-09,0.000028359851000280563
floki,1775768601804,2026-04-09,0.00002853928502774819
floki,1775772174090,2026-04-09,0.000028641622221143193
floki,1775775774458,2026-04-09,0.000028887609038190695
floki,1775779335161,2026-04-10,0.000028351843833993217
floki,1775782940459,2026-04-10,0.00002850098420588578
floki,1775786539057,2026-04-10,0.000028407865599829743
floki,1775790163826,2026-04-10,0.00002831921429190552
floki,1775793644218,2026-04-10,0.000028240814545530574
floki,1775797353252,2026-04-10,0.000028727427928082226
floki,1775801029227,2026-04-10,0.00002885172835416315
floki,1775804579819,2026-04-10,0.000028405741771231234
floki,1775808232256,2026-04-10,0.000028418201710926795
floki,1775811849467,2026-04-10,0.000028395682401792868
floki,1775815313204,2026-04-10,0.000028405346899502433
floki,1775818910321,2026-04-10,0.000028334775000545862
floki,1775822514206,2026-04-10,0.00002843939572079735
floki,1775826463000,2026-04-10,0.000029003969599148986
pepe,1773234149112,2026-03-11,0.0000033063427473715952
pepe,1773237714966,2026-03-11,0.0000033255659549543757
pepe,1773241316435,2026-03-11,0.000003353586862354958
pepe,1773245010583,2026-03-11,0.0000033348906080217677
pepe,1773248570727,2026-03-11,0.000003353250144024205
pepe,1773252194117,2026-03-11,0.0000033616017125517395
pepe,1773255729355,2026-03-11,0.0000033822297476491216
pepe,1773259395726,2026-03-11,0.0000033656112194626597
pepe,1773262962290,2026-03-11,0.0000033494544919071694
pepe,1773266583743,2026-03-11,0.0000033553805075019574
pepe,1773270075790,2026-03-11,0.000003346383343973717
pepe,1773273788618,2026-03-12,0.000003334665153936164
pepe,1773277388845,2026-03-12,0.00000333248567531913
pepe,1773281049445,2026-03-12,0.000003312325092671657
pepe,1773284623508,2026-03-12,0.0000032846043784337536
pepe,1773288140551,2026-03-12,0.0000032841185389449882
pepe,1773291618752,2026-03-12,0.00000328285300726292
pepe,1773295269733,2026-03-12,0.000003274633002645819
pepe,1773298999620,2026-03-12,0.0000032716007077881594
pepe,1773302538882,2026-03-12,0.0000032963160105896022
pepe,1773306138249,2026-03-12,0.0000032944779599095768
pepe,1773309755454,2026-03-12,0.0000033013892402825365
pepe,1773313424167,2026-03-12,0.0000033331233330059052
pepe,1773316902723,2026-03-12,0.000003328127742387477
pepe,1773320505890,2026-03-12,0.00000333362285319707
pepe,1773324026033,2026-03-12,0.00000330991317695928
pepe,1773327791684,2026-03-12,0.000003275677166718743
pepe,1773331416040,2026-03-12,0.0000032981582597838552
pepe,1773334944200,2026-03-12,0.0000033154069506940597
pepe,1773338636443,2026-03-12,0.0000033224225958105623
pepe,1773342140629,2026-03-12,0.0000033206916222185567
pepe,1773345735683,2026-03-12,0.0000033540723947239042
pepe,1773349430269,2026-03-12,0.000003318934236456232
pepe,1773352952939,2026-03-12,0.0000033497701041976594
pepe,1773356629995,2026-03-12,0.000003343061753773546
pepe,1773360204425,2026-03-13,0.000003350909512773712
pepe,1773363612508,2026-03-13,0.0000033968292061065666
pepe,1773367339831,2026-03-13,0.000003454240934052602
pepe,1773371028017,2026-03-13,0.0000034229388364819157
pepe,1773374572794,2026-03-13,0.000003450075332151154
pepe,1773378139069,2026-03-13,0.000003445629701266399
pepe,1773381732302,2026-03-13,0.000003446652985999024
pepe,1773385310597,2026-03-13,0.0000034399943646805135
pepe,1773388885987,2026-03-13,0.0000034515116119293495
pepe,1773392543212,2026-03-13,0.0000034665499239630003
pepe,1773396201747,2026-03-13,0.000003507562516691801
pepe,1773399773758,2026-03-13,0.0000035372557682070124
pepe,1773403411759,2026-03-13,0.0000036052391042545916
pepe,1773407012017,2026-03-13,0.0000036292046214185898
pepe,1773410564638,2026-03-13,0.000003590216366419436
pepe,1773414033882,2026-03-13,0.0000034868083422858175
pepe,1773417661087,2026-03-13,0.000003483612379230462
pepe,1773421423306,2026-03-13,0.000003489013842725378
pepe,1773424978329,2026-03-13,0.000003415566850218255
pepe,1773428611672,2026-03-13,0.0000034036067919664715
pepe,1773432222899,2026-03-13,0.000003393733572419881
pepe,1773435775203,2026-03-13,0.0000034069572685175364
pepe,1773439368554,2026-03-13,0.0000034015198365932017
pepe,1773442960433,2026-03-13,0.000003367861364848402
pepe,1773446582506,2026-03-14,0.000003368602453114523
pepe,1773450197663,2026-03-14,0.0000033733915228275966
pepe,1773453783820,2026-03-14,0.0000034037395421251074
pepe,1773457337593,2026-03-14,0.0000034139619155175776
pepe,1773461015509,2026-03-14,0.000003404896603174569
pepe,1773464549589,2026-03-14,0.000003402960350957979
pepe,1773468129174,2026-03-14,0.0000033787522337473507
pepe,1773471798438,2026-03-14,0.000003347579456208748
pepe,1773475394441,2026-03-14,0.000003345462097474203
pepe,1773479014436,2026-03-14,0.000003344904179267054
pepe,1773482583404,2026-03-14,0.0000033350288654502677
pepe,1773486036495,2026-03-14,0.0000033288506324318687
pepe,1773489740955,2026-03-14,0.000003344361228515817
pepe,1773493221235,2026-03-14,0.000003343722691371163
pepe,1773497035204,2026-03-14,0.0000033610439626265584
pepe,1773500593386,2026-03-14,0.000003344630442849937
pepe,1773504174265,2026-03-14,0.0000033505193794102833
pepe,1773507773482,2026-03-14,0.0000033545479990065513
pepe,1773511209830,2026-03-14,0.0000033378987559162166
pepe,1773514912487,2026-03-14,0.0000033273352741424237
pepe,1773518453953,2026-03-14,0.00000332585529326872
pepe,1773522172430,2026-03-14,0.0000033248727718436695
pepe,1773525648128,2026-03-14,0.0000033339964047541954
pepe,1773529497471,2026-03-14,0.0000033361685979090076
pepe,1773533372201,2026-03-15,0.000003353582279617748
pepe,1773536764376,2026-03-15,0.0000033407292013993976
pepe,1773540574941,2026-03-15,0.0000033527669128296825
pepe,1773544144983,2026-03-15,0.000003392322135664247
pepe,1773547686442,2026-03-15,0.000003366309879606928
pepe,1773551371301,2026-03-15,0.0000033569787276529525
pepe,1773554959676,2026-03-15,0.0000033572913181896952
pepe,1773558556999,2026-03-15,0.000003350497726156756
pepe,1773561749634,2026-03-15,0.000003358029565472244
pepe,1773565349313,2026-03-15,0.000003377456806342262
pepe,1773568939219,2026-03-15,0.0000033677015286477684
pepe,1773572562473,2026-03-15,0.000003376178569593691
pepe,1773576137454,2026-03-15,0.000003384975737936564
pepe,1773579719157,2026-03-15,0.0000033759115611402187
pepe,1773583336339,2026-03-15,0.0000033525667692154826
pepe,1773586932565,2026-03-15,0.0000033651476464683775
pepe,1773590585327,2026-03-15,0.0000033448922911504462
pepe,1773594212564,2026-03-15,0.0000033342949106134847
pepe,1773597811082,2026-03-15,0.0000033706658089387876
pepe,1773601311772,2026-03-15,0.000003343742099623245
pepe,1773604894893,2026-03-15,0.0000033592186497488743
pepe,1773608657025,2026-03-15,0.000003364799218459113
pepe,1773612187721,2026-03-15,0.000003384598991599971
pepe,1773615836315,2026-03-15,0.0000034411103663398594
pepe,1773619462848,2026-03-16,0.000003449505418422141
pepe,1773623043714,2026-03-16,0.000003488543076650416
pepe,1773626643311,2026-03-16,0.0000035128274045366262
pepe,1773630213153,2026-03-16,0.0000035081361012674196
pepe,1773633814130,2026-03-16,0.0000035922787893666627
pepe,1773637453479,2026-03-16,0.0000036717065597208912
pepe,1773641028646,2026-03-16,0.0000037630474440170994
pepe,1773644634549,2026-03-16,0.000003869830892372293
pepe,1773648197351,2026-03-16,0.000004024068862685805
pepe,1773651809572,2026-03-16,0.0000039312582931780135
pepe,1773655259671,2026-03-16,0.000004022872446671481
pepe,1773658934110,2026-03-16,0.000003951078906776529
pepe,1773662551626,2026-03-16,0.000003968912155560152
pepe,1773666044204,2026-03-16,0.000004045496956474001
pepe,1773669739430,2026-03-16,0.000003978563511303542
pepe,1773673336324,2026-03-16,0.0000040250810584983225
pepe,1773676922585,2026-03-16,0.0000039029916923822055
pepe,1773680533781,2026-03-16,0.000003927635912460076
pepe,1773684156273,2026-03-16,0.0000039494038714654006
pepe,1773687779977,2026-03-16,0.000003969097554139072
pepe,1773691376276,2026-03-16,0.000003989597216725038
pepe,1773695030930,2026-03-16,0.000003981757863140402
pepe,1773698622616,2026-03-16,0.0000039689999083026895
pepe,1773702085490,2026-03-16,0.000004010715981889059
pepe,1773705766659,2026-03-17,0.000004009336683912629
pepe,1773709223858,2026-03-17,0.000003975085922222565
pepe,1773712960309,2026-03-17,0.0000039695659403365946
pepe,1773716583603,2026-03-17,0.000003944856346367963
pepe,1773720047874,2026-03-17,0.000003921836950085978
pepe,1773723756585,2026-03-17,0.000003847024220283853
pepe,1773727425895,2026-03-17,0.0000038062358374876275
pepe,1773730839642,2026-03-17,0.0000037962974336555483
pepe,1773734610939,2026-03-17,0.0000038118418206947535
pepe,1773738163323,2026-03-17,0.0000038047362914311374
pepe,1773741762134,2026-03-17,0.0000037832711492352656
pepe,1773745337871,2026-03-17,0.00000375234480710259
pepe,1773748973335,2026-03-17,0.0000037129874334559044
pepe,1773752579939,2026-03-17,0.00000366360997640471
pepe,1773756146233,2026-03-17,0.000003661403711847715
pepe,1773759751612,2026-03-17,0.0000036824193416090686
pepe,1773763346368,2026-03-17,0.0000036448085508442374
pepe,1773767054057,2026-03-17,0.0000036567846465336086
pepe,1773770561286,2026-03-17,0.000003692079699299215
pepe,1773774150274,2026-03-17,0.000003713202602693423
pepe,1773777749477,2026-03-17,0.0000036904803475461046
pepe,1773781407724,2026-03-17,0.0000036892298737978754
pepe,1773784952809,2026-03-17,0.0000037188046195869085
pepe,1773788597486,2026-03-17,0.0000036963697514403457
pepe,1773792230847,2026-03-18,0.0000036663898046403934
pepe,1773795787062,2026-03-18,0.0000036777033411089925
pepe,1773799414022,2026-03-18,0.0000036867470857103983
pepe,1773802965031,2026-03-18,0.000003726380294694524
pepe,1773806564510,2026-03-18,0.00000373562947380615
pepe,1773810181769,2026-03-18,0.0000036862172709275546
pepe,1773813698235,2026-03-18,0.0000036789725491655624
pepe,1773817436580,2026-03-18,0.0000036766726298570504
pepe,1773820992881,2026-03-18,0.000003667262486202319
pepe,1773824568409,2026-03-18,0.0000036665221796471845
pepe,1773828206008,2026-03-18,0.0000036724726079930596
pepe,1773831779996,2026-03-18,0.000003666479572903275
pepe,1773835383784,2026-03-18,0.000003587686948943643
pepe,1773838995531,2026-03-18,0.0000035318515533984883
pepe,1773842598290,2026-03-18,0.0000035211329580026685
pepe,1773846192691,2026-03-18,0.0000034683053921406333
pepe,1773849736321,2026-03-18,0.0000034709840901749203
pepe,1773853369638,2026-03-18,0.0000034578473554611837
pepe,1773856963948,2026-03-18,0.000003475525722154473
pepe,1773860418232,2026-03-18,0.000003492973308290391
pepe,1773864072168,2026-03-18,0.0000034815491435396334
pepe,1773867772803,2026-03-18,0.000003512911835996206
pepe,1773871401940,2026-03-18,0.0000035235746202078944
pepe,1773874913705,2026-03-18,0.0000035146414043907647
pepe,1773878501533,2026-03-19,0.000003522915863772106
pepe,1773882106185,2026-03-19,0.0000035143077468328497
pepe,1773885775036,2026-03-19,0.000003513269193020407
pepe,1773889405803,2026-03-19,0.0000035136749063431654
pepe,1773892967910,2026-03-19,0.0000035214492368845567
pepe,1773896590220,2026-03-19,0.0000034938921074545814
pepe,1773900098154,2026-03-19,0.0000034742881958103644
pepe,1773903802109,2026-03-19,0.000003476206673374611
pepe,1773907375031,2026-03-19,0.0000034604092229671652
pepe,1773910994222,2026-03-19,0.0000034568530387568256
pepe,1773914586075,2026-03-19,0.0000034813900061430103
pepe,1773918158541,2026-03-19,0.0000034620914585046224
pepe,1773921825433,2026-03-19,0.0000034454454433140843
pepe,1773925265994,2026-03-19,0.0000033897946962294396
pepe,1773928943311,2026-03-19,0.0000034108581760189123
pepe,1773932507079,2026-03-19,0.000003396874822681726
pepe,1773936140112,2026-03-19,0.000003400691022606167
pepe,1773939766112,2026-03-19,0.0000033405593800721925
pepe,1773943358052,2026-03-19,0.000003364144748846226
pepe,1773946891076,2026-03-19,0.0000033711503258038094
pepe,1773950459627,2026-03-19,0.0000033976641936248373
pepe,1773954073912,2026-03-19,0.0000034057156782079633
pepe,1773957725243,2026-03-19,0.0000034134544726670745
pepe,1773961370861,2026-03-19,0.0000034045287933584147
pepe,1773964965827,2026-03-20,0.00000341177093975924
pepe,1773968586496,2026-03-20,0.000003427177261017805
pepe,1773972197540,2026-03-20,0.0000034430047761213433
pepe,1773975765126,2026-03-20,0.0000034276149689496574
pepe,1773979355415,2026-03-20,0.0000034271753856726568
pepe,1773982945356,2026-03-20,0.000003436948931586979
pepe,1773986513265,2026-03-20,0.0000034711369145067163
pepe,1773990195596,2026-03-20,0.0000034547760861070813
pepe,1773993700557,2026-03-20,0.0000034461237693190575
pepe,1773997395364,2026-03-20,0.0000034557227835205106
pepe,1774000832157,2026-03-20,0.0000034354367865186006
pepe,1774004566570,2026-03-20,0.0000034439582048446896
pepe,1774008064418,2026-03-20,0.000003426015174363259
pepe,1774011767871,2026-03-20,0.000003415115507402015
pepe,1774015386383,2026-03-20,0.000003406065321435793
pepe,1774018930163,2026-03-20,0.0000034078692054217763
pepe,1774022588442,2026-03-20,0.000003433600010744158
pepe,1774026191064,2026-03-20,0.000003419103689398152
pepe,1774029708783,2026-03-20,0.0000034219257284320825
pepe,1774033336848,2026-03-20,0.000003399911837758544
pepe,1774036960528,2026-03-20,0.0000034008055942542207
pepe,1774040629663,2026-03-20,0.0000034050792402728694
pepe,1774044265924,2026-03-20,0.0000034285142743421354
pepe,1774047764973,2026-03-20,0.0000034347216563631253
pepe,1774051340553,2026-03-21,0.0000034163238397107055
pepe,1774054942940,2026-03-21,0.0000034258623388837083
pepe,1774058528387,2026-03-21,0.000003414499563114105
pepe,1774062124273,2026-03-21,0.00000343383639912752
pepe,1774065677301,2026-03-21,0.0000034347389953187483
pepe,1774069288178,2026-03-21,0.000003432209542186488
pepe,1774073246488,2026-03-21,0.0000034429707657634656
pepe,1774076679998,2026-03-21,0.000003442854038020249
pepe,1774080190270,2026-03-21,0.0000034253736195453126
pepe,1774083710312,2026-03-21,0.000003425651154906606
pepe,1774087232122,2026-03-21,0.0000034265524876973136
pepe,1774091117346,2026-03-21,0.000003416082404055168
pepe,1774094728683,2026-03-21,0.0000034149103138030196
pepe,1774098173461,2026-03-21,0.0000034147750991258215
pepe,1774101779552,2026-03-21,0.0000034146753989387353
pepe,1774105453743,2026-03-21,0.000003416209809365387
pepe,1774109229473,2026-03-21,0.000003441060076102828
pepe,1774112805289,2026-03-21,0.0000034240065244312792
pepe,1774116275879,2026-03-21,0.0000034162183802245736
pepe,1774119978787,2026-03-21,0.000003408310261855255
pepe,1774123434963,2026-03-21,0.0000034055089317907486
pepe,1774127011576,2026-03-21,0.0000034335359139162253
pepe,1774130616274,2026-03-21,0.0000034308590748596127
pepe,1774134286743,2026-03-21,0.0000034332216006180948
pepe,1774137909067,2026-03-22,0.0000033217929742653333
pepe,1774141629560,2026-03-22,0.000003329416768753441
pepe,1774144934867,2026-03-22,0.0000033188569001027295
pepe,1774148600914,2026-03-22,0.0000033397340384669083
pepe,1774152207222,2026-03-22,0.0000033523888090024808
pepe,1774155857802,2026-03-22,0.0000033625854767852424
pepe,1774159632588,2026-03-22,0.0000033545510511703015
pepe,1774162991643,2026-03-22,0.0000033435059748246485
pepe,1774166594800,2026-03-22,0.000003324174268988831
pepe,1774170267393,2026-03-22,0.000003314275332500625
pepe,1774173707210,2026-03-22,0.000003314260017542648
pepe,1774177382483,2026-03-22,0.000003297872014373633
pepe,1774181045349,2026-03-22,0.000003295725326180293
pepe,1774184609477,2026-03-22,0.0000033055481807655965
pepe,1774188206772,2026-03-22,0.000003305906077604347
pepe,1774191802464,2026-03-22,0.0000033086381819602002
pepe,1774195383801,2026-03-22,0.000003305694081026364
pepe,1774198947044,2026-03-22,0.0000033129310280684402
pepe,1774202453931,2026-03-22,0.0000033053724558730376
pepe,1774206022678,2026-03-22,0.0000032815583298284655
pepe,1774209624006,2026-03-22,0.0000032681017381837187
pepe,1774213407792,2026-03-22,0.0000032686012642351396
pepe,1774216852778,2026-03-22,0.000003251165059807265
pepe,1774220529692,2026-03-22,0.0000032929206413827785
pepe,1774224161262,2026-03-23,0.0000032780919116413433
pepe,1774227782526,2026-03-23,0.000003288136106589449
pepe,1774231397411,2026-03-23,0.000003303174813579064
pepe,1774234969636,2026-03-23,0.0000033144540812262145
pepe,1774238567547,2026-03-23,0.000003316275467703476
pepe,1774242166082,2026-03-23,0.0000033294669341141997
pepe,1774245768686,2026-03-23,0.0000033438936775896896
pepe,1774249415623,2026-03-23,0.0000033014235891342007
pepe,1774253014175,2026-03-23,0.000003285257951106295
pepe,1774256613537,2026-03-23,0.000003278056836509507
pepe,1774260212626,2026-03-23,0.000003278615608359284
pepe,1774263809232,2026-03-23,0.0000032820293590418857
pepe,1774267424769,2026-03-23,0.0000033842710010608895
pepe,1774271019539,2026-03-23,0.000003411860365343176
pepe,1774274619417,2026-03-23,0.000003436990875088153
pepe,1774278221298,2026-03-23,0.0000034634085779570793
pepe,1774281819144,2026-03-23,0.000003462816327013353
pepe,1774285484471,2026-03-23,0.0000034593965923438977
pepe,1774289087417,2026-03-23,0.0000034887381813948385
pepe,1774292683870,2026-03-23,0.000003518031826556816
pepe,1774296282621,2026-03-23,0.000003495851882567449
pepe,1774299887929,2026-03-23,0.000003514367902103868
pepe,1774303481070,2026-03-23,0.0000034988662357242425
pepe,1774307084988,2026-03-23,0.0000034518267193442136
pepe,1774310693943,2026-03-24,0.0000034555845310992107
pepe,1774314299994,2026-03-24,0.0000034273166291804335
pepe,1774317891229,2026-03-24,0.0000034010999054184185
pepe,1774321483396,2026-03-24,0.000003403324129755383
pepe,1774325081388,2026-03-24,0.00000342926881176385
pepe,1774328675008,2026-03-24,0.0000034102029423727054
pepe,1774332150857,2026-03-24,0.000003414988608895424
pepe,1774335729617,2026-03-24,0.0000034220953658537358
pepe,1774339332272,2026-03-24,0.0000034780134687976612
pepe,1774342931217,2026-03-24,0.0000034771037008969973
pepe,1774346531002,2026-03-24,0.000003464572111789824
pepe,1774350125199,2026-03-24,0.00000344384415660624
pepe,1774353759508,2026-03-24,0.000003417771669194852
pepe,1774357343936,2026-03-24,0.000003427514989960173
pepe,1774360931232,2026-03-24,0.0000034138559497015883
pepe,1774364547969,2026-03-24,0.000003418391752545823
pepe,1774368136410,2026-03-24,0.0000034157185287655747
pepe,1774371744295,2026-03-24,0.0000034160716023418353
pepe,1774375339755,2026-03-24,0.00000339031601680935
pepe,1774378948771,2026-03-24,0.000003423667852821446
pepe,1774382539877,2026-03-24,0.000003423096084714156
pepe,1774386160078,2026-03-24,0.000003484547706832261
pepe,1774389745680,2026-03-24,0.0000034827696652914665
pepe,1774393330999,2026-03-24,0.0000034914630424018412
pepe,1774396928721,2026-03-25,0.0000035328587369201136
pepe,1774400536578,2026-03-25,0.000003532566153912708
pepe,1774404149375,2026-03-25,0.0000035213564396450413
pepe,1774407735977,2026-03-25,0.00000350423180324018
pepe,1774411340240,2026-03-25,0.0000035307818290405337
pepe,1774414937237,2026-03-25,0.000003532507397778701
pepe,1774418549282,2026-03-25,0.0000035584878725975893
pepe,1774422133757,2026-03-25,0.000003600738299041721
pepe,1774425761818,2026-03-25,0.000003572525679791865
pepe,1774429344244,2026-03-25,0.0000035766220281288876
pepe,1774432940655,2026-03-25,0.0000035453465977479527
pepe,1774436559795,2026-03-25,0.0000035488913283520666
pepe,1774440155670,2026-03-25,0.000003551536717261263
pepe,1774443806780,2026-03-25,0.0000035690865811575123
pepe,1774447382070,2026-03-25,0.000003569313958893432
pepe,1774450983660,2026-03-25,0.000003550194438203704
pepe,1774454643026,2026-03-25,0.0000035177780346575103
pepe,1774458237631,2026-03-25,0.0000035409062968907392
pepe,1774461814966,2026-03-25,0.0000035358070152083767
pepe,1774465419749,2026-03-25,0.0000035353290295393694
pepe,1774469006568,2026-03-25,0.0000035308499618317855
pepe,1774472675857,2026-03-25,0.0000035157557466607
pepe,1774476212605,2026-03-25,0.000003514864356698312
pepe,1774479829021,2026-03-25,0.00000353334244572571
pepe,1774483475531,2026-03-26,0.000003536345773032595
pepe,1774487027378,2026-03-26,0.0000035207776076269107
pepe,1774490600431,2026-03-26,0.0000035222434579527057
pepe,1774494289664,2026-03-26,0.00000349627877477133
pepe,1774497889362,2026-03-26,0.000003491911723762861
pepe,1774501482165,2026-03-26,0.0000034791673343220796
pepe,1774505072362,2026-03-26,0.0000034417867748167036
pepe,1774508673315,2026-03-26,0.0000034372363162403815
pepe,1774512169049,2026-03-26,0.0000034455624074029406
pepe,1774515803803,2026-03-26,0.0000034351357562699164
pepe,1774519450012,2026-03-26,0.0000034036460227072808
pepe,1774522986483,2026-03-26,0.000003414242384559328
pepe,1774526623171,2026-03-26,0.0000033931978184667163
pepe,1774530199815,2026-03-26,0.0000033988737134856557
pepe,1774533793607,2026-03-26,0.000003424941603020294
pepe,1774537452940,2026-03-26,0.0000034184195722153967
pepe,1774540998698,2026-03-26,0.0000033851376287314406
pepe,1774544584838,2026-03-26,0.000003382398221955919
pepe,1774548192520,2026-03-26,0.000003377841423693827
pepe,1774551841134,2026-03-26,0.0000033750050334506527
pepe,1774555420194,2026-03-26,0.000003373808485042581
pepe,1774559022589,2026-03-26,0.000003420039788862042
pepe,1774562571226,2026-03-26,0.000003430394752746462
pepe,1774566184476,2026-03-26,0.0000034246151667031144
pepe,1774569781872,2026-03-27,0.00000340649541680313
pepe,1774573364029,2026-03-27,0.000003407153728887224
pepe,1774576987035,2026-03-27,0.0000034198512972360375
pepe,1774580647343,2026-03-27,0.0000034207440837696138
pepe,1774584160769,2026-03-27,0.0000033947227080878675
pepe,1774587751296,2026-03-27,0.0000033913549573959665
pepe,1774591356210,2026-03-27,0.0000033840296621904926
pepe,1774594959600,2026-03-27,0.000003375884378590744
pepe,1774598550661,2026-03-27,0.0000033924358891318762
pepe,1774602160579,2026-03-27,0.0000033711408457136414
pepe,1774605755512,2026-03-27,0.000003356034036531338
pepe,1774609358984,2026-03-27,0.0000032725036953118843
pepe,1774612975619,2026-03-27,0.000003281800490295904
pepe,1774616558197,2026-03-27,0.0000032699466116484207
pepe,1774620167223,2026-03-27,0.0000032766306761002946
pepe,1774623757668,2026-03-27,0.0000032820827432038233
pepe,1774627360549,2026-03-27,0.00000330608903182175
pepe,1774630964885,2026-03-27,0.0000032950331276346494
pepe,1774634578374,2026-03-27,0.000003291722356482458
pepe,1774638147498,2026-03-27,0.0000032760607735804744
pepe,1774641764458,2026-03-27,0.0000032850053939052693
pepe,1774645357635,2026-03-27,0.0000032863185302663367
pepe,1774648968576,2026-03-27,0.0000032760913741220165
pepe,1774652575119,2026-03-27,0.0000032662309009999923
pepe,1774656179969,2026-03-28,0.0000032770563877857495
pepe,1774659775326,2026-03-28,0.0000032840584975110973
pepe,1774663357453,2026-03-28,0.0000032809807675357215
pepe,1774666970386,2026-03-28,0.0000032652600931450513
pepe,1774670562951,2026-03-28,0.0000032635510046366127
pepe,1774674165044,2026-03-28,0.0000032656288842158505
pepe,1774677773343,2026-03-28,0.0000032826596813604567
pepe,1774681333401,2026-03-28,0.0000032869544759945736
pepe,1774684914910,2026-03-28,0.0000033164991702640575
pepe,1774688536995,2026-03-28,0.000003317073695410222
pepe,1774692154937,2026-03-28,0.0000033309221795127055
pepe,1774695730514,2026-03-28,0.0000033202534313949308
pepe,1774699306600,2026-03-28,0.000003326280348898826
pepe,1774702911545,2026-03-28,0.000003318925830008426
pepe,1774706508716,2026-03-28,0.0000033504892516961607
pepe,1774710144386,2026-03-28,0.0000033613560885054937
pepe,1774713739456,2026-03-28,0.0000033702326679853314
pepe,1774717323416,2026-03-28,0.0000033476034227570076
pepe,1774720911087,2026-03-28,0.000003346580722257095
pepe,1774724515526,2026-03-28,0.000003354715604711185
pepe,1774728155876,2026-03-28,0.0000033416596289059706
pepe,1774731745576,2026-03-28,0.0000033472910634402145
pepe,1774735330063,2026-03-28,0.000003315592880260701
pepe,1774738944141,2026-03-28,0.0000033141073481225764
pepe,1774742541932,2026-03-29,0.0000032824981934172493
pepe,1774746136635,2026-03-29,0.0000032809958289606575
pepe,1774749746650,2026-03-29,0.000003293932901939096
pepe,1774753444311,2026-03-29,0.0000033033935130093547
pepe,1774756805988,2026-03-29,0.000003313689628741141
pepe,1774760565613,2026-03-29,0.000003311937260175982
pepe,1774764130799,2026-03-29,0.0000033092596181710986
pepe,1774767726802,2026-03-29,0.0000033119364582664235
pepe,1774771337424,2026-03-29,0.000003301248771116989
pepe,1774774989560,2026-03-29,0.000003302022851040829
pepe,1774778575724,2026-03-29,0.0000032900593491808224
pepe,1774782013544,2026-03-29,0.0000032830565878420614
pepe,1774785787705,2026-03-29,0.000003292236892090083
pepe,1774789255250,2026-03-29,0.0000032811240683826775
pepe,1774792922744,2026-03-29,0.0000032510444152902957
pepe,1774796575577,2026-03-29,0.0000032636300893093874
pepe,1774800208032,2026-03-29,0.000003256701933114208
pepe,1774803615297,2026-03-29,0.000003258624280057951
pepe,1774807344187,2026-03-29,0.0000032604269333731637
pepe,1774810937734,2026-03-29,0.000003263277376474305
pepe,1774814538342,2026-03-29,0.00000326205335949235
pepe,1774818194490,2026-03-29,0.000003293290467620302
pepe,1774821728325,2026-03-29,0.000003313044034922005
pepe,1774825393576,2026-03-29,0.0000032334933207525413
pepe,1774828873078,2026-03-30,0.000003269586756833627
pepe,1774832479237,2026-03-30,0.000003302170516932668
pepe,1774836194946,2026-03-30,0.000003331714150261773
pepe,1774839728003,2026-03-30,0.0000033485513112352796
pepe,1774843228247,2026-03-30,0.0000033455552008058255
pepe,1774846946761,2026-03-30,0.0000033550406609248314
pepe,1774850555413,2026-03-30,0.000003372114669365501
pepe,1774854127986,2026-03-30,0.0000033757540570690476
pepe,1774857749226,2026-03-30,0.0000033944312663436508
pepe,1774861392107,2026-03-30,0.0000033792311442169417
pepe,1774864960589,2026-03-30,0.0000033533375151104145
pepe,1774868619663,2026-03-30,0.0000033563838589446876
pepe,1774872158462,2026-03-30,0.0000033664376060123624
pepe,1774875766818,2026-03-30,0.000003362525767947723
pepe,1774879366705,2026-03-30,0.000003350258202604966
pepe,1774882934488,2026-03-30,0.000003357438753906021
pepe,1774886553709,2026-03-30,0.0000033695385903439772
pepe,1774890128027,2026-03-30,0.000003357904489649886
pepe,1774893774769,2026-03-30,0.0000033480274063045207
pepe,1774897401613,2026-03-30,0.000003313110362006641
pepe,1774900882646,2026-03-30,0.000003302761638159277
pepe,1774904600584,2026-03-30,0.0000033042605489114616
pepe,1774908175539,2026-03-30,0.000003338306745900623
pepe,1774911763586,2026-03-30,0.000003332356870416203
pepe,1774915331848,2026-03-31,0.00000331189241639248
pepe,1774918953709,2026-03-31,0.000003334845971652689
pepe,1774922574900,2026-03-31,0.0000033716146445834437
pepe,1774926052117,2026-03-31,0.000003375875960809699
pepe,1774929683508,2026-03-31,0.0000033633136391828343
pepe,1774933394200,2026-03-31,0.0000033597667109888607
pepe,1774937003833,2026-03-31,0.0000033788042876302867
pepe,1774940436096,2026-03-31,0.000003373568037302855
pepe,1774944159388,2026-03-31,0.0000033594666058804773
pepe,1774947800751,2026-03-31,0.000003331047768686761
pepe,1774951402551,2026-03-31,0.000003293795669301376
pepe,1774954973399,2026-03-31,0.000003297143212741043
pepe,1774958610873,2026-03-31,0.000003324330436109062
pepe,1774962117528,2026-03-31,0.000003311738401559477
pepe,1774965715886,2026-03-31,0.000003357189915831022
pepe,1774969394811,2026-03-31,0.0000033276565046625916
pepe,1774972935797,2026-03-31,0.000003337056743090401
pepe,1774976618130,2026-03-31,0.000003381345303246572
pepe,1774980216256,2026-03-31,0.000003369278446466053
pepe,1774983769795,2026-03-31,0.000003395503961883399
pepe,1774987262176,2026-03-31,0.0000034017784804196
pepe,1774990965773,2026-03-31,0.0000034249277946774623
pepe,1774994559632,2026-03-31,0.000003394382044712298
pepe,1774998038353,2026-03-31,0.000003373465366199535
pepe,1775001736316,2026-04-01,0.000003399890711402586
pepe,1775005364290,2026-04-01,0.0000034192796022193425
pepe,1775008966138,2026-04-01,0.00000338218191324503
pepe,1775012524956,2026-04-01,0.000003370780677145873
pepe,1775016157272,2026-04-01,0.000003410913123882492
pepe,1775019815120,2026-04-01,0.000003413754668145199
pepe,1775023325657,2026-04-01,0.0000034661971188858646
pepe,1775026961457,2026-04-01,0.0000035058862529276276
pepe,1775030483030,2026-04-01,0.0000034831994032805657
pepe,1775034178844,2026-04-01,0.0000034539418378890836
pepe,1775037735395,2026-04-01,0.0000034348192399479643
pepe,1775041354613,2026-04-01,0.0000034256903134818957
pepe,1775044904004,2026-04-01,0.0000034273657015999153
pepe,1775048503749,2026-04-01,0.0000034307794137459455
pepe,1775052109591,2026-04-01,0.0000034031412321324354
pepe,1775055734832,2026-04-01,0.000003429015612401334
pepe,1775059310854,2026-04-01,0.0000034409140850632235
pepe,1775062934803,2026-04-01,0.0000034752164977091366
pepe,1775066410619,2026-04-01,0.0000034494100790328104
pepe,1775070225101,2026-04-01,0.0000034215412711653943
pepe,1775073747835,2026-04-01,0.0000034421370133064658
pepe,1775077376580,2026-04-01,0.000003425679971649732
pepe,1775080955881,2026-04-01,0.0000034293788252125865
pepe,1775084572240,2026-04-01,0.0000034070707852547496
pepe,1775088155193,2026-04-02,0.0000034043128977782575
pepe,1775091747272,2026-04-02,0.0000034326909100216553
pepe,1775095254351,2026-04-02,0.0000033423041801801513
pepe,1775098984360,2026-04-02,0.0000033038305821658205
pepe,1775102610223,2026-04-02,0.0000032944024505423035
pepe,1775106122253,2026-04-02,0.00000328159457192348
pepe,1775109768033,2026-04-02,0.0000033009926240280996
pepe,1775113367306,2026-04-02,0.000003326317432280063
pepe,1775116987286,2026-04-02,0.0000033324712832272077
pepe,1775120564533,2026-04-02,0.0000033037032363387332
pepe,1775124152274,2026-04-02,0.0000033205493516786002
pepe,1775127793643,2026-04-02,0.000003295225307614681
pepe,1775131362516,2026-04-02,0.00000329424716575242
pepe,1775134948706,2026-04-02,0.00000328362834940241
pepe,1775138562016,2026-04-02,0.000003283637626598764
pepe,1775142160206,2026-04-02,0.000003339055500037263
pepe,1775145796225,2026-04-02,0.000003327385560539766
pepe,1775149349252,2026-04-02,0.0000033525711251057487
pepe,1775152805810,2026-04-02,0.0000033411884153181095
pepe,1775156549674,2026-04-02,0.000003332416037987803
pepe,1775160153124,2026-04-02,0.0000033332694245254357
pepe,1775163781964,2026-04-02,0.0000033442032289755333
pepe,1775167335418,2026-04-02,0.0000033404399317555398
pepe,1775170977001,2026-04-02,0.000003346556314872142
pepe,1775174585529,2026-04-03,0.0000033339494669185357
pepe,1775178150826,2026-04-03,0.000003325588613375344
pepe,1775181778592,2026-04-03,0.000003323883486993494
pepe,1775185450506,2026-04-03,0.000003338742259676333
pepe,1775188979965,2026-04-03,0.0000033729915069039544
pepe,1775192525043,2026-04-03,0.000003393117540364051
pepe,1775196151430,2026-04-03,0.0000034420650100414377
pepe,1775199780779,2026-04-03,0.0000034651994407757805
pepe,1775203385666,2026-04-03,0.000003459096636253722
pepe,1775206930421,2026-04-03,0.0000034710057842528712
pepe,1775210578700,2026-04-03,0.000003494774632926063
pepe,1775214160161,2026-04-03,0.000003483311874146733
pepe,1775217822698,2026-04-03,0.0000034641175662761467
pepe,1775221293559,2026-04-03,0.0000034657714501982035
pepe,1775224989872,2026-04-03,0.0000034910289232136294
pepe,1775228568436,2026-04-03,0.000003464967556502909
pepe,1775232185268,2026-04-03,0.0000034313109097828225
pepe,1775235780935,2026-04-03,0.0000034451859621728893
pepe,1775239384202,2026-04-03,0.000003438927031413741
pepe,1775242813924,2026-04-03,0.000003432545380005258
pepe,1775246535956,2026-04-03,0.0000034226918207708714
pepe,1775250222791,2026-04-03,0.0000034259511281814447
pepe,1775253823933,2026-04-03,0.0000034370373166165342
pepe,1775257382803,2026-04-03,0.0000034137387759140394
pepe,1775261075272,2026-04-04,0.0000034159351139605968
pepe,1775264902541,2026-04-04,0.0000033905668776777596
pepe,1775268646589,2026-04-04,0.0000033788292477429576
pepe,1775273608943,2026-04-04,0.0000033661658899846287
pepe,1775277468744,2026-04-04,0.000003384391046639786
pepe,1775280870868,2026-04-04,0.000003375100661145797
pepe,1775284888666,2026-04-04,0.0000033827111401531774
pepe,1775288533513,2026-04-04,0.0000033823876573009292
pepe,1775292766286,2026-04-04,0.0000033732647877525526
pepe,1775297279428,2026-04-04,0.0000033746457021291774
pepe,1775299991811,2026-04-04,0.000003377361024971485
pepe,1775300552465,2026-04-04,0.0000033756285139997842
pepe,1775304164596,2026-04-04,0.0000033829990638332337
pepe,1775307748708,2026-04-04,0.0000033731664203570175
pepe,1775311293650,2026-04-04,0.0000033639570319658822
pepe,1775315001150,2026-04-04,0.000003360253524572774
pepe,1775318606955,2026-04-04,0.0000033754093499450976
pepe,1775322149271,2026-04-04,0.000003369342823206217
pepe,1775325790086,2026-04-04,0.000003405299873582491
pepe,1775329324285,2026-04-04,0.000003405198815735146
pepe,1775332813790,2026-04-04,0.000003412041706107616
pepe,1775336563151,2026-04-04,0.0000034032142275206444
pepe,1775340161437,2026-04-04,0.0000034051309581112286
pepe,1775343750444,2026-04-04,0.0000034038857173493146
pepe,1775347322751,2026-04-05,0.0000034015514203713318
pepe,1775350890547,2026-04-05,0.0000033984813479123163
pepe,1775354531094,2026-04-05,0.0000033820127788849736
pepe,1775358092359,2026-04-05,0.0000033849639156711612
pepe,1775361600180,2026-04-05,0.0000033877369330256336
pepe,1775365336513,2026-04-05,0.0000033723034597454786
pepe,1775368985708,2026-04-05,0.000003354763907029767
pepe,1775372446301,2026-04-05,0.0000033326264018670585
pepe,1775376197831,2026-04-05,0.000003324107812856569
pepe,1775379696939,2026-04-05,0.0000033301054554075953
pepe,1775383323319,2026-04-05,0.000003336284708802906
pepe,1775386933309,2026-04-05,0.0000033337621093410708
pepe,1775390567976,2026-04-05,0.0000033260271435940906
pepe,1775394246264,2026-04-05,0.0000033121691523772623
pepe,1775397815929,2026-04-05,0.000003320818775574288
pepe,1775401463608,2026-04-05,0.0000033146759334039386
pepe,1775405074496,2026-04-05,0.000003338589175016497
pepe,1775408608975,2026-04-05,0.0000033234373565132886
pepe,1775412028388,2026-04-05,0.000003335581525671795
pepe,1775415816991,2026-04-05,0.0000033363544133140693
pepe,1775419401047,2026-04-05,0.0000033219732389805383
pepe,1775422992186,2026-04-05,0.00000333051618324928
pepe,1775426641734,2026-04-05,0.000003329079655018504
pepe,1775430155496,2026-04-05,0.000003385519761007809
pepe,1775433842612,2026-04-06,0.000003482304580579446
pepe,1775437405216,2026-04-06,0.0000035513603835865648
pepe,1775440973504,2026-04-06,0.000003548973215153701
pepe,1775444932350,2026-04-06,0.000003572656451475534
pepe,1775448167500,2026-04-06,0.0000035257902017598285
pepe,1775451780340,2026-04-06,0.0000035389200175947097
pepe,1775455325251,2026-04-06,0.0000035133215737597743
pepe,1775458974362,2026-04-06,0.0000035138199638992926
pepe,1775462579084,2026-04-06,0.00000348566970375275
pepe,1775466247193,2026-04-06,0.0000034756057175758262
pepe,1775469754818,2026-04-06,0.000003513089433053392
pepe,1775473394265,2026-04-06,0.0000035325828697718256
pepe,1775477021552,2026-04-06,0.000003513542430127986
pepe,1775480601806,2026-04-06,0.0000035049545846399524
pepe,1775484185043,2026-04-06,0.0000035045622463093457
pepe,1775487801967,2026-04-06,0.0000035004577162265293
pepe,1775491377509,2026-04-06,0.000003486416359819703
pepe,1775495052273,2026-04-06,0.0000034935692504844363
pepe,1775498637814,2026-04-06,0.0000034658420599681
pepe,1775502238936,2026-04-06,0.000003467221874815074
pepe,1775505764651,2026-04-06,0.0000034476687652419517
pepe,1775509436551,2026-04-06,0.0000034501529738667332
pepe,1775512857298,2026-04-06,0.0000034308469112289003
pepe,1775516677479,2026-04-06,0.000003339165052127731
pepe,1775520276714,2026-04-07,0.000003323965092945253
pepe,1775523867711,2026-04-07,0.000003350529216005382
pepe,1775527389138,2026-04-07,0.000003349485389502615
pepe,1775530982047,2026-04-07,0.0000033446241618199258
pepe,1775534532615,2026-04-07,0.0000033527175196195345
pepe,1775538136478,2026-04-07,0.0000033644887364202265
pepe,1775541783296,2026-04-07,0.0000033534867311638115
pepe,1775545414064,2026-04-07,0.000003360911561136029
pepe,1775548976887,2026-04-07,0.0000033571181693470592
pepe,1775552622906,2026-04-07,0.000003368476468647916
pepe,1775556224132,2026-04-07,0.0000034081857459207457
pepe,1775559802748,2026-04-07,0.000003358579566657878
pepe,1775563426097,2026-04-07,0.000003346915845365956
pepe,1775567028587,2026-04-07,0.000003341089479075365
pepe,1775570649290,2026-04-07,0.0000033352241645836314
pepe,1775574214161,2026-04-07,0.0000033454172035155047
pepe,1775577771970,2026-04-07,0.0000033551542054971925
pepe,1775581385406,2026-04-07,0.000003363217975856603
pepe,1775584999205,2026-04-07,0.00000340499226716761
pepe,1775588576386,2026-04-07,0.000003384268609798631
pepe,1775592190392,2026-04-07,0.00000346683095060254
pepe,1775595796048,2026-04-07,0.000003483523357159847
pepe,1775599386646,2026-04-07,0.0000035998674845225404
pepe,1775602972904,2026-04-07,0.000003723609790633645
pepe,1775606622765,2026-04-08,0.0000037231804159109733
pepe,1775610231887,2026-04-08,0.0000036594846166645752
pepe,1775613756356,2026-04-08,0.000003666588424388783
pepe,1775617456302,2026-04-08,0.000003692834113805988
pepe,1775620989756,2026-04-08,0.000003702957677905605
pepe,1775624595962,2026-04-08,0.0000036915385134359733
pepe,1775628119087,2026-04-08,0.0000036950412381357075
pepe,1775631811840,2026-04-08,0.000003690382861162112
pepe,1775635382253,2026-04-08,0.00000369104550315309
pepe,1775638979505,2026-04-08,0.000003685071066479477
pepe,1775642585559,2026-04-08,0.0000036846796531594665
pepe,1775646118976,2026-04-08,0.0000036882807434448283
pepe,1775649719697,2026-04-08,0.0000036504541147104406
pepe,1775653376399,2026-04-08,0.000003635753063555888
pepe,1775656921041,2026-04-08,0.0000036413772487988262
pepe,1775660556500,2026-04-08,0.0000035805919683715605
pepe,1775664168134,2026-04-08,0.000003592257047037186
pepe,1775667712640,2026-04-08,0.000003590381761520615
pepe,1775671371641,2026-04-08,0.0000035941903534903506
pepe,1775674905000,2026-04-08,0.000003542003197497859
pepe,1775678586397,2026-04-08,0.00000353605269273469
pepe,1775682033116,2026-04-08,0.00000354287693922379
pepe,1775685730327,2026-04-08,0.000003575762489149563
pepe,1775689347649,2026-04-08,0.0000035602887946692927
pepe,1775692938851,2026-04-09,0.0000035428167082757103
pepe,1775696536908,2026-04-09,0.000003529917655367394
pepe,1775700155852,2026-04-09,0.000003508057752769821
pepe,1775703783356,2026-04-09,0.000003507125612169968
pepe,1775707387231,2026-04-09,0.000003496309952100862
pepe,1775711057017,2026-04-09,0.0000034769993614561946
pepe,1775714666376,2026-04-09,0.0000034767374172656835
pepe,1775718207811,2026-04-09,0.0000034799434646654236
pepe,1775721693623,2026-04-09,0.000003466024668736714
pepe,1775725311902,2026-04-09,0.0000034548853397186393
pepe,1775728925372,2026-04-09,0.0000034727012275884847
pepe,1775732568103,2026-04-09,0.0000034699718296861645
pepe,1775736155613,2026-04-09,0.000003463904254567224
pepe,1775739740250,2026-04-09,0.000003474517342068114
pepe,1775743293243,2026-04-09,0.0000034658450025943604
pepe,1775746894524,2026-04-09,0.0000034585398862026146
pepe,1775750569149,2026-04-09,0.0000035191889893056365
pepe,1775754046000,2026-04-09,0.000003484788627996377
pepe,1775757702656,2026-04-09,0.000003521897690294275
pepe,1775761356957,2026-04-09,0.0000035260835912689904
pepe,1775764987737,2026-04-09,0.0000035336463464281228
pepe,1775768561779,2026-04-09,0.0000035788113713872086
pepe,1775772164818,2026-04-09,0.000003613264969037866
pepe,1775775751544,2026-04-09,0.000003578289830435884
pepe,1775779410575,2026-04-10,0.000003513294688671767
pepe,1775783002878,2026-04-10,0.0000035007695887173147
pepe,1775786587734,2026-04-10,0.0000034960992139334607
pepe,1775790196856,2026-04-10,0.000003503217899269852
pepe,1775793775085,2026-04-10,0.0000034984913971356744
pepe,1775797295632,2026-04-10,0.0000035323871735276886
pepe,1775801029265,2026-04-10,0.0000035512605795732287
pepe,1775804476702,2026-04-10,0.0000035049273244336725
pepe,1775808070947,2026-04-10,0.00000348476133660592
pepe,1775811814517,2026-04-10,0.000003476633449234126
pepe,1775815339975,2026-04-10,0.0000035032429408885982
pepe,1775818949242,2026-04-10,0.0000034823181723949502
pepe,1775822545993,2026-04-10,0.000003496560636931251
pepe,1775826485000,2026-04-10,0.000003534601326191052
ripple,1773234155291,2026-03-11,1.3830372977953076
ripple,1773237819521,2026-03-11,1.3913249706103874
ripple,1773241201482,2026-03-11,1.3978338790470919
ripple,1773245016805,2026-03-11,1.3825250774571154
ripple,1773248602426,2026-03-11,1.387298084213431
ripple,1773252191040,2026-03-11,1.3977881358974202
ripple,1773255817813,2026-03-11,1.4046679153508914
ripple,1773259256346,2026-03-11,1.3896165951957713
ripple,1773262939932,2026-03-11,1.3913500142163462
ripple,1773266592595,2026-03-11,1.39245919909456
ripple,1773270205399,2026-03-11,1.3901050515531945
ripple,1773273742790,2026-03-12,1.384791552620917
ripple,1773277373959,2026-03-12,1.3843182164263992
ripple,1773281002964,2026-03-12,1.3779504165874437
ripple,1773284637536,2026-03-12,1.372351398068689
ripple,1773288113736,2026-03-12,1.3736344238588047
ripple,1773291692377,2026-03-12,1.3705175183576748
ripple,1773295398819,2026-03-12,1.3698889844809992
ripple,1773298995739,2026-03-12,1.3723718330967494
ripple,1773302596487,2026-03-12,1.3764641473691503
ripple,1773306170637,2026-03-12,1.3795372555047691
ripple,1773309743981,2026-03-12,1.3820873072695692
ripple,1773313397153,2026-03-12,1.3902484628417726
ripple,1773316883618,2026-03-12,1.3882606456749178
ripple,1773320510174,2026-03-12,1.3887023626140373
ripple,1773324165504,2026-03-12,1.380894300541484
ripple,1773327808455,2026-03-12,1.3692941725229808
ripple,1773331422538,2026-03-12,1.3798513317483412
ripple,1773334953610,2026-03-12,1.382855449852037
ripple,1773338586273,2026-03-12,1.3811968641953158
ripple,1773342188118,2026-03-12,1.3724360273673806
ripple,1773345734319,2026-03-12,1.3799822168955576
ripple,1773349223741,2026-03-12,1.3725790538880585
ripple,1773352896521,2026-03-12,1.3747628316388956
ripple,1773356597320,2026-03-12,1.3752841284076085
ripple,1773360134452,2026-03-13,1.3847377456745098
ripple,1773363803497,2026-03-13,1.4057302229762976
ripple,1773367367236,2026-03-13,1.4131061828402334
ripple,1773371005150,2026-03-13,1.401687663112568
ripple,1773374552873,2026-03-13,1.4114534110263417
ripple,1773378114907,2026-03-13,1.4104037463368162
ripple,1773381735281,2026-03-13,1.423103174659375
ripple,1773385347172,2026-03-13,1.4138440948614708
ripple,1773388976032,2026-03-13,1.4149967814110864
ripple,1773392518624,2026-03-13,1.427804472836932
ripple,1773396119767,2026-03-13,1.429961865372199
ripple,1773399724930,2026-03-13,1.4350885706325336
ripple,1773403373287,2026-03-13,1.4213037471647492
ripple,1773407008191,2026-03-13,1.4357913732058427
ripple,1773410563679,2026-03-13,1.4440368960601684
ripple,1773414164140,2026-03-13,1.4254298084152377
ripple,1773417608244,2026-03-13,1.41452290588117
ripple,1773421397022,2026-03-13,1.4119988911346024
ripple,1773424971827,2026-03-13,1.3934759784828485
ripple,1773428592267,2026-03-13,1.398134961584042
ripple,1773432166983,2026-03-13,1.401320774169586
ripple,1773435693478,2026-03-13,1.4028151647323195
ripple,1773439274951,2026-03-13,1.4008974960667686
ripple,1773442986944,2026-03-13,1.393977892033058
ripple,1773446558836,2026-03-14,1.3986640767546654
ripple,1773450212339,2026-03-14,1.394476436015942
ripple,1773453784127,2026-03-14,1.4004607744608344
ripple,1773457311638,2026-03-14,1.3989027766028772
ripple,1773460960938,2026-03-14,1.4009838788972289
ripple,1773464493734,2026-03-14,1.3987486560116498
ripple,1773468046268,2026-03-14,1.3957748603970523
ripple,1773471770610,2026-03-14,1.3921946204266182
ripple,1773475365721,2026-03-14,1.3942902931292076
ripple,1773479006468,2026-03-14,1.3933174684447285
ripple,1773482575686,2026-03-14,1.3906830817354296
ripple,1773486154718,2026-03-14,1.3896036795937254
ripple,1773489749117,2026-03-14,1.3923353952271655
ripple,1773493362674,2026-03-14,1.389456550336108
ripple,1773496972622,2026-03-14,1.3918911573027113
ripple,1773500587415,2026-03-14,1.3897659723130098
ripple,1773504127084,2026-03-14,1.3908558235428279
ripple,1773507774004,2026-03-14,1.3925813735509285
ripple,1773511323669,2026-03-14,1.3896405962654366
ripple,1773514920131,2026-03-14,1.3913306857426464
ripple,1773518468217,2026-03-14,1.390585029662372
ripple,1773522145567,2026-03-14,1.3927470435466012
ripple,1773525774972,2026-03-14,1.3953623226943157
ripple,1773529420453,2026-03-14,1.3970921648251111
ripple,1773533129923,2026-03-15,1.4068374128299659
ripple,1773536937886,2026-03-15,1.4059186942810507
ripple,1773540299067,2026-03-15,1.405011685020576
ripple,1773543852082,2026-03-15,1.4160867277764768
ripple,1773547763374,2026-03-15,1.4136160473450248
ripple,1773551337875,2026-03-15,1.416691142210685
ripple,1773554989004,2026-03-15,1.4151740559171582
ripple,1773558574300,2026-03-15,1.4101767075766598
ripple,1773561774671,2026-03-15,1.407510942114658
ripple,1773565339911,2026-03-15,1.4123437056661354
ripple,1773568926064,2026-03-15,1.4153078670408283
ripple,1773572502838,2026-03-15,1.4165475961457035
ripple,1773576146295,2026-03-15,1.419630294899254
ripple,1773579748071,2026-03-15,1.4241141315481114
ripple,1773583354232,2026-03-15,1.4220282329842835
ripple,1773586912929,2026-03-15,1.4171265082886213
ripple,1773590470346,2026-03-15,1.4163621459470075
ripple,1773594134148,2026-03-15,1.4135405080376817
ripple,1773597757230,2026-03-15,1.4201411931788661
ripple,1773601406985,2026-03-15,1.4107413054538631
ripple,1773605033461,2026-03-15,1.4125378826829624
ripple,1773608571814,2026-03-15,1.4186096445701981
ripple,1773612174456,2026-03-15,1.4268692467321733
ripple,1773615825467,2026-03-15,1.4572130600246584
ripple,1773619438265,2026-03-16,1.4474059226988127
ripple,1773623061866,2026-03-16,1.4470671653373661
ripple,1773626438927,2026-03-16,1.4478995403679609
ripple,1773630203254,2026-03-16,1.443202074284805
ripple,1773633816045,2026-03-16,1.4680211868423405
ripple,1773637395525,2026-03-16,1.4791545132125454
ripple,1773640979255,2026-03-16,1.480628211052497
ripple,1773644632175,2026-03-16,1.4782314546601891
ripple,1773648185483,2026-03-16,1.483712219810448
ripple,1773651790807,2026-03-16,1.4685713965765514
ripple,1773655323881,2026-03-16,1.4743805081723051
ripple,1773658937500,2026-03-16,1.4738155662033645
ripple,1773662542871,2026-03-16,1.4704669828424184
ripple,1773666134695,2026-03-16,1.4763595242982406
ripple,1773669729328,2026-03-16,1.4810220657837359
ripple,1773673343795,2026-03-16,1.4923960341679299
ripple,1773676923829,2026-03-16,1.4953525421745757
ripple,1773680518891,2026-03-16,1.5091627562544068
ripple,1773684044813,2026-03-16,1.5157072588158393
ripple,1773687780590,2026-03-16,1.5361301623841987
ripple,1773691377347,2026-03-16,1.525312675691316
ripple,1773695002644,2026-03-16,1.5280442611877612
ripple,1773698602596,2026-03-16,1.530933613715496
ripple,1773702071195,2026-03-16,1.5497708805964792
ripple,1773705648713,2026-03-17,1.5435683818896193
ripple,1773709349079,2026-03-17,1.5408949495822648
ripple,1773712957751,2026-03-17,1.5671088282011885
ripple,1773716619597,2026-03-17,1.596113887059636
ripple,1773720076895,2026-03-17,1.5416935969447334
ripple,1773723731898,2026-03-17,1.5311679991672054
ripple,1773727411972,2026-03-17,1.5152940393237073
ripple,1773730839115,2026-03-17,1.5155321249301712
ripple,1773734567650,2026-03-17,1.5310609981495995
ripple,1773738170775,2026-03-17,1.5211171335428095
ripple,1773741771900,2026-03-17,1.5113061351962227
ripple,1773745324589,2026-03-17,1.5097652506979327
ripple,1773749032190,2026-03-17,1.5117207255248588
ripple,1773752603205,2026-03-17,1.5045930706829393
ripple,1773756129709,2026-03-17,1.5021427350943937
ripple,1773759789200,2026-03-17,1.5112216616408474
ripple,1773763413106,2026-03-17,1.5127573159489125
ripple,1773766971165,2026-03-17,1.5186591261036229
ripple,1773770615535,2026-03-17,1.530705526012976
ripple,1773774147850,2026-03-17,1.5364519580855553
ripple,1773777793714,2026-03-17,1.5322071462928015
ripple,1773781422083,2026-03-17,1.5336998850746102
ripple,1773784967689,2026-03-17,1.53085438475025
ripple,1773788564724,2026-03-17,1.5277998344001542
ripple,1773792236680,2026-03-18,1.518809913744032
ripple,1773795779605,2026-03-18,1.5159609958870615
ripple,1773799362640,2026-03-18,1.516323137490599
ripple,1773803004229,2026-03-18,1.5282805699151705
ripple,1773806611039,2026-03-18,1.5378989650805361
ripple,1773810200142,2026-03-18,1.5259035253087645
ripple,1773813748791,2026-03-18,1.5236587922306222
ripple,1773817434600,2026-03-18,1.5251245230033441
ripple,1773820979474,2026-03-18,1.519547858814247
ripple,1773824569688,2026-03-18,1.522397234805321
ripple,1773828173966,2026-03-18,1.5236128422010509
ripple,1773831754274,2026-03-18,1.5118495919367223
ripple,1773835418672,2026-03-18,1.4890526281529208
ripple,1773838969615,2026-03-18,1.464829599916495
ripple,1773842589596,2026-03-18,1.4662764672806121
ripple,1773846169689,2026-03-18,1.4485535332904615
ripple,1773849744780,2026-03-18,1.442298098400359
ripple,1773853335049,2026-03-18,1.4444059918911156
ripple,1773856810206,2026-03-18,1.457302339148641
ripple,1773860597425,2026-03-18,1.4506914478519255
ripple,1773864159151,2026-03-18,1.4530255124403288
ripple,1773867764083,2026-03-18,1.4598086542277882
ripple,1773871387086,2026-03-18,1.4672437067805901
ripple,1773874985190,2026-03-18,1.4617283619203325
ripple,1773878580411,2026-03-19,1.4635648455182177
ripple,1773882192727,2026-03-19,1.4609541340554415
ripple,1773885639989,2026-03-19,1.4635336846876126
ripple,1773889290385,2026-03-19,1.4578698855693888
ripple,1773892948195,2026-03-19,1.4745356145850699
ripple,1773896625975,2026-03-19,1.4671139743126294
ripple,1773900143670,2026-03-19,1.46575391326154
ripple,1773903848545,2026-03-19,1.468233545202684
ripple,1773907385194,2026-03-19,1.4618161923626383
ripple,1773910948984,2026-03-19,1.456389851673074
ripple,1773914554489,2026-03-19,1.4686200104694156
ripple,1773918180996,2026-03-19,1.4631702954482384
ripple,1773921825975,2026-03-19,1.4584142317310838
ripple,1773925317837,2026-03-19,1.4381236184047699
ripple,1773928932097,2026-03-19,1.4510932091736286
ripple,1773932442839,2026-03-19,1.4446467872481643
ripple,1773936172506,2026-03-19,1.4324498076968326
ripple,1773939732842,2026-03-19,1.4267732602900687
ripple,1773943406200,2026-03-19,1.4377218313644975
ripple,1773946884468,2026-03-19,1.4344710346625975
ripple,1773950491740,2026-03-19,1.4452115074505887
ripple,1773954052907,2026-03-19,1.4499174498055498
ripple,1773957715934,2026-03-19,1.4540732748609841
ripple,1773961372020,2026-03-19,1.4483652488669083
ripple,1773964956358,2026-03-20,1.446907508513138
ripple,1773968577173,2026-03-20,1.4487877025030838
ripple,1773972196298,2026-03-20,1.4573135387314022
ripple,1773975747717,2026-03-20,1.4522214947511258
ripple,1773979378693,2026-03-20,1.4533983686703253
ripple,1773982899199,2026-03-20,1.4521183677810623
ripple,1773986582644,2026-03-20,1.454970855512688
ripple,1773990213258,2026-03-20,1.4507846844065524
ripple,1773993859882,2026-03-20,1.4546097093353685
ripple,1773997326159,2026-03-20,1.4599868483651293
ripple,1774000980876,2026-03-20,1.4476835213784112
ripple,1774004591007,2026-03-20,1.4510472994328287
ripple,1774008125743,2026-03-20,1.4462696977925502
ripple,1774011737681,2026-03-20,1.4431328604024616
ripple,1774015352138,2026-03-20,1.4383111985900339
ripple,1774018959298,2026-03-20,1.4368570493500796
ripple,1774022571403,2026-03-20,1.4376076335618668
ripple,1774026188674,2026-03-20,1.4363405857220795
ripple,1774029753660,2026-03-20,1.4360032245889223
ripple,1774033370668,2026-03-20,1.430915242675297
ripple,1774036929229,2026-03-20,1.4345583102616586
ripple,1774040591347,2026-03-20,1.435677609355509
ripple,1774044213513,2026-03-20,1.4424552719722192
ripple,1774047793422,2026-03-20,1.4485635373129269
ripple,1774051346622,2026-03-21,1.4451509461894794
ripple,1774054917228,2026-03-21,1.4460518686837478
ripple,1774058518268,2026-03-21,1.443291864238928
ripple,1774062148833,2026-03-21,1.447154848841904
ripple,1774065706603,2026-03-21,1.4460971648929395
ripple,1774069337734,2026-03-21,1.4446004792649656
ripple,1774073219681,2026-03-21,1.4491707570071075
ripple,1774076493335,2026-03-21,1.4485950656526723
ripple,1774080289899,2026-03-21,1.4442242582254756
ripple,1774083708803,2026-03-21,1.4414064854460467
ripple,1774087456590,2026-03-21,1.4392599401896455
ripple,1774091005538,2026-03-21,1.4394507990928036
ripple,1774094624987,2026-03-21,1.4422899881781313
ripple,1774098224657,2026-03-21,1.444824584289284
ripple,1774101692393,2026-03-21,1.43924203461529
ripple,1774105436390,2026-03-21,1.4358082560839853
ripple,1774108981268,2026-03-21,1.4378967745270146
ripple,1774112661618,2026-03-21,1.4363349436884394
ripple,1774116296232,2026-03-21,1.4400076495669365
ripple,1774119958043,2026-03-21,1.437183737322893
ripple,1774123282708,2026-03-21,1.4373530320103334
ripple,1774127028181,2026-03-21,1.4412384572100025
ripple,1774130599752,2026-03-21,1.4397143287995964
ripple,1774134207215,2026-03-21,1.439339404858887
ripple,1774137845804,2026-03-22,1.4126521263383205
ripple,1774141429925,2026-03-22,1.4103325956551287
ripple,1774145058008,2026-03-22,1.4095752950380964
ripple,1774148494631,2026-03-22,1.4161050584396357
ripple,1774152189174,2026-03-22,1.4173921832731189
ripple,1774155820473,2026-03-22,1.4169504443385008
ripple,1774159433280,2026-03-22,1.4118601929893804
ripple,1774163055852,2026-03-22,1.4109959254791584
ripple,1774166626833,2026-03-22,1.4046980386386256
ripple,1774170278910,2026-03-22,1.398495490041945
ripple,1774173796405,2026-03-22,1.3958492162897513
ripple,1774177391929,2026-03-22,1.3883620835948902
ripple,1774181053236,2026-03-22,1.3911945611469423
ripple,1774184567984,2026-03-22,1.3988123430172377
ripple,1774188188210,2026-03-22,1.3980566848329543
ripple,1774191764414,2026-03-22,1.3969633716335557
ripple,1774195341858,2026-03-22,1.3927300644617293
ripple,1774198942180,2026-03-22,1.3944608515916155
ripple,1774202521247,2026-03-22,1.393135469583194
ripple,1774206018229,2026-03-22,1.3875259703625222
ripple,1774209779734,2026-03-22,1.384722441688026
ripple,1774213397947,2026-03-22,1.386896906332549
ripple,1774216985499,2026-03-22,1.3795070550187754
ripple,1774220494544,2026-03-22,1.3903471760213932
ripple,1774224191270,2026-03-23,1.3845552944605788
ripple,1774227758440,2026-03-23,1.3786530204697895
ripple,1774231397224,2026-03-23,1.3823296183170868
ripple,1774234905148,2026-03-23,1.3835593849905579
ripple,1774238509281,2026-03-23,1.3803803176847953
ripple,1774242131371,2026-03-23,1.3885948829579204
ripple,1774245650078,2026-03-23,1.3897875487424871
ripple,1774249257934,2026-03-23,1.3705839659860497
ripple,1774252944256,2026-03-23,1.3731545481646306
ripple,1774256589331,2026-03-23,1.3690685839610781
ripple,1774260133846,2026-03-23,1.3674776111252096
ripple,1774263769317,2026-03-23,1.3723147683372752
ripple,1774267352641,2026-03-23,1.4123244383721247
ripple,1774270947776,2026-03-23,1.4237045513082558
ripple,1774274572661,2026-03-23,1.4400091597323639
ripple,1774278141271,2026-03-23,1.4510423274003805
ripple,1774281808547,2026-03-23,1.4359769448906936
ripple,1774285212414,2026-03-23,1.4340790789301838
ripple,1774289003260,2026-03-23,1.443567529948752
ripple,1774292638084,2026-03-23,1.4401906648326261
ripple,1774296225045,2026-03-23,1.4339991619796644
ripple,1774299809995,2026-03-23,1.4377745856495774
ripple,1774303407093,2026-03-23,1.4369228627503279
ripple,1774307023106,2026-03-23,1.4284162928871502
ripple,1774310552938,2026-03-24,1.4312128220885731
ripple,1774314230515,2026-03-24,1.4210335828537568
ripple,1774317797058,2026-03-24,1.4130627011117196
ripple,1774321429558,2026-03-24,1.4105033013629555
ripple,1774324991436,2026-03-24,1.4136529621555318
ripple,1774328628917,2026-03-24,1.4083650727567048
ripple,1774332112135,2026-03-24,1.413633360370793
ripple,1774335703003,2026-03-24,1.4136598356409367
ripple,1774339299505,2026-03-24,1.4273432401325137
ripple,1774342906621,2026-03-24,1.4170257250578755
ripple,1774346524148,2026-03-24,1.4221296819297315
ripple,1774350099849,2026-03-24,1.4193905170938295
ripple,1774353715635,2026-03-24,1.4211827679861497
ripple,1774357311909,2026-03-24,1.4166676005963768
ripple,1774360897135,2026-03-24,1.402711284985036
ripple,1774364513154,2026-03-24,1.4028328132620616
ripple,1774368105088,2026-03-24,1.401924916158035
ripple,1774371713553,2026-03-24,1.3913510480831623
ripple,1774375293753,2026-03-24,1.3869742269071474
ripple,1774378916757,2026-03-24,1.3886200444111558
ripple,1774382515213,2026-03-24,1.388288721038471
ripple,1774386129012,2026-03-24,1.4090854459020976
ripple,1774389708778,2026-03-24,1.4112805512847877
ripple,1774393317444,2026-03-24,1.4104775782860843
ripple,1774396902038,2026-03-25,1.4152549732062663
ripple,1774400425412,2026-03-25,1.4203878767079534
ripple,1774404117201,2026-03-25,1.4179527507111778
ripple,1774407727307,2026-03-25,1.4104029681321781
ripple,1774411290830,2026-03-25,1.4134882742504258
ripple,1774414916890,2026-03-25,1.4135720623261057
ripple,1774418454662,2026-03-25,1.4177013070037126
ripple,1774422118215,2026-03-25,1.41950009966568
ripple,1774425680570,2026-03-25,1.4201006326197727
ripple,1774429336144,2026-03-25,1.4190438751954264
ripple,1774432918443,2026-03-25,1.4160629833055365
ripple,1774436518923,2026-03-25,1.4229161584808767
ripple,1774440152037,2026-03-25,1.4274815832933965
ripple,1774443801552,2026-03-25,1.419965077635349
ripple,1774447218628,2026-03-25,1.4208207814255462
ripple,1774450825106,2026-03-25,1.4170084591582053
ripple,1774454438327,2026-03-25,1.4057104827349907
ripple,1774458174411,2026-03-25,1.416397001857799
ripple,1774461738078,2026-03-25,1.4112724636161456
ripple,1774465382295,2026-03-25,1.4125606672728424
ripple,1774468958089,2026-03-25,1.4104694781295926
ripple,1774472622772,2026-03-25,1.4139219902417042
ripple,1774476119969,2026-03-25,1.4132910003341828
ripple,1774479770167,2026-03-25,1.4177317856951877
ripple,1774483412841,2026-03-26,1.4141506511794377
ripple,1774486952666,2026-03-26,1.4126915785587832
ripple,1774490405600,2026-03-26,1.4107982025775467
ripple,1774494205001,2026-03-26,1.4021247579261544
ripple,1774497791685,2026-03-26,1.4005732589862425
ripple,1774501335777,2026-03-26,1.4028325885982256
ripple,1774505006553,2026-03-26,1.3885559179459495
ripple,1774508570275,2026-03-26,1.3859568239966942
ripple,1774512136231,2026-03-26,1.3852649320080432
ripple,1774515727486,2026-03-26,1.3815682646259613
ripple,1774519324753,2026-03-26,1.3720375885531573
ripple,1774522857830,2026-03-26,1.373181584777768
ripple,1774526572249,2026-03-26,1.371758874530003
ripple,1774530141379,2026-03-26,1.3738930846555317
ripple,1774533766940,2026-03-26,1.378890850503503
ripple,1774537290460,2026-03-26,1.368951233798728
ripple,1774540958074,2026-03-26,1.3600074063407415
ripple,1774544540765,2026-03-26,1.3607606189170594
ripple,1774548132234,2026-03-26,1.354712013383848
ripple,1774551620027,2026-03-26,1.3465431458399104
ripple,1774555345065,2026-03-26,1.3490394336045848
ripple,1774558975439,2026-03-26,1.3585061156939533
ripple,1774562490416,2026-03-26,1.3666590426269971
ripple,1774566082962,2026-03-26,1.3613478524795612
ripple,1774569728439,2026-03-27,1.3601752515106673
ripple,1774573314159,2026-03-27,1.3610959231024014
ripple,1774576934487,2026-03-27,1.367699441798971
ripple,1774580545597,2026-03-27,1.3705649281610257
ripple,1774584106932,2026-03-27,1.3636819077857336
ripple,1774587726069,2026-03-27,1.3618218062617549
ripple,1774591310364,2026-03-27,1.3620595645033144
ripple,1774594947036,2026-03-27,1.359254511585563
ripple,1774598502876,2026-03-27,1.3577882581913003
ripple,1774602132135,2026-03-27,1.349924445946209
ripple,1774605664392,2026-03-27,1.3458495753201978
ripple,1774609345676,2026-03-27,1.3338659180568493
ripple,1774612907508,2026-03-27,1.334399935638454
ripple,1774616505618,2026-03-27,1.3295765817903986
ripple,1774620129494,2026-03-27,1.3365420883991483
ripple,1774623641536,2026-03-27,1.3314376988280117
ripple,1774627275672,2026-03-27,1.3366003937845952
ripple,1774630937733,2026-03-27,1.3309846040318372
ripple,1774634548085,2026-03-27,1.3241740660355714
ripple,1774638072190,2026-03-27,1.3224091210226776
ripple,1774641712890,2026-03-27,1.3245196428957373
ripple,1774645324639,2026-03-27,1.3253568876358892
ripple,1774648956979,2026-03-27,1.3285349895905325
ripple,1774652528238,2026-03-27,1.323851119154915
ripple,1774656123202,2026-03-28,1.3242715841834556
ripple,1774659750945,2026-03-28,1.3256236890811592
ripple,1774663300119,2026-03-28,1.3230510518908
ripple,1774666921256,2026-03-28,1.3234190388534839
ripple,1774670511608,2026-03-28,1.3262601140094061
ripple,1774674136484,2026-03-28,1.3287908262661696
ripple,1774677618099,2026-03-28,1.3355845493779015
ripple,1774681329785,2026-03-28,1.335169241946945
ripple,1774684937405,2026-03-28,1.3393706923291173
ripple,1774688559875,2026-03-28,1.3374997486579927
ripple,1774692177765,2026-03-28,1.3363382874106122
ripple,1774695673567,2026-03-28,1.336401271736899
ripple,1774699337172,2026-03-28,1.339945725491402
ripple,1774702820299,2026-03-28,1.337918643377162
ripple,1774706546375,2026-03-28,1.3493512543740505
ripple,1774710107357,2026-03-28,1.3483602258038316
ripple,1774713692766,2026-03-28,1.3521898612921506
ripple,1774717339654,2026-03-28,1.3496753000227695
ripple,1774720922062,2026-03-28,1.345203696601371
ripple,1774724514681,2026-03-28,1.345539363541578
ripple,1774728147667,2026-03-28,1.3434870352393957
ripple,1774731724310,2026-03-28,1.3462662070620732
ripple,1774735330552,2026-03-28,1.3427116840273416
ripple,1774738872995,2026-03-28,1.3402907751735091
ripple,1774742551089,2026-03-29,1.332280277660629
ripple,1774746013616,2026-03-29,1.330361698226455
ripple,1774749749734,2026-03-29,1.3351019398020039
ripple,1774753396866,2026-03-29,1.3357854082818685
ripple,1774756857413,2026-03-29,1.337475902715741
ripple,1774760630040,2026-03-29,1.3357459922821422
ripple,1774764136238,2026-03-29,1.3310742215884528
ripple,1774767788838,2026-03-29,1.3352043307237154
ripple,1774771217819,2026-03-29,1.3333760191734945
ripple,1774774810565,2026-03-29,1.3369988025284953
ripple,1774778590862,2026-03-29,1.33479440638609
ripple,1774782196354,2026-03-29,1.3331030209042611
ripple,1774785777807,2026-03-29,1.3373602657143349
ripple,1774789396588,2026-03-29,1.3342897685206208
ripple,1774792964448,2026-03-29,1.3266554598696925
ripple,1774796571971,2026-03-29,1.3247055498828426
ripple,1774800141488,2026-03-29,1.324389651910544
ripple,1774803750973,2026-03-29,1.3244315079733548
ripple,1774807337548,2026-03-29,1.322105141233472
ripple,1774810954325,2026-03-29,1.3229892313322422
ripple,1774814411915,2026-03-29,1.3168302252074005
ripple,1774818141927,2026-03-29,1.3218166541964034
ripple,1774821821715,2026-03-29,1.3266853154322567
ripple,1774825345019,2026-03-29,1.314147381761716
ripple,1774828983816,2026-03-30,1.326907412207521
ripple,1774832596011,2026-03-30,1.3303118377237633
ripple,1774836198309,2026-03-30,1.339879385791989
ripple,1774839627774,2026-03-30,1.3489180686630953
ripple,1774843372746,2026-03-30,1.3514853179942163
ripple,1774846901261,2026-03-30,1.3505596889737852
ripple,1774850560406,2026-03-30,1.3530763919369402
ripple,1774854157778,2026-03-30,1.3504011322851681
ripple,1774857730279,2026-03-30,1.3565037956021193
ripple,1774861352381,2026-03-30,1.360643397272941
ripple,1774864963027,2026-03-30,1.3496366588251616
ripple,1774868461826,2026-03-30,1.346873898955907
ripple,1774872008899,2026-03-30,1.3493001463223602
ripple,1774875618003,2026-03-30,1.352177486857771
ripple,1774879344070,2026-03-30,1.345488789191651
ripple,1774882827150,2026-03-30,1.342335858848975
ripple,1774886569166,2026-03-30,1.3452038023694324
ripple,1774890140040,2026-03-30,1.3394172955741963
ripple,1774893742360,2026-03-30,1.333397837136279
ripple,1774897380982,2026-03-30,1.324966351270892
ripple,1774900935661,2026-03-30,1.321546763530785
ripple,1774904566167,2026-03-30,1.3255591386526893
ripple,1774908156067,2026-03-30,1.3311724379149257
ripple,1774911750324,2026-03-30,1.327550691571422
ripple,1774915316983,2026-03-31,1.3222432322146085
ripple,1774918951815,2026-03-31,1.3236573238212588
ripple,1774922590013,2026-03-31,1.337812893574156
ripple,1774926208086,2026-03-31,1.335920546747349
ripple,1774929618763,2026-03-31,1.3255234150500586
ripple,1774933422970,2026-03-31,1.3238435485980362
ripple,1774937001556,2026-03-31,1.3219019778299217
ripple,1774940568280,2026-03-31,1.3228924141810339
ripple,1774944127212,2026-03-31,1.3181415624293893
ripple,1774947741330,2026-03-31,1.3130784039452978
ripple,1774951296155,2026-03-31,1.3067992121675465
ripple,1774954945420,2026-03-31,1.310676580827732
ripple,1774958634188,2026-03-31,1.3134917272635485
ripple,1774962153641,2026-03-31,1.3147223000794033
ripple,1774965691718,2026-03-31,1.3243057769212683
ripple,1774969222921,2026-03-31,1.31373748437925
ripple,1774972829422,2026-03-31,1.3176123017178607
ripple,1774976472716,2026-03-31,1.3281739009062006
ripple,1774980134413,2026-03-31,1.3294391990857968
ripple,1774983619526,2026-03-31,1.3380960299677591
ripple,1774987365565,2026-03-31,1.3416757495723464
ripple,1774990971795,2026-03-31,1.3440801985131272
ripple,1774994530892,2026-03-31,1.3408068796217627
ripple,1774998188028,2026-03-31,1.334940132039612
ripple,1775001801886,2026-04-01,1.3396267600512057
ripple,1775005394379,2026-04-01,1.3437887936666246
ripple,1775008868111,2026-04-01,1.3350618225265234
ripple,1775012421771,2026-04-01,1.3334508707595565
ripple,1775016225918,2026-04-01,1.3469769433873295
ripple,1775019831957,2026-04-01,1.3382768344134859
ripple,1775023356307,2026-04-01,1.3466559285734412
ripple,1775027034205,2026-04-01,1.3613017144854587
ripple,1775030521379,2026-04-01,1.3566792880731657
ripple,1775034147545,2026-04-01,1.3538526912600382
ripple,1775037677005,2026-04-01,1.3511083679198248
ripple,1775041225693,2026-04-01,1.3514907725503835
ripple,1775044906182,2026-04-01,1.3541703994754202
ripple,1775048454827,2026-04-01,1.3545299979461947
ripple,1775052114454,2026-04-01,1.3476016008315905
ripple,1775055703861,2026-04-01,1.3558498045947247
ripple,1775059338009,2026-04-01,1.3564299759337004
ripple,1775062873273,2026-04-01,1.3583259726606765
ripple,1775066561078,2026-04-01,1.3513983054204757
ripple,1775070175762,2026-04-01,1.347043183305126
ripple,1775073750371,2026-04-01,1.3498853921051976
ripple,1775077375438,2026-04-01,1.3482055967185802
ripple,1775080938379,2026-04-01,1.3533710719597822
ripple,1775084545137,2026-04-01,1.3482714354242227
ripple,1775088132616,2026-04-02,1.3478291967821365
ripple,1775091676662,2026-04-02,1.3556061059386495
ripple,1775095379940,2026-04-02,1.3272593084573987
ripple,1775098999650,2026-04-02,1.31819798087355
ripple,1775102427252,2026-04-02,1.3105825572164513
ripple,1775106121344,2026-04-02,1.308086208315285
ripple,1775109750558,2026-04-02,1.3144226759266808
ripple,1775113231699,2026-04-02,1.3157575782251878
ripple,1775116835757,2026-04-02,1.3167874287961074
ripple,1775120540740,2026-04-02,1.3127244994915277
ripple,1775124154044,2026-04-02,1.3118908630403583
ripple,1775127751535,2026-04-02,1.3084838278551894
ripple,1775131351630,2026-04-02,1.299916913952261
ripple,1775134990429,2026-04-02,1.2918451857360231
ripple,1775138422196,2026-04-02,1.2879539878775368
ripple,1775142166305,2026-04-02,1.2996317431681894
ripple,1775145797730,2026-04-02,1.298851000323381
ripple,1775149318209,2026-04-02,1.3059510225123236
ripple,1775152810910,2026-04-02,1.3017135558511537
ripple,1775156539716,2026-04-02,1.307599397278686
ripple,1775160117996,2026-04-02,1.3081389687955844
ripple,1775163746662,2026-04-02,1.318417452850115
ripple,1775167335344,2026-04-02,1.315211419800783
ripple,1775170981817,2026-04-02,1.31769658820258
ripple,1775174437963,2026-04-03,1.319127673601835
ripple,1775178131694,2026-04-03,1.3154368398878067
ripple,1775181786678,2026-04-03,1.3134536467540932
ripple,1775185427800,2026-04-03,1.307490594948673
ripple,1775188957106,2026-04-03,1.3205986589592982
ripple,1775192516352,2026-04-03,1.3199392034069084
ripple,1775196075771,2026-04-03,1.320190518475902
ripple,1775199756327,2026-04-03,1.3193489838161658
ripple,1775203362349,2026-04-03,1.3187083936775073
ripple,1775206930240,2026-04-03,1.3177604272542505
ripple,1775210575592,2026-04-03,1.3113051502956945
ripple,1775214180916,2026-04-03,1.3149107062663241
ripple,1775217697489,2026-04-03,1.321901265242166
ripple,1775221345152,2026-04-03,1.3209925463432801
ripple,1775225015427,2026-04-03,1.3171199860139202
ripple,1775228550842,2026-04-03,1.3193525744937753
ripple,1775232000142,2026-04-03,1.3189373784818017
ripple,1775235632458,2026-04-03,1.3245344553540759
ripple,1775239231871,2026-04-03,1.3210488739887203
ripple,1775242942391,2026-04-03,1.3182690942978463
ripple,1775246547608,2026-04-03,1.3177333877608215
ripple,1775250185276,2026-04-03,1.3168028184930733
ripple,1775254126049,2026-04-03,1.3176073810321849
ripple,1775257413271,2026-04-03,1.3174437837281339
ripple,1775261053505,2026-04-04,1.3180787040625375
ripple,1775264574380,2026-04-04,1.3165855591950248
ripple,1775269156587,2026-04-04,1.314095646935425
ripple,1775274964478,2026-04-04,1.3161714187279672
ripple,1775278874204,2026-04-04,1.3166637810326411
ripple,1775282811536,2026-04-04,1.316954492030437
ripple,1775285216722,2026-04-04,1.3181211388807021
ripple,1775290345852,2026-04-04,1.315251802182536
ripple,1775292752657,2026-04-04,1.3144994433186703
ripple,1775296359764,2026-04-04,1.313162302219157
ripple,1775299992996,2026-04-04,1.3119479085780215
ripple,1775300526221,2026-04-04,1.3134020904599364
ripple,1775304134095,2026-04-04,1.3114591169035366
ripple,1775307768399,2026-04-04,1.3106491230234916
ripple,1775311315342,2026-04-04,1.3096700685326856
ripple,1775314921957,2026-04-04,1.3112049436270767
ripple,1775318617324,2026-04-04,1.3126755442531932
ripple,1775322146876,2026-04-04,1.3142256358648405
ripple,1775325793895,2026-04-04,1.3143614508989148
ripple,1775329313848,2026-04-04,1.3141159170877899
ripple,1775332929744,2026-04-04,1.3182416685692109
ripple,1775336582886,2026-04-04,1.3169011357265528
ripple,1775340016165,2026-04-04,1.3181937108251398
ripple,1775343751037,2026-04-04,1.3170150647798724
ripple,1775347298340,2026-04-05,1.315283102503092
ripple,1775350891816,2026-04-05,1.3127052330751399
ripple,1775354422628,2026-04-05,1.3127712567674563
ripple,1775358172748,2026-04-05,1.3169146021283904
ripple,1775361749833,2026-04-05,1.313840684561693
ripple,1775365419347,2026-04-05,1.311119895188581
ripple,1775368985414,2026-04-05,1.3016907802136746
ripple,1775372594593,2026-04-05,1.3020089596947693
ripple,1775376193689,2026-04-05,1.2973032475041812
ripple,1775379810346,2026-04-05,1.2981239214289506
ripple,1775383388370,2026-04-05,1.300880534997301
ripple,1775386987567,2026-04-05,1.2993321591909393
ripple,1775390580599,2026-04-05,1.2989112552486808
ripple,1775394176810,2026-04-05,1.2818453950246627
ripple,1775397784905,2026-04-05,1.2892362849205827
ripple,1775401460810,2026-04-05,1.2865559263016113
ripple,1775405020885,2026-04-05,1.297937278407882
ripple,1775408668892,2026-04-05,1.2973150314476385
ripple,1775412193968,2026-04-05,1.301710531992318
ripple,1775415789749,2026-04-05,1.3023416912415542
ripple,1775419333718,2026-04-05,1.29964998290391
ripple,1775423027583,2026-04-05,1.3037412707107845
ripple,1775426618939,2026-04-05,1.3018112513629359
ripple,1775430222877,2026-04-05,1.3101841509206613
ripple,1775433839066,2026-04-06,1.3257214148429353
ripple,1775437386802,2026-04-06,1.3318808304422598
ripple,1775440954030,2026-04-06,1.3298068331168436
ripple,1775444932193,2026-04-06,1.3404324952992923
ripple,1775448171318,2026-04-06,1.337537688738056
ripple,1775451770149,2026-04-06,1.3398421235799076
ripple,1775455364550,2026-04-06,1.3391278795182304
ripple,1775458973639,2026-04-06,1.3414645774203748
ripple,1775462613253,2026-04-06,1.344080147720884
ripple,1775466223468,2026-04-06,1.3392893102213674
ripple,1775469814257,2026-04-06,1.3526666765769604
ripple,1775473411451,2026-04-06,1.3529484026863208
ripple,1775477026345,2026-04-06,1.3498144866437913
ripple,1775480618731,2026-04-06,1.3429026269957705
ripple,1775484156409,2026-04-06,1.3462671414057468
ripple,1775487769701,2026-04-06,1.346188789410655
ripple,1775491384977,2026-04-06,1.3498661268876082
ripple,1775494999340,2026-04-06,1.3450293490076413
ripple,1775498457588,2026-04-06,1.3387939783228961
ripple,1775502175282,2026-04-06,1.3413253647104524
ripple,1775505766841,2026-04-06,1.3391777798949616
ripple,1775509446886,2026-04-06,1.3414909702781699
ripple,1775513015344,2026-04-06,1.3351139689034424
ripple,1775516604208,2026-04-06,1.3233207204508892
ripple,1775520174612,2026-04-07,1.3210323269735047
ripple,1775523785435,2026-04-07,1.3226724185759626
ripple,1775527405098,2026-04-07,1.3161048841202383
ripple,1775531021246,2026-04-07,1.3159435370830201
ripple,1775534536570,2026-04-07,1.3169823010398334
ripple,1775538158989,2026-04-07,1.3192296574492115
ripple,1775541766270,2026-04-07,1.3104930925731169
ripple,1775545354937,2026-04-07,1.3113420470418558
ripple,1775548976262,2026-04-07,1.3128723640779465
ripple,1775552600750,2026-04-07,1.3199234184373494
ripple,1775556144006,2026-04-07,1.3205305388184838
ripple,1775559754647,2026-04-07,1.307875527147123
ripple,1775563317087,2026-04-07,1.306446879792178
ripple,1775567012601,2026-04-07,1.3085933828581864
ripple,1775570592656,2026-04-07,1.305297508434188
ripple,1775574256424,2026-04-07,1.2980701409797681
ripple,1775577777815,2026-04-07,1.2972326436440558
ripple,1775581371857,2026-04-07,1.3003818595664605
ripple,1775584868811,2026-04-07,1.308391896305944
ripple,1775588587480,2026-04-07,1.301578830559664
ripple,1775592190654,2026-04-07,1.313657549950953
ripple,1775595777361,2026-04-07,1.3171898381379614
ripple,1775599410687,2026-04-07,1.3375521558000996
ripple,1775602964876,2026-04-07,1.369944623420841
ripple,1775606644897,2026-04-08,1.3795235137228608
ripple,1775610268612,2026-04-08,1.3656175667749795
ripple,1775613766744,2026-04-08,1.369872067132146
ripple,1775617447551,2026-04-08,1.3734541265959435
ripple,1775620918258,2026-04-08,1.3698895146182175
ripple,1775624592641,2026-04-08,1.3771260035531736
ripple,1775628148362,2026-04-08,1.3838692472614214
ripple,1775631630473,2026-04-08,1.3797433329195914
ripple,1775635354426,2026-04-08,1.3785114772762885
ripple,1775638949053,2026-04-08,1.3812083043657657
ripple,1775642583568,2026-04-08,1.3809962113043308
ripple,1775646139711,2026-04-08,1.3839370473275103
ripple,1775649645475,2026-04-08,1.3778189298811865
ripple,1775653347171,2026-04-08,1.3818415160191437
ripple,1775656827762,2026-04-08,1.374828775080399
ripple,1775660563383,2026-04-08,1.3484291568239055
ripple,1775664136543,2026-04-08,1.3547355185811045
ripple,1775667731323,2026-04-08,1.358522152788891
ripple,1775671312558,2026-04-08,1.3616541965249505
ripple,1775674941438,2026-04-08,1.3487411975874533
ripple,1775678535689,2026-04-08,1.348991656418411
ripple,1775682130723,2026-04-08,1.348025535478132
ripple,1775685730151,2026-04-08,1.352633654146403
ripple,1775689342376,2026-04-08,1.3453750236149857
ripple,1775692952626,2026-04-09,1.3427145062635897
ripple,1775696539176,2026-04-09,1.3402288326441352
ripple,1775700103269,2026-04-09,1.3338871931247454
ripple,1775703801033,2026-04-09,1.3340858090225762
ripple,1775707363626,2026-04-09,1.3314659060954481
ripple,1775711055151,2026-04-09,1.3313338883392287
ripple,1775714681855,2026-04-09,1.3329577696354935
ripple,1775718206634,2026-04-09,1.3325571834649153
ripple,1775721744199,2026-04-09,1.3318641584268491
ripple,1775725356533,2026-04-09,1.3353466124902698
ripple,1775728914273,2026-04-09,1.337863723223281
ripple,1775732568104,2026-04-09,1.333648058858205
ripple,1775736063419,2026-04-09,1.329507875817159
ripple,1775739797043,2026-04-09,1.331265221915514
ripple,1775743410931,2026-04-09,1.3293618734629846
ripple,1775746999421,2026-04-09,1.3322934241454027
ripple,1775750609397,2026-04-09,1.3537004274388869
ripple,1775754051866,2026-04-09,1.3514826809798166
ripple,1775757775163,2026-04-09,1.3586128848468941
ripple,1775761341321,2026-04-09,1.3562845429204478
ripple,1775764977752,2026-04-09,1.3557981960435515
ripple,1775768549628,2026-04-09,1.3562532571669301
ripple,1775772022439,2026-04-09,1.3534414062555715
ripple,1775775774270,2026-04-09,1.3528669701909315
ripple,1775779334537,2026-04-10,1.342993740550014
ripple,1775782957916,2026-04-10,1.3437731151652617
ripple,1775786594733,2026-04-10,1.3441448905341888
ripple,1775790143809,2026-04-10,1.3430574861614888
ripple,1775793752991,2026-04-10,1.341319973882793
ripple,1775797344334,2026-04-10,1.3459380686736675
ripple,1775801015762,2026-04-10,1.343380143614376
ripple,1775804631692,2026-04-10,1.34143394065094
ripple,1775808204998,2026-04-10,1.3366677866542607
ripple,1775811859076,2026-04-10,1.339608748976557
ripple,1775815311651,2026-04-10,1.3392573358392938
ripple,1775818946629,2026-04-10,1.3374826164101963
ripple,1775822550614,2026-04-10,1.3409639816487118
ripple,1775826400000,2026-04-10,1.342678269613348
shiba-inu,1773234170791,2026-03-11,0.000005738786490808057
shiba-inu,1773237844219,2026-03-11,0.0000057944203949105655
shiba-inu,1773241409840,2026-03-11,0.000005824287939603004
shiba-inu,1773244836830,2026-03-11,0.000005839141884704714
shiba-inu,1773248590176,2026-03-11,0.000005837017950543051
shiba-inu,1773252165724,2026-03-11,0.000005839242977316837
shiba-inu,1773255628548,2026-03-11,0.00000583812400043364
shiba-inu,1773259306315,2026-03-11,0.000005804601394458383
shiba-inu,1773262951206,2026-03-11,0.000005774434383336181
shiba-inu,1773266624836,2026-03-11,0.0000057652013545472865
shiba-inu,1773270177835,2026-03-11,0.0000057479587485805705
shiba-inu,1773273756548,2026-03-12,0.00000573241171539002
shiba-inu,1773277222891,2026-03-12,0.000005742922360227161
shiba-inu,1773281029624,2026-03-12,0.000005742530564642597
shiba-inu,1773284611564,2026-03-12,0.0000057257638782670914
shiba-inu,1773288120952,2026-03-12,0.000005737300471062849
shiba-inu,1773291785531,2026-03-12,0.000005724774055270635
shiba-inu,1773295427565,2026-03-12,0.000005703375512093327
shiba-inu,1773298998125,2026-03-12,0.000005715839860808612
shiba-inu,1773302569926,2026-03-12,0.000005797280897395389
shiba-inu,1773306197112,2026-03-12,0.00000584768242645398
shiba-inu,1773309739446,2026-03-12,0.000005840370950601159
shiba-inu,1773313388124,2026-03-12,0.000005925319306991297
shiba-inu,1773316894992,2026-03-12,0.0000059970153407987534
shiba-inu,1773320492703,2026-03-12,0.000006001372361340617
shiba-inu,1773324056221,2026-03-12,0.000005942125270051551
shiba-inu,1773327649376,2026-03-12,0.000005901772190131016
shiba-inu,1773331316685,2026-03-12,0.000005874027932102386
shiba-inu,1773334966001,2026-03-12,0.0000058808863269069746
shiba-inu,1773338614577,2026-03-12,0.000005898802349809966
shiba-inu,1773342152473,2026-03-12,0.0000058654551892338895
shiba-inu,1773345725058,2026-03-12,0.000005940438060944726
shiba-inu,1773349224472,2026-03-12,0.000005866722262366279
shiba-inu,1773352835487,2026-03-12,0.000005897086446851135
shiba-inu,1773356585814,2026-03-12,0.0000058756243131705295
shiba-inu,1773360180292,2026-03-13,0.000005914617957046192
shiba-inu,1773363675128,2026-03-13,0.0000059701986541479805
shiba-inu,1773367299457,2026-03-13,0.000005995530577881001
shiba-inu,1773371024082,2026-03-13,0.000005960934476340922
shiba-inu,1773374597320,2026-03-13,0.000005978455932219714
shiba-inu,1773378103613,2026-03-13,0.000005953761978281082
shiba-inu,1773381747694,2026-03-13,0.000005934958165408624
shiba-inu,1773385305167,2026-03-13,0.0000059548610502268595
shiba-inu,1773388961823,2026-03-13,0.000005976639354135696
shiba-inu,1773392543867,2026-03-13,0.000005983687686472033
shiba-inu,1773396188995,2026-03-13,0.000006039388319831322
shiba-inu,1773399721331,2026-03-13,0.000006071945435091456
shiba-inu,1773403431189,2026-03-13,0.0000061942870915870785
shiba-inu,1773406898452,2026-03-13,0.000006237066292699456
shiba-inu,1773410554277,2026-03-13,0.0000062000220794521
shiba-inu,1773414040276,2026-03-13,0.000006027688951249807
shiba-inu,1773417833994,2026-03-13,0.00000604680938258485
shiba-inu,1773421204580,2026-03-13,0.000006067171863404346
shiba-inu,1773425033106,2026-03-13,0.000005963171924042364
shiba-inu,1773428555413,2026-03-13,0.000005949122580702981
shiba-inu,1773432223644,2026-03-13,0.000005957905442243222
shiba-inu,1773435742378,2026-03-13,0.00000597616017311658
shiba-inu,1773439347790,2026-03-13,0.00000595529772801538
shiba-inu,1773443003485,2026-03-13,0.000005916149555206203
shiba-inu,1773446516873,2026-03-14,0.000005935014175825439
shiba-inu,1773450159634,2026-03-14,0.000005907497902678951
shiba-inu,1773453760219,2026-03-14,0.000005933236209494799
shiba-inu,1773457342953,2026-03-14,0.0000059444004393735345
shiba-inu,1773461032930,2026-03-14,0.0000059517979679013145
shiba-inu,1773464542271,2026-03-14,0.00000595574473158761
shiba-inu,1773468123000,2026-03-14,0.000005925618915660056
shiba-inu,1773471770878,2026-03-14,0.000005881251826145165
shiba-inu,1773475369499,2026-03-14,0.0000058769442731106365
shiba-inu,1773478835712,2026-03-14,0.000005878621885920134
shiba-inu,1773482532913,2026-03-14,0.000005872571638640503
shiba-inu,1773486134644,2026-03-14,0.000005874065519189243
shiba-inu,1773489654048,2026-03-14,0.000005890038160559074
shiba-inu,1773493376213,2026-03-14,0.000005877894406113773
shiba-inu,1773496956183,2026-03-14,0.000005908427954082344
shiba-inu,1773500620273,2026-03-14,0.00000590813828181517
shiba-inu,1773504127251,2026-03-14,0.000005917018979071022
shiba-inu,1773507774124,2026-03-14,0.000005930181275520951
shiba-inu,1773511314822,2026-03-14,0.000005897497100930353
shiba-inu,1773514896175,2026-03-14,0.000005885339670590714
shiba-inu,1773518555819,2026-03-14,0.000005870265397739421
shiba-inu,1773522063376,2026-03-14,0.000005846151898338002
shiba-inu,1773525757735,2026-03-14,0.000005848619238962107
shiba-inu,1773529415316,2026-03-14,0.000005844884788594548
shiba-inu,1773533052886,2026-03-15,0.000005877449544775742
shiba-inu,1773536529410,2026-03-15,0.000005851441997916369
shiba-inu,1773540402464,2026-03-15,0.000005868710393324902
shiba-inu,1773544125987,2026-03-15,0.000005915930893974302
shiba-inu,1773547491886,2026-03-15,0.0000058776141397314705
shiba-inu,1773551077333,2026-03-15,0.000005853253530706328
shiba-inu,1773554652579,2026-03-15,0.0000058572877733054285
shiba-inu,1773558575204,2026-03-15,0.000005843674710483677
shiba-inu,1773561721398,2026-03-15,0.0000058293970489916265
shiba-inu,1773565338184,2026-03-15,0.000005850351358345046
shiba-inu,1773568921041,2026-03-15,0.00000584543004109169
shiba-inu,1773572505507,2026-03-15,0.000005864315548417674
shiba-inu,1773576137793,2026-03-15,0.000005870397604060093
shiba-inu,1773579748461,2026-03-15,0.000005865205767288385
shiba-inu,1773583235762,2026-03-15,0.000005840533878202246
shiba-inu,1773586961090,2026-03-15,0.000005853482992816343
shiba-inu,1773590596727,2026-03-15,0.000005829503082714902
shiba-inu,1773594209431,2026-03-15,0.00000580512366455099
shiba-inu,1773597822811,2026-03-15,0.000005857298198020557
shiba-inu,1773601384246,2026-03-15,0.000005806570574136539
shiba-inu,1773605020970,2026-03-15,0.000005834536884675446
shiba-inu,1773608643847,2026-03-15,0.000005834205499907263
shiba-inu,1773612250516,2026-03-15,0.000005863989489198185
shiba-inu,1773615824110,2026-03-15,0.000005943942310085845
shiba-inu,1773619207986,2026-03-16,0.000005935076657119952
shiba-inu,1773623035762,2026-03-16,0.000006014818119847134
shiba-inu,1773626615765,2026-03-16,0.000005994420306834488
shiba-inu,1773630215516,2026-03-16,0.000005991071344714054
shiba-inu,1773633816233,2026-03-16,0.0000060870623518467585
shiba-inu,1773637324112,2026-03-16,0.000006164843815551534
shiba-inu,1773640979504,2026-03-16,0.000006234787992544651
shiba-inu,1773644631480,2026-03-16,0.0000062499309549201365
shiba-inu,1773648226286,2026-03-16,0.0000063529157573669254
shiba-inu,1773651783951,2026-03-16,0.000006244984561839345
shiba-inu,1773655311749,2026-03-16,0.000006313458187901503
shiba-inu,1773658904611,2026-03-16,0.000006190814095510314
shiba-inu,1773662557014,2026-03-16,0.000006154675597464163
shiba-inu,1773666166381,2026-03-16,0.000006138682427502232
shiba-inu,1773669766920,2026-03-16,0.000006105270626849556
shiba-inu,1773673360105,2026-03-16,0.000006164605423236308
shiba-inu,1773676959785,2026-03-16,0.000006071637427779095
shiba-inu,1773680522227,2026-03-16,0.00000611245746849445
shiba-inu,1773684214337,2026-03-16,0.000006148347931684284
shiba-inu,1773687791051,2026-03-16,0.000006152098546305204
shiba-inu,1773691395460,2026-03-16,0.000006170158165111324
shiba-inu,1773695017821,2026-03-16,0.000006150282733962134
shiba-inu,1773698590486,2026-03-16,0.000006143999952563476
shiba-inu,1773702192633,2026-03-16,0.000006200426651009612
shiba-inu,1773705712425,2026-03-17,0.000006192281246639652
shiba-inu,1773709383810,2026-03-17,0.000006205170757918175
shiba-inu,1773712959042,2026-03-17,0.000006198256173705421
shiba-inu,1773716584836,2026-03-17,0.000006215797645800583
shiba-inu,1773720021498,2026-03-17,0.000006143630443789212
shiba-inu,1773723734460,2026-03-17,0.000006093070369704264
shiba-inu,1773727423336,2026-03-17,0.000006066521683425788
shiba-inu,1773730839565,2026-03-17,0.000006064357330436883
shiba-inu,1773734616959,2026-03-17,0.0000060863497736672296
shiba-inu,1773738158495,2026-03-17,0.000006121123725547013
shiba-inu,1773741766949,2026-03-17,0.0000061024013495237
shiba-inu,1773745344195,2026-03-17,0.000006091597677263263
shiba-inu,1773748996392,2026-03-17,0.000006074261472580365
shiba-inu,1773752578072,2026-03-17,0.000005977219153637212
shiba-inu,1773756162136,2026-03-17,0.000005993517292378386
shiba-inu,1773759803317,2026-03-17,0.000006012122036280228
shiba-inu,1773763213636,2026-03-17,0.0000060163870923702795
shiba-inu,1773767053107,2026-03-17,0.000006031017232278982
shiba-inu,1773770617168,2026-03-17,0.000006062145526433991
shiba-inu,1773774141527,2026-03-17,0.0000060774901441168
shiba-inu,1773777770702,2026-03-17,0.0000060635667642029686
shiba-inu,1773781379506,2026-03-17,0.000006079591166831062
shiba-inu,1773784973030,2026-03-17,0.000006114608222299377
shiba-inu,1773788561001,2026-03-17,0.000006098916976634631
shiba-inu,1773792159906,2026-03-18,0.000006065542386921957
shiba-inu,1773795748231,2026-03-18,0.000006047607383268117
shiba-inu,1773799375207,2026-03-18,0.00000608871240196216
shiba-inu,1773802979378,2026-03-18,0.000006143768745388774
shiba-inu,1773806569934,2026-03-18,0.000006163804808969815
shiba-inu,1773810072298,2026-03-18,0.000006108311672760797
shiba-inu,1773813656455,2026-03-18,0.000006093369554730271
shiba-inu,1773817405117,2026-03-18,0.000006069291459464666
shiba-inu,1773820952551,2026-03-18,0.000006059524299078534
shiba-inu,1773824580926,2026-03-18,0.000006053786680877778
shiba-inu,1773828169811,2026-03-18,0.000006069337298441525
shiba-inu,1773831728017,2026-03-18,0.000006057572954906364
shiba-inu,1773835370925,2026-03-18,0.00000594435975545659
shiba-inu,1773838846815,2026-03-18,0.0000058346314763191665
shiba-inu,1773842556695,2026-03-18,0.000005838485584008126
shiba-inu,1773846159619,2026-03-18,0.0000057584364026376256
shiba-inu,1773849745476,2026-03-18,0.000005748845564981721
shiba-inu,1773853353609,2026-03-18,0.000005743105503915296
shiba-inu,1773856964156,2026-03-18,0.000005777380135555533
shiba-inu,1773860601232,2026-03-18,0.0000057609094251883555
shiba-inu,1773864068170,2026-03-18,0.000005769322960566583
shiba-inu,1773867795215,2026-03-18,0.000005809206728264495
shiba-inu,1773871373156,2026-03-18,0.0000058083521080692785
shiba-inu,1773874922535,2026-03-18,0.000005814373188083509
shiba-inu,1773878452681,2026-03-19,0.000005816046331212634
shiba-inu,1773882049186,2026-03-19,0.000005803411409543903
shiba-inu,1773885763258,2026-03-19,0.000005798991702860577
shiba-inu,1773889419316,2026-03-19,0.000005793068417221399
shiba-inu,1773892954640,2026-03-19,0.000005820841266181458
shiba-inu,1773896571823,2026-03-19,0.000005795995474376078
shiba-inu,1773900091074,2026-03-19,0.0000057838190000778846
shiba-inu,1773903747416,2026-03-19,0.00000579255462073728
shiba-inu,1773907379604,2026-03-19,0.0000057374128190955075
shiba-inu,1773910979662,2026-03-19,0.000005741419546481621
shiba-inu,1773914572550,2026-03-19,0.000005780854525620071
shiba-inu,1773918078392,2026-03-19,0.000005754910906794659
shiba-inu,1773921826090,2026-03-19,0.0000057530245334450715
shiba-inu,1773925239224,2026-03-19,0.000005695902858990226
shiba-inu,1773928989288,2026-03-19,0.000005730183108308352
shiba-inu,1773932613517,2026-03-19,0.000005721130520112328
shiba-inu,1773936165263,2026-03-19,0.000005692177001025843
shiba-inu,1773939711791,2026-03-19,0.0000056502296321651575
shiba-inu,1773943407940,2026-03-19,0.000005672411982120783
shiba-inu,1773946872529,2026-03-19,0.0000056734466520477074
shiba-inu,1773950473413,2026-03-19,0.000005745170091039628
shiba-inu,1773954104048,2026-03-19,0.0000057607841695462215
shiba-inu,1773957730913,2026-03-19,0.000005781086262098568
shiba-inu,1773961244939,2026-03-19,0.000005766165272524305
shiba-inu,1773964917377,2026-03-20,0.000005803340623164002
shiba-inu,1773968569512,2026-03-20,0.000005852385963193011
shiba-inu,1773972021534,2026-03-20,0.0000059160315216179614
shiba-inu,1773975772545,2026-03-20,0.000005915568931088558
shiba-inu,1773979344464,2026-03-20,0.0000059698270853074
shiba-inu,1773982967553,2026-03-20,0.000006066119301154117
shiba-inu,1773986585912,2026-03-20,0.000006063462208101139
shiba-inu,1773990094262,2026-03-20,0.000006027108542222984
shiba-inu,1773993725442,2026-03-20,0.000005974146407397798
shiba-inu,1773997263405,2026-03-20,0.000005978533004109478
shiba-inu,1774000950228,2026-03-20,0.000005956894525528649
shiba-inu,1774004558232,2026-03-20,0.000006028687392795309
shiba-inu,1774008054581,2026-03-20,0.000005984375456064633
shiba-inu,1774011742137,2026-03-20,0.000005972121141878286
shiba-inu,1774015334095,2026-03-20,0.000005929381295555168
shiba-inu,1774018973228,2026-03-20,0.000005975304735999833
shiba-inu,1774022625542,2026-03-20,0.000006067249908555704
shiba-inu,1774026188966,2026-03-20,0.000006086080279247037
shiba-inu,1774029755945,2026-03-20,0.00000608999512058083
shiba-inu,1774033344518,2026-03-20,0.000006016392953010998
shiba-inu,1774036917627,2026-03-20,0.000005973164577702345
shiba-inu,1774040610925,2026-03-20,0.0000059241773414249105
shiba-inu,1774044239176,2026-03-20,0.000005954156302534249
shiba-inu,1774047779365,2026-03-20,0.000005963044173226921
shiba-inu,1774051346632,2026-03-21,0.000005956893949207752
shiba-inu,1774054948077,2026-03-21,0.000005970280103762968
shiba-inu,1774058521003,2026-03-21,0.000005938905206730981
shiba-inu,1774062124945,2026-03-21,0.000005973062386935652
shiba-inu,1774065690650,2026-03-21,0.000005997935036791655
shiba-inu,1774069365747,2026-03-21,0.000006042796832507899
shiba-inu,1774073258310,2026-03-21,0.000006021404384337164
shiba-inu,1774076533001,2026-03-21,0.000006035281034613262
shiba-inu,1774080271808,2026-03-21,0.0000060045532509065435
shiba-inu,1774083669260,2026-03-21,0.000006009208840629487
shiba-inu,1774087338103,2026-03-21,0.000006012010882399362
shiba-inu,1774090996624,2026-03-21,0.000005991316100977175
shiba-inu,1774094673811,2026-03-21,0.000005983040741285885
shiba-inu,1774098291631,2026-03-21,0.0000059610942546393135
shiba-inu,1774101781111,2026-03-21,0.000005963254200053045
shiba-inu,1774105385848,2026-03-21,0.000005950527664718901
shiba-inu,1774109079538,2026-03-21,0.000006033689845415552
shiba-inu,1774112599151,2026-03-21,0.0000060065652907934745
shiba-inu,1774116030489,2026-03-21,0.000005977960781836331
shiba-inu,1774119969886,2026-03-21,0.000005972073744609309
shiba-inu,1774123451046,2026-03-21,0.000005969051397403815
shiba-inu,1774126804194,2026-03-21,0.000005997613104775133
shiba-inu,1774130691169,2026-03-21,0.0000059818857071253196
shiba-inu,1774134247217,2026-03-21,0.0000059957167922210925
shiba-inu,1774137834602,2026-03-22,0.00000585888811713538
shiba-inu,1774141438161,2026-03-22,0.000005843831713755654
shiba-inu,1774145023655,2026-03-22,0.000005842521229195381
shiba-inu,1774148596128,2026-03-22,0.000005861464299192969
shiba-inu,1774152197389,2026-03-22,0.0000058593866646049536
shiba-inu,1774155800173,2026-03-22,0.000005866259790087952
shiba-inu,1774159427223,2026-03-22,0.000005833801659345807
shiba-inu,1774163017026,2026-03-22,0.00000582156006270815
shiba-inu,1774166662745,2026-03-22,0.00000580462722903267
shiba-inu,1774170278963,2026-03-22,0.000005789098091697865
shiba-inu,1774173866661,2026-03-22,0.000005793701837638021
shiba-inu,1774177453058,2026-03-22,0.000005764499310118203
shiba-inu,1774180998447,2026-03-22,0.00000575654062376589
shiba-inu,1774184568612,2026-03-22,0.000005776711306967685
shiba-inu,1774188210032,2026-03-22,0.000005785290614301658
shiba-inu,1774191805147,2026-03-22,0.000005777136138995547
shiba-inu,1774195390277,2026-03-22,0.00000578101857955146
shiba-inu,1774198824789,2026-03-22,0.000005776212593022118
shiba-inu,1774202425948,2026-03-22,0.000005756099191555825
shiba-inu,1774206163306,2026-03-22,0.0000057317511604801675
shiba-inu,1774209768550,2026-03-22,0.00000571604694483186
shiba-inu,1774213362100,2026-03-22,0.000005708252791471894
shiba-inu,1774216988064,2026-03-22,0.000005660473580657647
shiba-inu,1774220521565,2026-03-22,0.000005715783976459464
shiba-inu,1774224180786,2026-03-23,0.000005703257875929283
shiba-inu,1774227743134,2026-03-23,0.0000057527173663535665
shiba-inu,1774231397403,2026-03-23,0.0000057902190847273856
shiba-inu,1774234969764,2026-03-23,0.000005817195716620787
shiba-inu,1774238523043,2026-03-23,0.000005804827168802883
shiba-inu,1774242109626,2026-03-23,0.000005810927683043646
shiba-inu,1774245650596,2026-03-23,0.0000058268746144778686
shiba-inu,1774249377419,2026-03-23,0.000005775249625090266
shiba-inu,1774252929537,2026-03-23,0.000005767717876114102
shiba-inu,1774256604693,2026-03-23,0.000005740005046161007
shiba-inu,1774260169975,2026-03-23,0.000005774408979984424
shiba-inu,1774263756615,2026-03-23,0.0000057897626227007065
shiba-inu,1774267253418,2026-03-23,0.00000600693872444626
shiba-inu,1774270976835,2026-03-23,0.000006057419634620461
shiba-inu,1774274572083,2026-03-23,0.0000060759327571114795
shiba-inu,1774278199771,2026-03-23,0.000006087252317046073
shiba-inu,1774281742748,2026-03-23,0.000006083646701062828
shiba-inu,1774285390382,2026-03-23,0.00000605222783607236
shiba-inu,1774289061986,2026-03-23,0.000006075037230692104
shiba-inu,1774292570536,2026-03-23,0.000006134367244077477
shiba-inu,1774296225133,2026-03-23,0.00000608785924124887
shiba-inu,1774299879339,2026-03-23,0.000006112570033308692
shiba-inu,1774303277942,2026-03-23,0.0000061857248500999305
shiba-inu,1774306878345,2026-03-23,0.000006124658370026969
shiba-inu,1774310675858,2026-03-24,0.00000610258428477151
shiba-inu,1774314281221,2026-03-24,0.00000604085275699868
shiba-inu,1774317774705,2026-03-24,0.000006018438243886745
shiba-inu,1774321429653,2026-03-24,0.000006033690093946029
shiba-inu,1774325027412,2026-03-24,0.000006082132623576583
shiba-inu,1774328617941,2026-03-24,0.000006072509913307582
shiba-inu,1774332123484,2026-03-24,0.000006071953007714516
shiba-inu,1774335689938,2026-03-24,0.000006055268160694625
shiba-inu,1774339308239,2026-03-24,0.0000061140517590259985
shiba-inu,1774342907429,2026-03-24,0.000006136294608916911
shiba-inu,1774346518518,2026-03-24,0.000006160322523182927
shiba-inu,1774350032190,2026-03-24,0.000006153769998826259
shiba-inu,1774353711207,2026-03-24,0.000006101784176875157
shiba-inu,1774357301426,2026-03-24,0.000006117287346094924
shiba-inu,1774360853877,2026-03-24,0.0000061047575845961
shiba-inu,1774364502268,2026-03-24,0.000006091292224182933
shiba-inu,1774368072670,2026-03-24,0.000006098155766451258
shiba-inu,1774371700366,2026-03-24,0.000006083039947400356
shiba-inu,1774375262357,2026-03-24,0.000006056507636072813
shiba-inu,1774378917518,2026-03-24,0.000006080050488576723
shiba-inu,1774382492534,2026-03-24,0.000006109238299114883
shiba-inu,1774386121698,2026-03-24,0.000006202051860441357
shiba-inu,1774389737484,2026-03-24,0.000006190760440170107
shiba-inu,1774393302254,2026-03-24,0.000006191544858350617
shiba-inu,1774396904429,2026-03-25,0.000006197681698316952
shiba-inu,1774400491730,2026-03-25,0.000006189581285742579
shiba-inu,1774404122826,2026-03-25,0.000006196834707624709
shiba-inu,1774407717124,2026-03-25,0.000006148907719866265
shiba-inu,1774411319741,2026-03-25,0.000006137664244027203
shiba-inu,1774414915170,2026-03-25,0.000006156653843054234
shiba-inu,1774418520824,2026-03-25,0.000006175529666896137
shiba-inu,1774422035842,2026-03-25,0.000006217986521475041
shiba-inu,1774425750347,2026-03-25,0.0000062318358302997115
shiba-inu,1774429333090,2026-03-25,0.000006239968203102142
shiba-inu,1774432889053,2026-03-25,0.000006171109967983875
shiba-inu,1774436532702,2026-03-25,0.000006184776383953818
shiba-inu,1774440143695,2026-03-25,0.000006187218196330728
shiba-inu,1774443789796,2026-03-25,0.000006194037466285984
shiba-inu,1774447367495,2026-03-25,0.000006175335922361779
shiba-inu,1774450972733,2026-03-25,0.000006166976104937614
shiba-inu,1774454609929,2026-03-25,0.000006119635418732426
shiba-inu,1774458161127,2026-03-25,0.0000061412627234118625
shiba-inu,1774461781532,2026-03-25,0.000006116757957791837
shiba-inu,1774465388556,2026-03-25,0.000006106881592319791
shiba-inu,1774468993498,2026-03-25,0.000006102508938076125
shiba-inu,1774472640892,2026-03-25,0.0000061148848828952856
shiba-inu,1774476177507,2026-03-25,0.000006114849480233778
shiba-inu,1774479752473,2026-03-25,0.0000061453403018302395
shiba-inu,1774483401927,2026-03-26,0.000006127082031737664
shiba-inu,1774486977659,2026-03-26,0.000006108332678930303
shiba-inu,1774490551044,2026-03-26,0.000006107064319715658
shiba-inu,1774494229843,2026-03-26,0.000006078116558738904
shiba-inu,1774497789051,2026-03-26,0.000006050611634667271
shiba-inu,1774501473196,2026-03-26,0.0000060318140416570265
shiba-inu,1774504938362,2026-03-26,0.0000059876708140753974
shiba-inu,1774508538923,2026-03-26,0.000005973183410263305
shiba-inu,1774512002950,2026-03-26,0.0000059648349967471275
shiba-inu,1774515731887,2026-03-26,0.000005952382922371598
shiba-inu,1774519369912,2026-03-26,0.000005932797107396342
shiba-inu,1774522972070,2026-03-26,0.0000059383980624644
shiba-inu,1774526410215,2026-03-26,0.000005899420042396664
shiba-inu,1774530156776,2026-03-26,0.000005913045250551037
shiba-inu,1774533776326,2026-03-26,0.000005951459784896751
shiba-inu,1774537430019,2026-03-26,0.000005929483978549119
shiba-inu,1774540954941,2026-03-26,0.0000058955503087816984
shiba-inu,1774544544382,2026-03-26,0.000005894656872195286
shiba-inu,1774548170841,2026-03-26,0.000005878119944963987
shiba-inu,1774551834074,2026-03-26,0.000005865801424840708
shiba-inu,1774555416121,2026-03-26,0.000005862262821813325
shiba-inu,1774558996089,2026-03-26,0.000005908558418444645
shiba-inu,1774562515191,2026-03-26,0.000005945614374979161
shiba-inu,1774566157004,2026-03-26,0.000005933174142244653
shiba-inu,1774569720427,2026-03-27,0.0000059188508372629
shiba-inu,1774573317141,2026-03-27,0.000005928301723758932
shiba-inu,1774576931098,2026-03-27,0.000005946139352206558
shiba-inu,1774580556786,2026-03-27,0.000005941123061058428
shiba-inu,1774584107237,2026-03-27,0.0000059195885390740375
shiba-inu,1774587631660,2026-03-27,0.000005911337643318857
shiba-inu,1774591227549,2026-03-27,0.000005895604026080654
shiba-inu,1774594854501,2026-03-27,0.000005904061550514994
shiba-inu,1774598522202,2026-03-27,0.000005899537976287502
shiba-inu,1774602132103,2026-03-27,0.000005873429486396237
shiba-inu,1774605730277,2026-03-27,0.000005827265814663206
shiba-inu,1774609355719,2026-03-27,0.000005755851225808126
shiba-inu,1774612881362,2026-03-27,0.000005763696512663934
shiba-inu,1774616519015,2026-03-27,0.000005757152761777214
shiba-inu,1774620159426,2026-03-27,0.0000057658251135144055
shiba-inu,1774623610600,2026-03-27,0.000005758276794615009
shiba-inu,1774627314049,2026-03-27,0.000005779906895373073
shiba-inu,1774630949242,2026-03-27,0.000005746146374957528
shiba-inu,1774634561182,2026-03-27,0.000005752796982177639
shiba-inu,1774638088018,2026-03-27,0.000005761445377834546
shiba-inu,1774641756647,2026-03-27,0.000005778437019955449
shiba-inu,1774645326486,2026-03-27,0.000005787334408501234
shiba-inu,1774648897278,2026-03-27,0.000005782520362876605
shiba-inu,1774652499023,2026-03-27,0.000005772579075736824
shiba-inu,1774656127770,2026-03-28,0.000005774269440827979
shiba-inu,1774659720643,2026-03-28,0.000005772629698456997
shiba-inu,1774663337374,2026-03-28,0.000005764389161433793
shiba-inu,1774666824265,2026-03-28,0.000005753748993936686
shiba-inu,1774670518443,2026-03-28,0.000005734016935418209
shiba-inu,1774674136990,2026-03-28,0.000005726093678045219
shiba-inu,1774677744213,2026-03-28,0.000005750296611484082
shiba-inu,1774681319898,2026-03-28,0.000005760966229258358
shiba-inu,1774684937405,2026-03-28,0.0000058019610133539425
shiba-inu,1774688531642,2026-03-28,0.000005806568447359308
shiba-inu,1774692129391,2026-03-28,0.000005822790672630853
shiba-inu,1774695732316,2026-03-28,0.000005813536687267965
shiba-inu,1774699326423,2026-03-28,0.000005838280759513419
shiba-inu,1774702874211,2026-03-28,0.000005816414030780489
shiba-inu,1774706539750,2026-03-28,0.000005887887243632844
shiba-inu,1774710168184,2026-03-28,0.0000058911323588598884
shiba-inu,1774713711000,2026-03-28,0.000005917699100521643
shiba-inu,1774717341249,2026-03-28,0.000005937649260220881
shiba-inu,1774720942518,2026-03-28,0.000005929925732098663
shiba-inu,1774724510904,2026-03-28,0.00000594977883161344
shiba-inu,1774728120251,2026-03-28,0.0000059233424532054015
shiba-inu,1774731718125,2026-03-28,0.000005941318552439937
shiba-inu,1774735335494,2026-03-28,0.0000058953717276283265
shiba-inu,1774738940348,2026-03-28,0.0000058744088719607375
shiba-inu,1774742502970,2026-03-29,0.000005828662452317568
shiba-inu,1774746113132,2026-03-29,0.000005813573160741317
shiba-inu,1774749793135,2026-03-29,0.000005823619793503681
shiba-inu,1774753453925,2026-03-29,0.000005836082192531614
shiba-inu,1774756995418,2026-03-29,0.0000058404835224999624
shiba-inu,1774760581190,2026-03-29,0.000005838377657411188
shiba-inu,1774764128856,2026-03-29,0.000005824849097273296
shiba-inu,1774767724835,2026-03-29,0.000005817615624557147
shiba-inu,1774771356825,2026-03-29,0.000005788993033122167
shiba-inu,1774774996987,2026-03-29,0.000005790582810612789
shiba-inu,1774778519713,2026-03-29,0.00000578960374648478
shiba-inu,1774782176362,2026-03-29,0.000005771205017919819
shiba-inu,1774785699100,2026-03-29,0.0000057749081698023
shiba-inu,1774789434921,2026-03-29,0.000005789882617382889
shiba-inu,1774792968404,2026-03-29,0.000005770775559181919
shiba-inu,1774796573270,2026-03-29,0.0000057731343750093255
shiba-inu,1774800188377,2026-03-29,0.000005769807292587526
shiba-inu,1774803761034,2026-03-29,0.000005746948666655881
shiba-inu,1774807342618,2026-03-29,0.000005757675290793802
shiba-inu,1774810946381,2026-03-29,0.000005772631027969651
shiba-inu,1774814432103,2026-03-29,0.00000576134829934085
shiba-inu,1774818061661,2026-03-29,0.000005817982196981421
shiba-inu,1774821717324,2026-03-29,0.000005840592849115116
shiba-inu,1774825332268,2026-03-29,0.0000057216826185505935
shiba-inu,1774828974759,2026-03-30,0.000005783639820570135
shiba-inu,1774832563350,2026-03-30,0.000005859498135142807
shiba-inu,1774836155426,2026-03-30,0.000005894830989007473
shiba-inu,1774839754273,2026-03-30,0.000005911986615174504
shiba-inu,1774843342284,2026-03-30,0.000005922131585773701
shiba-inu,1774846876493,2026-03-30,0.000005980478853526901
shiba-inu,1774850520775,2026-03-30,0.0000060158375132687865
shiba-inu,1774854141660,2026-03-30,0.000006001263521236381
shiba-inu,1774857735504,2026-03-30,0.0000060998961087713096
shiba-inu,1774861279951,2026-03-30,0.000006108774435370886
shiba-inu,1774864888855,2026-03-30,0.0000060175703304728286
shiba-inu,1774868556311,2026-03-30,0.000006019794085201149
shiba-inu,1774872157923,2026-03-30,0.000006041011835886905
shiba-inu,1774875749185,2026-03-30,0.0000060077647771180916
shiba-inu,1774879363836,2026-03-30,0.000006015023262164451
shiba-inu,1774882936861,2026-03-30,0.000006039184212998025
shiba-inu,1774886563168,2026-03-30,0.000006088441215090234
shiba-inu,1774890168019,2026-03-30,0.000006094636355067031
shiba-inu,1774893778630,2026-03-30,0.000006038993460386942
shiba-inu,1774897397255,2026-03-30,0.000005969526028309561
shiba-inu,1774900950423,2026-03-30,0.000005947927144482274
shiba-inu,1774904582026,2026-03-30,0.000005956635384595056
shiba-inu,1774908176368,2026-03-30,0.000005972736614373648
shiba-inu,1774911716439,2026-03-30,0.000005964566328901151
shiba-inu,1774915254836,2026-03-31,0.000005921863851342121
shiba-inu,1774918852120,2026-03-31,0.000005933414741189445
shiba-inu,1774922591400,2026-03-31,0.000005963599255231507
shiba-inu,1774926101867,2026-03-31,0.000005965885495935371
shiba-inu,1774929786461,2026-03-31,0.000005918454175753062
shiba-inu,1774933425746,2026-03-31,0.000005911018119194505
shiba-inu,1774937009076,2026-03-31,0.000005919028629840788
shiba-inu,1774940590380,2026-03-31,0.000005928452185713741
shiba-inu,1774944173548,2026-03-31,0.000005940057007861307
shiba-inu,1774947742212,2026-03-31,0.000005901087018321552
shiba-inu,1774951336576,2026-03-31,0.000005839146026020344
shiba-inu,1774954950831,2026-03-31,0.000005853942246145112
shiba-inu,1774958537817,2026-03-31,0.000005901432094334975
shiba-inu,1774962153823,2026-03-31,0.000005887939161527632
shiba-inu,1774965709221,2026-03-31,0.000005922170695370799
shiba-inu,1774969394234,2026-03-31,0.00000589148375761475
shiba-inu,1774972927577,2026-03-31,0.000005862018620192855
shiba-inu,1774976598569,2026-03-31,0.000005935458163763341
shiba-inu,1774980216134,2026-03-31,0.000005918647934132521
shiba-inu,1774983767152,2026-03-31,0.00000594079252058455
shiba-inu,1774987379580,2026-03-31,0.000005947816636768527
shiba-inu,1774990904532,2026-03-31,0.0000059755874459146195
shiba-inu,1774994526627,2026-03-31,0.000005955013581655188
shiba-inu,1774998175884,2026-03-31,0.000005927998304484419
shiba-inu,1775001774725,2026-04-01,0.000005943024673780709
shiba-inu,1775005373910,2026-04-01,0.000005964411900194806
shiba-inu,1775008960670,2026-04-01,0.0000059176761165497586
shiba-inu,1775012512573,2026-04-01,0.000005893784769858072
shiba-inu,1775016132832,2026-04-01,0.0000059379285626411315
shiba-inu,1775019702241,2026-04-01,0.000005921859402591846
shiba-inu,1775023307018,2026-04-01,0.0000059724845539725295
shiba-inu,1775027035165,2026-04-01,0.000006018979025590093
shiba-inu,1775030445104,2026-04-01,0.000005986022968394996
shiba-inu,1775034094730,2026-04-01,0.00000598125945789028
shiba-inu,1775037719053,2026-04-01,0.000005964936547749382
shiba-inu,1775041295257,2026-04-01,0.000005980994144647358
shiba-inu,1775044902128,2026-04-01,0.00000601036831851187
shiba-inu,1775048514154,2026-04-01,0.000006035408184099435
shiba-inu,1775052104879,2026-04-01,0.000006008629205787021
shiba-inu,1775055720259,2026-04-01,0.0000060602044409010525
shiba-inu,1775059323321,2026-04-01,0.0000060648631557216945
shiba-inu,1775062911402,2026-04-01,0.000006092681207347697
shiba-inu,1775066533447,2026-04-01,0.000006052948807321059
shiba-inu,1775070001695,2026-04-01,0.000006015295150670632
shiba-inu,1775073767773,2026-04-01,0.000006022245310490897
shiba-inu,1775077382471,2026-04-01,0.000006010093951108374
shiba-inu,1775080912582,2026-04-01,0.000006025370923572741
shiba-inu,1775084516718,2026-04-01,0.000006002419692082535
shiba-inu,1775088098299,2026-04-02,0.0000060040853238511555
shiba-inu,1775091745091,2026-04-02,0.000006044583167311052
shiba-inu,1775095384016,2026-04-02,0.000005885717114571464
shiba-inu,1775098963700,2026-04-02,0.000005850506155822377
shiba-inu,1775102641337,2026-04-02,0.000005833012459779978
shiba-inu,1775106115140,2026-04-02,0.000005813276071123771
shiba-inu,1775109768078,2026-04-02,0.000005834627126573247
shiba-inu,1775113374786,2026-04-02,0.0000058347650212256425
shiba-inu,1775116986104,2026-04-02,0.000005866186820494727
shiba-inu,1775120563664,2026-04-02,0.000005825404591726951
shiba-inu,1775124176465,2026-04-02,0.000005838255927391861
shiba-inu,1775127651629,2026-04-02,0.000005821596237928199
shiba-inu,1775131305766,2026-04-02,0.000005819501287880795
shiba-inu,1775134958396,2026-04-02,0.000005794800269084962
shiba-inu,1775138616842,2026-04-02,0.0000058031624768098165
shiba-inu,1775142168342,2026-04-02,0.000005884381024697939
shiba-inu,1775145818834,2026-04-02,0.0000058693295437807
shiba-inu,1775149371377,2026-04-02,0.000005855904746074345
shiba-inu,1775153003202,2026-04-02,0.000005825088029506822
shiba-inu,1775156561883,2026-04-02,0.000005828735882996543
shiba-inu,1775160155315,2026-04-02,0.0000058304337418756385
shiba-inu,1775163751860,2026-04-02,0.000005845763281925659
shiba-inu,1775167363067,2026-04-02,0.000005855200372708591
shiba-inu,1775170981864,2026-04-02,0.000005863302438864649
shiba-inu,1775174592618,2026-04-03,0.0000058613422478187486
shiba-inu,1775178132611,2026-04-03,0.000005879163840067327
shiba-inu,1775181786683,2026-04-03,0.000005872729060636404
shiba-inu,1775185413476,2026-04-03,0.000005847643819739044
shiba-inu,1775188981098,2026-04-03,0.000005901816559508273
shiba-inu,1775192518631,2026-04-03,0.000005916766241712477
shiba-inu,1775196012059,2026-04-03,0.000005989159566568385
shiba-inu,1775199780760,2026-04-03,0.000006002965605600423
shiba-inu,1775203328721,2026-04-03,0.000005982568245073039
shiba-inu,1775206907828,2026-04-03,0.00000603781919436887
shiba-inu,1775210577493,2026-04-03,0.000006064762834328047
shiba-inu,1775214187289,2026-04-03,0.000006039179100375939
shiba-inu,1775217705211,2026-04-03,0.000006034876399018021
shiba-inu,1775221218567,2026-04-03,0.0000060318054344493235
shiba-inu,1775224811839,2026-04-03,0.000005997863723923058
shiba-inu,1775228563792,2026-04-03,0.000005992738246479275
shiba-inu,1775232168917,2026-04-03,0.00000599082649710714
shiba-inu,1775235811190,2026-04-03,0.000006008592355594956
shiba-inu,1775239383719,2026-04-03,0.000006002828827061977
shiba-inu,1775242902700,2026-04-03,0.0000060344030666928595
shiba-inu,1775246568573,2026-04-03,0.000006016776739318175
shiba-inu,1775250497370,2026-04-03,0.000006007853803620506
shiba-inu,1775253817259,2026-04-03,0.000006006716119126684
shiba-inu,1775257406648,2026-04-03,0.000005994649768424931
shiba-inu,1775261287761,2026-04-04,0.00000598698226990868
shiba-inu,1775264640801,2026-04-04,0.000005930360679156502
shiba-inu,1775268635735,2026-04-04,0.000005922409977480617
shiba-inu,1775274595922,2026-04-04,0.000005906376053915857
shiba-inu,1775278485482,2026-04-04,0.000005930851682318239
shiba-inu,1775280510576,2026-04-04,0.000005910452277916462
shiba-inu,1775284102708,2026-04-04,0.000005908544295326302
shiba-inu,1775288198775,2026-04-04,0.0000059228531852649184
shiba-inu,1775292684923,2026-04-04,0.000005896144160332165
shiba-inu,1775297394166,2026-04-04,0.000005883498636044178
shiba-inu,1775299979986,2026-04-04,0.0000059005156407730925
shiba-inu,1775300566526,2026-04-04,0.000005895472096731358
shiba-inu,1775304146347,2026-04-04,0.000005901087117647126
shiba-inu,1775307777454,2026-04-04,0.0000058933608995376075
shiba-inu,1775311337467,2026-04-04,0.000005873067048056586
shiba-inu,1775315008614,2026-04-04,0.00000589316986663863
shiba-inu,1775318403993,2026-04-04,0.0000059169433284453425
shiba-inu,1775322036575,2026-04-04,0.000005912936022616916
shiba-inu,1775325792302,2026-04-04,0.0000059740139758916685
shiba-inu,1775329362186,2026-04-04,0.000005992019323922404
shiba-inu,1775332941374,2026-04-04,0.000006003292103688603
shiba-inu,1775336571239,2026-04-04,0.000005967670308778595
shiba-inu,1775340159810,2026-04-04,0.000005968015094432433
shiba-inu,1775343750658,2026-04-04,0.000005975800607116429
shiba-inu,1775347340265,2026-04-05,0.000005985040587330676
shiba-inu,1775350927515,2026-04-05,0.000005970040341740688
shiba-inu,1775354493064,2026-04-05,0.00000594967057292802
shiba-inu,1775358125475,2026-04-05,0.000005943524925561072
shiba-inu,1775361713739,2026-04-05,0.000005925278285777806
shiba-inu,1775365365264,2026-04-05,0.0000058985831227445616
shiba-inu,1775368861852,2026-04-05,0.000005865948948055575
shiba-inu,1775372594203,2026-04-05,0.000005849013155240431
shiba-inu,1775376197775,2026-04-05,0.0000058165069864437596
shiba-inu,1775379794856,2026-04-05,0.000005818925924439084
shiba-inu,1775383388471,2026-04-05,0.000005827322379948383
shiba-inu,1775386982160,2026-04-05,0.000005819495159236218
shiba-inu,1775390546910,2026-04-05,0.000005826946282727434
shiba-inu,1775394240937,2026-04-05,0.000005815015750729872
shiba-inu,1775397828741,2026-04-05,0.000005847389565352486
shiba-inu,1775401441736,2026-04-05,0.000005826856676521146
shiba-inu,1775405052519,2026-04-05,0.000005839794933203339
shiba-inu,1775408646356,2026-04-05,0.000005824786299605645
shiba-inu,1775412243986,2026-04-05,0.0000058261177403241514
shiba-inu,1775415843613,2026-04-05,0.000005824987768916334
shiba-inu,1775419305213,2026-04-05,0.000005822755947172844
shiba-inu,1775423000443,2026-04-05,0.000005841443648688052
shiba-inu,1775426565154,2026-04-05,0.000005844462585608911
shiba-inu,1775430138134,2026-04-05,0.0000058979555016124924
shiba-inu,1775433759510,2026-04-06,0.000005986385969939793
shiba-inu,1775437225143,2026-04-06,0.000006032209630924011
shiba-inu,1775440954397,2026-04-06,0.000006008027911038025
shiba-inu,1775444932338,2026-04-06,0.000006056263796286355
shiba-inu,1775448206669,2026-04-06,0.000006005694362567597
shiba-inu,1775451796133,2026-04-06,0.000006013027412830916
shiba-inu,1775455405056,2026-04-06,0.000006003125258915489
shiba-inu,1775459032684,2026-04-06,0.00000599493002787309
shiba-inu,1775462671922,2026-04-06,0.00000599871592940925
shiba-inu,1775466263239,2026-04-06,0.0000059886602987275315
shiba-inu,1775469866621,2026-04-06,0.000006037087310859891
shiba-inu,1775473483231,2026-04-06,0.000006047110762498465
shiba-inu,1775477090079,2026-04-06,0.000006050802062923563
shiba-inu,1775480669665,2026-04-06,0.000006014458232114638
shiba-inu,1775484247688,2026-04-06,0.000006002733815728245
shiba-inu,1775487884549,2026-04-06,0.000006009404088894729
shiba-inu,1775491479799,2026-04-06,0.000006009314867460283
shiba-inu,1775495065849,2026-04-06,0.0000059938170923304935
shiba-inu,1775498681136,2026-04-06,0.0000059761116127519014
shiba-inu,1775502283621,2026-04-06,0.000005967036419902783
shiba-inu,1775505872661,2026-04-06,0.000005953350359964973
shiba-inu,1775509497478,2026-04-06,0.000005950154672393914
shiba-inu,1775513154312,2026-04-06,0.000005921831971521203
shiba-inu,1775516666286,2026-04-06,0.0000058509627881986196
shiba-inu,1775520178674,2026-04-07,0.000005835626379299161
shiba-inu,1775523790885,2026-04-07,0.000005834580385336803
shiba-inu,1775527376253,2026-04-07,0.000005826674329288158
shiba-inu,1775530968562,2026-04-07,0.000005855551309416768
shiba-inu,1775534494005,2026-04-07,0.000005865989435831093
shiba-inu,1775538156501,2026-04-07,0.000005892518316939571
shiba-inu,1775541755872,2026-04-07,0.000005856244941421298
shiba-inu,1775545412176,2026-04-07,0.00000584463856464208
shiba-inu,1775548950257,2026-04-07,0.000005854859472616498
shiba-inu,1775552601145,2026-04-07,0.000005865760374518531
shiba-inu,1775556214991,2026-04-07,0.000005879617309836755
shiba-inu,1775559756008,2026-04-07,0.000005837626885584233
shiba-inu,1775563351004,2026-04-07,0.0000058384211557957685
shiba-inu,1775566906948,2026-04-07,0.000005818381090280011
shiba-inu,1775570656518,2026-04-07,0.000005830092634315331
shiba-inu,1775574175629,2026-04-07,0.0000058049741452924526
shiba-inu,1775577865753,2026-04-07,0.00000580659229109862
shiba-inu,1775581446856,2026-04-07,0.000005826310731444254
shiba-inu,1775584997173,2026-04-07,0.0000059033918116269434
shiba-inu,1775588559793,2026-04-07,0.000005864482236862625
shiba-inu,1775592184043,2026-04-07,0.000005947734991004977
shiba-inu,1775595863169,2026-04-07,0.000005938876323576748
shiba-inu,1775599463689,2026-04-07,0.000006015536602371353
shiba-inu,1775602995661,2026-04-07,0.000006127588766436572
shiba-inu,1775606596813,2026-04-08,0.00000613286154575398
shiba-inu,1775610182544,2026-04-08,0.00000607794282547533
shiba-inu,1775613750003,2026-04-08,0.000006111224767720296
shiba-inu,1775617427271,2026-04-08,0.000006122287823571848
shiba-inu,1775621035260,2026-04-08,0.000006136698098361489
shiba-inu,1775624501757,2026-04-08,0.000006138329050795132
shiba-inu,1775628133618,2026-04-08,0.000006148753805902158
shiba-inu,1775631726902,2026-04-08,0.000006123281495923242
shiba-inu,1775635321215,2026-04-08,0.000006117383078816273
shiba-inu,1775638936177,2026-04-08,0.00000611363464615495
shiba-inu,1775642513998,2026-04-08,0.0000061019138206219345
shiba-inu,1775646142431,2026-04-08,0.000006100865430553339
shiba-inu,1775649741625,2026-04-08,0.000006061272079139759
shiba-inu,1775653317432,2026-04-08,0.000006055418429361656
shiba-inu,1775656927065,2026-04-08,0.000006072952351706963
shiba-inu,1775660478590,2026-04-08,0.000005993832706537626
shiba-inu,1775664118018,2026-04-08,0.0000060145158756315756
shiba-inu,1775667692896,2026-04-08,0.0000060070947812254404
shiba-inu,1775671309497,2026-04-08,0.0000060166366709887834
shiba-inu,1775674907280,2026-04-08,0.0000059773656298962586
shiba-inu,1775678519038,2026-04-08,0.000005968235188025933
shiba-inu,1775682175755,2026-04-08,0.000005970794878799816
shiba-inu,1775685772340,2026-04-08,0.000006001511732079255
shiba-inu,1775689335994,2026-04-08,0.000005975384787329802
shiba-inu,1775692860967,2026-04-09,0.000005941643804552302
shiba-inu,1775696586684,2026-04-09,0.000005901080540699565
shiba-inu,1775700180057,2026-04-09,0.000005887217662253724
shiba-inu,1775703795649,2026-04-09,0.000005905538812450402
shiba-inu,1775707365123,2026-04-09,0.000005884026215616461
shiba-inu,1775711058957,2026-04-09,0.000005881231877928751
shiba-inu,1775714619518,2026-04-09,0.000005870339040619005
shiba-inu,1775718219172,2026-04-09,0.000005874891747530001
shiba-inu,1775721744903,2026-04-09,0.000005872536953022528
shiba-inu,1775725349621,2026-04-09,0.000005865359513363083
shiba-inu,1775728937264,2026-04-09,0.00000587923188561731
shiba-inu,1775732561516,2026-04-09,0.000005869786668927635
shiba-inu,1775736124733,2026-04-09,0.000005855401153888388
shiba-inu,1775739777633,2026-04-09,0.000005859300840668002
shiba-inu,1775743419442,2026-04-09,0.000005851073466814139
shiba-inu,1775746966284,2026-04-09,0.000005843593348999193
shiba-inu,1775750568561,2026-04-09,0.0000059334939266425865
shiba-inu,1775754015797,2026-04-09,0.000005923246046227712
shiba-inu,1775757741398,2026-04-09,0.000005995455347212262
shiba-inu,1775761372971,2026-04-09,0.00000597334246252316
shiba-inu,1775764958121,2026-04-09,0.000005985588185547503
shiba-inu,1775768554711,2026-04-09,0.000005997928629911927
shiba-inu,1775772178455,2026-04-09,0.000006006468155213912
shiba-inu,1775775778435,2026-04-09,0.0000059682855221693285
shiba-inu,1775779407978,2026-04-10,0.000005902795786700083
shiba-inu,1775782957758,2026-04-10,0.000005882087754204418
shiba-inu,1775786556339,2026-04-10,0.000005899415278220124
shiba-inu,1775790210026,2026-04-10,0.000005899108258867026
shiba-inu,1775793821244,2026-04-10,0.000005892348876921525
shiba-inu,1775797395278,2026-04-10,0.000005936463377162183
shiba-inu,1775801030640,2026-04-10,0.000005927486291555768
shiba-inu,1775804542529,2026-04-10,0.0000058894035582764625
shiba-inu,1775808221418,2026-04-10,0.000005888739147642053
shiba-inu,1775811760301,2026-04-10,0.000005876110975919829
shiba-inu,1775815289641,2026-04-10,0.000005899445116182449
shiba-inu,1775818946683,2026-04-10,0.000005888588414320444
shiba-inu,1775822529322,2026-04-10,0.000005898092385748608
shiba-inu,1775826482000,2026-04-10,0.000005934342696099954
tether,1773234127095,2026-03-11,0.9999897779828968
tether,1773237810511,2026-03-11,1.000014316535777
tether,1773241416613,2026-03-11,1.000048345668419
tether,1773244970698,2026-03-11,1.000109204932337
tether,1773248559572,2026-03-11,1.0000716857724397
tether,1773252205519,2026-03-11,1.000128538625352
tether,1773255820155,2026-03-11,1.000106658914445
tether,1773259425627,2026-03-11,1.0001070382526107
tether,1773262951077,2026-03-11,1.0000230345895795
tether,1773266611511,2026-03-11,1.0000767769177894
tether,1773270131936,2026-03-11,1.0000601818121304
tether,1773273768110,2026-03-12,1.0000793125957506
tether,1773277373987,2026-03-12,1.0000540826021374
tether,1773281024985,2026-03-12,1.000016208812114
tether,1773284610500,2026-03-12,1.000062027574499
tether,1773288143162,2026-03-12,1.0000437722567042
tether,1773291786105,2026-03-12,0.9999672615744898
tether,1773295391495,2026-03-12,0.999971742774578
tether,1773298847355,2026-03-12,0.9999474526717432
tether,1773302610585,2026-03-12,0.9999778443529492
tether,1773306144475,2026-03-12,0.9999641182258745
tether,1773309729076,2026-03-12,0.9999417181162782
tether,1773313398009,2026-03-12,0.9999970263237606
tether,1773316903412,2026-03-12,1.0000460978383257
tether,1773320501721,2026-03-12,1.000039262110391
tether,1773324167369,2026-03-12,1.0000842540269081
tether,1773327786648,2026-03-12,1.0000182251289234
tether,1773331418777,2026-03-12,0.9999668401334548
tether,1773334953898,2026-03-12,0.9999698174237943
tether,1773338594376,2026-03-12,1.0000832660539618
tether,1773342105920,2026-03-12,1.0000186697401605
tether,1773345724720,2026-03-12,1.0000265810835545
tether,1773349228540,2026-03-12,1.000000142756842
tether,1773352936077,2026-03-12,1.0000029500366965
tether,1773356597650,2026-03-12,1.0000191704222965
tether,1773360175743,2026-03-13,0.9999573130269976
tether,1773363810556,2026-03-13,0.9999672433059815
tether,1773367352711,2026-03-13,0.9999700763608882
tether,1773371028403,2026-03-13,0.9999195502460039
tether,1773374570027,2026-03-13,0.9999222921774316
tether,1773378045069,2026-03-13,0.9999546536039376
tether,1773381741990,2026-03-13,0.9999813866054732
tether,1773385289171,2026-03-13,0.9999664290921348
tether,1773388943228,2026-03-13,1.000011491362565
tether,1773392541063,2026-03-13,1.0000595771532057
tether,1773396195337,2026-03-13,1.0000409424186776
tether,1773399766535,2026-03-13,1.0001098018956984
tether,1773403393949,2026-03-13,1.000134835547102
tether,1773406992677,2026-03-13,1.0000694739745382
tether,1773410587065,2026-03-13,0.9999776236005101
tether,1773414170247,2026-03-13,1.0001825359241467
tether,1773417744357,2026-03-13,1.0001744819751939
tether,1773421331389,2026-03-13,1.0000755326071595
tether,1773424980469,2026-03-13,1.0000597478600752
tether,1773428591288,2026-03-13,1.000023327777077
tether,1773432156630,2026-03-13,1.000023043199578
tether,1773435778596,2026-03-13,0.9999862596439506
tether,1773439292903,2026-03-13,0.9999870442989436
tether,1773442989101,2026-03-13,1.0000133953394204
tether,1773446545891,2026-03-14,1.000087244844446
tether,1773450210096,2026-03-14,1.0000797806624921
tether,1773453762673,2026-03-14,1.0000331803511275
tether,1773457336810,2026-03-14,1.000055232278199
tether,1773460992918,2026-03-14,1.0000085077221086
tether,1773464549784,2026-03-14,1.0000321717499199
tether,1773468215069,2026-03-14,1.0000582059975887
tether,1773471803768,2026-03-14,1.0001089514818644
tether,1773475365786,2026-03-14,1.0000956875251974
tether,1773479001854,2026-03-14,1.0000562063904965
tether,1773482543271,2026-03-14,1.0000662039297914
tether,1773486162210,2026-03-14,1.0000576117956232
tether,1773489783400,2026-03-14,1.0000696599286498
tether,1773493394047,2026-03-14,1.0000793249931534
tether,1773496963543,2026-03-14,1.0000928130184046
tether,1773500573634,2026-03-14,1.0000620209902635
tether,1773504136858,2026-03-14,1.0000670816207717
tether,1773507775765,2026-03-14,1.000072273528742
tether,1773511350950,2026-03-14,1.0000344978731026
tether,1773514908623,2026-03-14,1.0000570620721467
tether,1773518530635,2026-03-14,1.0000797033769495
tether,1773522158195,2026-03-14,1.0000968630519445
tether,1773525674761,2026-03-14,1.0001108889434287
tether,1773529386033,2026-03-14,1.0001214317674112
tether,1773533161992,2026-03-15,1.0001314656938805
tether,1773536926811,2026-03-15,1.000057557220915
tether,1773540275027,2026-03-15,1.0001500983937504
tether,1773544301119,2026-03-15,1.0001021548433873
tether,1773547968996,2026-03-15,1.0000548957488902
tether,1773551324539,2026-03-15,1.0000496475646943
tether,1773554956889,2026-03-15,1.000077328822622
tether,1773558576296,2026-03-15,1.00008849593075
tether,1773561776276,2026-03-15,1.000134372917888
tether,1773565340460,2026-03-15,1.0000958680535743
tether,1773568938662,2026-03-15,1.0000654650057366
tether,1773572559216,2026-03-15,1.000097420831328
tether,1773576162980,2026-03-15,1.0000928813826127
tether,1773579618847,2026-03-15,1.0002563253358514
tether,1773583339714,2026-03-15,1.0002598964933036
tether,1773586922095,2026-03-15,1.0002592789074718
tether,1773590608526,2026-03-15,1.0002613905576307
tether,1773594242514,2026-03-15,1.0002532453970499
tether,1773597842441,2026-03-15,1.0000985032523013
tether,1773601362267,2026-03-15,1.0000747039926141
tether,1773605009032,2026-03-15,1.000156381697506
tether,1773608586502,2026-03-15,1.000107541061436
tether,1773612191740,2026-03-15,1.0000971547442705
tether,1773615832523,2026-03-15,1.0001063802423646
tether,1773619427019,2026-03-16,1.0001285067698267
tether,1773622863596,2026-03-16,1.000084832148893
tether,1773626619098,2026-03-16,1.000087483869791
tether,1773630203819,2026-03-16,1.0000730919051315
tether,1773633719761,2026-03-16,1.0000252902640163
tether,1773637389068,2026-03-16,0.9999895609362724
tether,1773640999697,2026-03-16,1.0000189925021967
tether,1773644644161,2026-03-16,0.9999267953570313
tether,1773648194799,2026-03-16,0.9999955350582131
tether,1773651808271,2026-03-16,1.0000032117124118
tether,1773655319221,2026-03-16,0.9999761176233526
tether,1773658935766,2026-03-16,1.0000016431144099
tether,1773662561735,2026-03-16,1.0000248705068213
tether,1773666137239,2026-03-16,1.000073256527201
tether,1773669733344,2026-03-16,1.000070822699389
tether,1773673216397,2026-03-16,1.0000781627140278
tether,1773676892471,2026-03-16,0.999991404174156
tether,1773680522970,2026-03-16,1.000000182027988
tether,1773684156995,2026-03-16,0.9999429966994283
tether,1773687799963,2026-03-16,0.9999754268727605
tether,1773691371660,2026-03-16,0.9999643358411243
tether,1773694820795,2026-03-16,1.0000606432148764
tether,1773698613490,2026-03-16,0.9999846526710573
tether,1773702200388,2026-03-16,0.9999591700265907
tether,1773705757032,2026-03-17,1.0000377068538424
tether,1773709240525,2026-03-17,0.9999816480329216
tether,1773712959610,2026-03-17,0.999978391857887
tether,1773716585990,2026-03-17,0.9999524554820473
tether,1773720188096,2026-03-17,0.9999629419778444
tether,1773723755855,2026-03-17,0.9999983612839581
tether,1773727384572,2026-03-17,0.9999506211686644
tether,1773731074080,2026-03-17,0.9999469705241784
tether,1773734578946,2026-03-17,0.9999635760048629
tether,1773738170733,2026-03-17,0.9999565899329311
tether,1773741764751,2026-03-17,1.0000366851466818
tether,1773745380495,2026-03-17,0.999980804355153
tether,1773749045793,2026-03-17,0.9999813617301934
tether,1773752492953,2026-03-17,0.9999852320083562
tether,1773756154706,2026-03-17,1.000082085618419
tether,1773759751020,2026-03-17,1.0001735939749463
tether,1773763254217,2026-03-17,1.0000800234436646
tether,1773767029336,2026-03-17,1.0000912260464565
tether,1773770597939,2026-03-17,1.0001448413873453
tether,1773774153568,2026-03-17,1.0000849053040595
tether,1773777769699,2026-03-17,1.0001056213436972
tether,1773781257032,2026-03-17,1.0001367012064395
tether,1773784965278,2026-03-17,1.000092663924138
tether,1773788588059,2026-03-17,1.0001236107834701
tether,1773792167168,2026-03-18,1.0001758946865917
tether,1773795779145,2026-03-18,1.0001873017457592
tether,1773799446531,2026-03-18,1.000154903028506
tether,1773803031212,2026-03-18,1.0001997389905815
tether,1773806438417,2026-03-18,1.000161272110681
tether,1773810193686,2026-03-18,1.000166690935395
tether,1773813752547,2026-03-18,1.0001783447807893
tether,1773817455793,2026-03-18,1.0000935036593799
tether,1773820983401,2026-03-18,1.00006872489709
tether,1773824592695,2026-03-18,1.0000732168143858
tether,1773828174870,2026-03-18,1.00013723024839
tether,1773831754829,2026-03-18,1.0001166744159065
tether,1773835384449,2026-03-18,1.0001169386507436
tether,1773838827298,2026-03-18,1.0000384266065852
tether,1773842590361,2026-03-18,1.0001288771148364
tether,1773846165438,2026-03-18,0.9999948680741355
tether,1773849747752,2026-03-18,1.0000742575601766
tether,1773853340628,2026-03-18,1.0001171644574487
tether,1773856812125,2026-03-18,1.0000946664414274
tether,1773860576758,2026-03-18,1.000053191677191
tether,1773864168062,2026-03-18,1.000075994778681
tether,1773867764248,2026-03-18,1.0000345489376168
tether,1773871308055,2026-03-18,1.0000355453939127
tether,1773874964428,2026-03-18,1.0000158583042218
tether,1773878572400,2026-03-19,0.9999921589218256
tether,1773882055678,2026-03-19,1.0000346718661661
tether,1773885641047,2026-03-19,1.0000381941159988
tether,1773889364831,2026-03-19,1.000017850135734
tether,1773892951319,2026-03-19,1.00003726683736
tether,1773896628758,2026-03-19,0.9999641528306029
tether,1773900144281,2026-03-19,0.999952226889115
tether,1773903769405,2026-03-19,0.9999506338793822
tether,1773907372835,2026-03-19,1.0000208710275362
tether,1773910980492,2026-03-19,1.0000301733760177
tether,1773914597403,2026-03-19,0.9999617266562336
tether,1773918136757,2026-03-19,0.999940060583759
tether,1773921812389,2026-03-19,1.0000013619176233
tether,1773925316160,2026-03-19,0.9999313471083445
tether,1773928946098,2026-03-19,0.9999646242872893
tether,1773932552057,2026-03-19,0.9999647253738299
tether,1773936143627,2026-03-19,0.9999792327797206
tether,1773939747221,2026-03-19,1.0001270769439976
tether,1773943365722,2026-03-19,1.0000723595202197
tether,1773946915517,2026-03-19,1.0000988894316565
tether,1773950486162,2026-03-19,1.0001338185696755
tether,1773954083145,2026-03-19,1.0001228977059176
tether,1773957743072,2026-03-19,1.0001433061154847
tether,1773961373022,2026-03-19,1.0001016237931033
tether,1773964999612,2026-03-20,1.0001127859179362
tether,1773968409434,2026-03-20,1.0000021851598229
tether,1773972194027,2026-03-20,0.9999982373358745
tether,1773975751953,2026-03-20,0.9999964796697941
tether,1773979344219,2026-03-20,0.9999516823324933
tether,1773982935801,2026-03-20,0.9999098265029265
tether,1773986582162,2026-03-20,0.9998952241903061
tether,1773990188133,2026-03-20,0.9999271567222622
tether,1773993831888,2026-03-20,1.000002283967194
tether,1773997215192,2026-03-20,0.9999280651031334
tether,1774000984764,2026-03-20,0.9999471052621473
tether,1774004536753,2026-03-20,0.9999267070182344
tether,1774008107960,2026-03-20,0.9998874762237197
tether,1774011642607,2026-03-20,0.999827006137624
tether,1774015341648,2026-03-20,0.9998331030469634
tether,1774018952936,2026-03-20,0.9998109651756758
tether,1774022551740,2026-03-20,0.9997499150223444
tether,1774026084009,2026-03-20,0.9998539481956837
tether,1774029739404,2026-03-20,0.9998368952306408
tether,1774033239695,2026-03-20,0.999861984098462
tether,1774036876682,2026-03-20,0.9999051911966723
tether,1774040629683,2026-03-20,0.9999148355219662
tether,1774044042690,2026-03-20,1.000008531464168
tether,1774047773157,2026-03-20,0.999894273369007
tether,1774051344250,2026-03-21,0.9998681869841992
tether,1774054923996,2026-03-21,0.9998334901040647
tether,1774058518610,2026-03-21,0.9998434058111405
tether,1774062148992,2026-03-21,0.9998583386555643
tether,1774065734901,2026-03-21,0.9998415411012722
tether,1774069356696,2026-03-21,0.9998428811369598
tether,1774073280954,2026-03-21,0.9998285678392069
tether,1774076501322,2026-03-21,0.9998114387546815
tether,1774080233022,2026-03-21,0.9998062461893525
tether,1774084065203,2026-03-21,0.999768526462002
tether,1774087471025,2026-03-21,0.9997903061204715
tether,1774091121664,2026-03-21,0.9997905257162414
tether,1774094610735,2026-03-21,0.9998441363728149
tether,1774098230268,2026-03-21,0.9997976313537065
tether,1774101911498,2026-03-21,0.9998165158630778
tether,1774105480340,2026-03-21,0.9998033375308834
tether,1774109248951,2026-03-21,0.999803555554746
tether,1774112662572,2026-03-21,0.999813833009905
tether,1774116178647,2026-03-21,0.9998286617377076
tether,1774119961495,2026-03-21,0.9997414576564672
tether,1774123358759,2026-03-21,0.9997681750820918
tether,1774127051271,2026-03-21,0.9998017264008813
tether,1774130621669,2026-03-21,0.9997733777089759
tether,1774134169120,2026-03-21,0.9998302243473947
tether,1774137836692,2026-03-22,0.9997735889749166
tether,1774141442045,2026-03-22,0.9998592534225467
tether,1774144840393,2026-03-22,0.9998701015584238
tether,1774148634008,2026-03-22,0.999831643928401
tether,1774152181693,2026-03-22,0.9998169965423094
tether,1774155795841,2026-03-22,0.9998321513415959
tether,1774159404849,2026-03-22,0.999813673398396
tether,1774163010858,2026-03-22,0.9997719032808786
tether,1774166621306,2026-03-22,0.9997659957313343
tether,1774170050069,2026-03-22,0.9998218974842903
tether,1774173793725,2026-03-22,0.9997911348040759
tether,1774177388810,2026-03-22,0.9998140549909157
tether,1774181087368,2026-03-22,0.9998015800984372
tether,1774184575682,2026-03-22,0.9998510454275128
tether,1774188180571,2026-03-22,0.999924374902548
tether,1774191754973,2026-03-22,0.9999115751708748
tether,1774195390636,2026-03-22,0.9999018167776739
tether,1774198954929,2026-03-22,0.999839339385857
tether,1774202530355,2026-03-22,0.9999051151152871
tether,1774206186527,2026-03-22,0.9998724558104984
tether,1774209714608,2026-03-22,0.9998906187092067
tether,1774213393396,2026-03-22,0.9998755154861753
tether,1774216951499,2026-03-22,0.9998449206637554
tether,1774220508774,2026-03-22,0.9998497130060783
tether,1774224191605,2026-03-23,0.9997581565969345
tether,1774227734038,2026-03-23,0.9997770563602384
tether,1774231395879,2026-03-23,0.9997473329098849
tether,1774234916623,2026-03-23,0.9997372607805309
tether,1774238509726,2026-03-23,0.9997136988434293
tether,1774242141094,2026-03-23,0.9997308815313665
tether,1774245711580,2026-03-23,0.9996960138892533
tether,1774249257763,2026-03-23,0.9996730921423591
tether,1774252940042,2026-03-23,0.9996907526130696
tether,1774256582136,2026-03-23,0.9995995108320203
tether,1774260132853,2026-03-23,0.9995882306619671
tether,1774263781116,2026-03-23,0.9995939180093177
tether,1774267366949,2026-03-23,0.9996709887216884
tether,1774270943864,2026-03-23,0.9996324845139505
tether,1774274562126,2026-03-23,0.9997598940266225
tether,1774278204752,2026-03-23,0.9998136038185037
tether,1774281739413,2026-03-23,0.9997580740582641
tether,1774285414042,2026-03-23,0.9997682299152161
tether,1774289020452,2026-03-23,0.9996842393205383
tether,1774292579435,2026-03-23,0.9996917184874782
tether,1774296068540,2026-03-23,0.9997071721476435
tether,1774299826517,2026-03-23,0.9997637231115996
tether,1774303457476,2026-03-23,0.999836011093523
tether,1774307015429,2026-03-23,0.9996909852357372
tether,1774310576705,2026-03-24,0.9997280714604861
tether,1774314210510,2026-03-24,0.9997998448922343
tether,1774317784775,2026-03-24,0.9997613390144862
tether,1774321430941,2026-03-24,0.9996791409794575
tether,1774324823944,2026-03-24,0.999658122340487
tether,1774328436947,2026-03-24,0.9996587233238312
tether,1774332112651,2026-03-24,0.9996801586686873
tether,1774335686185,2026-03-24,0.999701489448996
tether,1774339305624,2026-03-24,0.9997863335922687
tether,1774342882052,2026-03-24,0.999669820365908
tether,1774346503929,2026-03-24,0.9996658186082854
tether,1774350035710,2026-03-24,0.9996377057776925
tether,1774353719669,2026-03-24,0.9996513423474048
tether,1774357203210,2026-03-24,0.9996612039874665
tether,1774360889181,2026-03-24,0.9997994954357715
tether,1774364483259,2026-03-24,0.9995832113771185
tether,1774368086578,2026-03-24,0.9997423223384563
tether,1774371715926,2026-03-24,0.9996942321117301
tether,1774375289066,2026-03-24,0.999614870783429
tether,1774378891822,2026-03-24,0.9995538969173428
tether,1774382508103,2026-03-24,0.9995469163265835
tether,1774386123654,2026-03-24,0.9995128505232684
tether,1774389694381,2026-03-24,0.9994350914534988
tether,1774393300268,2026-03-24,0.9994980097697307
tether,1774396903176,2026-03-25,0.9995464025750291
tether,1774400438743,2026-03-25,0.9995765720671389
tether,1774404114850,2026-03-25,0.9995726064253444
tether,1774407703727,2026-03-25,0.9995395414959368
tether,1774411295386,2026-03-25,0.9995036578245593
tether,1774414916993,2026-03-25,0.9995807527085201
tether,1774418529144,2026-03-25,0.9995601460974871
tether,1774422070221,2026-03-25,0.9996676380686086
tether,1774425729058,2026-03-25,0.9996301655590996
tether,1774429226764,2026-03-25,0.9996763919557318
tether,1774432927532,2026-03-25,0.9998284668222821
tether,1774436533682,2026-03-25,0.9997243397936634
tether,1774440147910,2026-03-25,0.9997538250859813
tether,1774443737153,2026-03-25,0.9997496707628619
tether,1774447221602,2026-03-25,0.9997336337846287
tether,1774450977411,2026-03-25,0.9997175729319173
tether,1774454483129,2026-03-25,0.99978865694089
tether,1774458219284,2026-03-25,0.9997432949185395
tether,1774461777819,2026-03-25,0.9996514468478593
tether,1774465389277,2026-03-25,0.9995792882824338
tether,1774468958621,2026-03-25,0.9995561588401016
tether,1774472652468,2026-03-25,0.9995391397200359
tether,1774476187536,2026-03-25,0.9996119961201152
tether,1774479782455,2026-03-25,0.9996322759801787
tether,1774483410550,2026-03-26,0.9996465655266767
tether,1774486966068,2026-03-26,0.9995934957478727
tether,1774490541764,2026-03-26,0.9996428570300399
tether,1774494204953,2026-03-26,0.9995532227750844
tether,1774497633978,2026-03-26,0.9995611815451599
tether,1774501464344,2026-03-26,0.9995237274954374
tether,1774504992964,2026-03-26,0.9994984116543427
tether,1774508595208,2026-03-26,0.9995559018344213
tether,1774512024354,2026-03-26,0.9995638106390657
tether,1774515723741,2026-03-26,0.9995597211403349
tether,1774519358408,2026-03-26,0.9995051326587473
tether,1774522935698,2026-03-26,0.9995172846676394
tether,1774526613761,2026-03-26,0.9995780424139987
tether,1774530090565,2026-03-26,0.9995692667893421
tether,1774533762216,2026-03-26,0.9995210443100051
tether,1774537318154,2026-03-26,0.9994898375073411
tether,1774540963243,2026-03-26,0.9994772930717623
tether,1774544540181,2026-03-26,0.9993946702669418
tether,1774548135600,2026-03-26,0.9993976089348834
tether,1774551780213,2026-03-26,0.9993378162109875
tether,1774555317065,2026-03-26,0.9993617140525195
tether,1774558906369,2026-03-26,0.9993732522873142
tether,1774562508834,2026-03-26,0.9993693439060024
tether,1774566175564,2026-03-26,0.9993406459122842
tether,1774569771743,2026-03-27,0.9993883657329989
tether,1774573312519,2026-03-27,0.9993751996673589
tether,1774576923770,2026-03-27,0.9994100716386287
tether,1774580581570,2026-03-27,0.9993962714407295
tether,1774584108931,2026-03-27,0.9993653981289874
tether,1774587727932,2026-03-27,0.9993673134596549
tether,1774591332687,2026-03-27,0.99937574305145
tether,1774594945082,2026-03-27,0.9993989519947767
tether,1774598452835,2026-03-27,0.99930056135415
tether,1774602133262,2026-03-27,0.9993481259591014
tether,1774605656398,2026-03-27,0.9993551027288349
tether,1774609245258,2026-03-27,0.9994464360462194
tether,1774612894370,2026-03-27,0.9994653162581977
tether,1774616518734,2026-03-27,0.9995893378371277
tether,1774620019824,2026-03-27,0.999463123869339
tether,1774623653648,2026-03-27,0.9994228949566831
tether,1774627301224,2026-03-27,0.9994106140917235
tether,1774630942240,2026-03-27,0.9994626428528849
tether,1774634554246,2026-03-27,0.9992951743215144
tether,1774638109231,2026-03-27,0.9993333234122034
tether,1774641717729,2026-03-27,0.9992082846853467
tether,1774645329248,2026-03-27,0.9992099053995918
tether,1774648906449,2026-03-27,0.9992305307888022
tether,1774652544977,2026-03-27,0.9992748431427008
tether,1774656123948,2026-03-28,0.999323465886743
tether,1774659752188,2026-03-28,0.9993305998806103
tether,1774663331050,2026-03-28,0.9993255439987382
tether,1774666934495,2026-03-28,0.9993147593956814
tether,1774670526554,2026-03-28,0.9993170263640382
tether,1774674139869,2026-03-28,0.999319727458615
tether,1774677677400,2026-03-28,0.9993124569896322
tether,1774681336699,2026-03-28,0.9993256000834738
tether,1774684918863,2026-03-28,0.9993247114561733
tether,1774688503737,2026-03-28,0.9993010020778691
tether,1774692139568,2026-03-28,0.9993566035488537
tether,1774695697494,2026-03-28,0.9993626732245263
tether,1774699321983,2026-03-28,0.9993464276735045
tether,1774702890421,2026-03-28,0.9994049761516133
tether,1774706547465,2026-03-28,0.9993736473788056
tether,1774710131020,2026-03-28,0.9993578894475109
tether,1774713731972,2026-03-28,0.999324619035116
tether,1774717325241,2026-03-28,0.9993548805305268
tether,1774720902550,2026-03-28,0.9993293681120846
tether,1774724501993,2026-03-28,0.999320514151733
tether,1774728139947,2026-03-28,0.9993193283172889
tether,1774731709992,2026-03-28,0.9992442255773024
tether,1774735329077,2026-03-28,0.9992404820333225
tether,1774738820231,2026-03-28,0.9992737208754306
tether,1774742494659,2026-03-29,0.9992705593616054
tether,1774746137577,2026-03-29,0.999336602000251
tether,1774749746759,2026-03-29,0.9992631415844008
tether,1774753398259,2026-03-29,0.9992254835147799
tether,1774756958725,2026-03-29,0.9992481321102031
tether,1774760439542,2026-03-29,0.9992057359433701
tether,1774764165469,2026-03-29,0.999234261277732
tether,1774767757937,2026-03-29,0.9992468000192738
tether,1774771338069,2026-03-29,0.9992120131335822
tether,1774775005351,2026-03-29,0.9992576031063376
tether,1774778601565,2026-03-29,0.999233134214755
tether,1774782177193,2026-03-29,0.9992549803938805
tether,1774785742480,2026-03-29,0.999272694773015
tether,1774789311866,2026-03-29,0.9992518856479434
tether,1774792973967,2026-03-29,0.999207834852951
tether,1774796606104,2026-03-29,0.9991824928359493
tether,1774800205444,2026-03-29,0.9991973228185905
tether,1774803765952,2026-03-29,0.999149896952451
tether,1774807273316,2026-03-29,0.9991911399022706
tether,1774810947361,2026-03-29,0.9992043100568929
tether,1774814560584,2026-03-29,0.9992063542291345
tether,1774818160593,2026-03-29,0.999193657407634
tether,1774821753294,2026-03-29,0.9992163231553262
tether,1774825346272,2026-03-29,0.9992625796140421
tether,1774828942610,2026-03-30,0.9992559013240565
tether,1774832575535,2026-03-30,0.999175217271155
tether,1774836182900,2026-03-30,0.9991232606285634
tether,1774839741204,2026-03-30,0.999105462164024
tether,1774843333509,2026-03-30,0.9990740782204778
tether,1774846893638,2026-03-30,0.9991414710293888
tether,1774850548578,2026-03-30,0.9991174300907212
tether,1774854130606,2026-03-30,0.9991462558017481
tether,1774857729734,2026-03-30,0.9991253691600472
tether,1774861353141,2026-03-30,0.9991586523812805
tether,1774864916879,2026-03-30,0.9991525640513761
tether,1774868542772,2026-03-30,0.9991623742919016
tether,1774872167586,2026-03-30,0.9991344530997993
tether,1774875776268,2026-03-30,0.9992210285027862
tether,1774879345871,2026-03-30,0.9991672155862658
tether,1774882941309,2026-03-30,0.9992787778670891
tether,1774886565118,2026-03-30,0.9992728265158048
tether,1774890138826,2026-03-30,0.9993426994389412
tether,1774893729126,2026-03-30,0.9991622236211543
tether,1774897371921,2026-03-30,0.9991789907407301
tether,1774900942466,2026-03-30,0.9991095534184512
tether,1774904563992,2026-03-30,0.9992108496862054
tether,1774908095963,2026-03-30,0.9992264944264152
tether,1774911619771,2026-03-30,0.99922457576038
tether,1774915236111,2026-03-31,0.9992106628948578
tether,1774918946858,2026-03-31,0.9991805258649324
tether,1774922579450,2026-03-31,0.9991750192728055
tether,1774926243229,2026-03-31,0.9991622697008042
tether,1774929776943,2026-03-31,0.9991468867293045
tether,1774933216162,2026-03-31,0.9991388441532238
tether,1774937014090,2026-03-31,0.9991469539873704
tether,1774940595852,2026-03-31,0.9991457839422528
tether,1774944074385,2026-03-31,0.9990367236438813
tether,1774947748947,2026-03-31,0.9990259407620409
tether,1774951401952,2026-03-31,0.9990627890942503
tether,1774954916631,2026-03-31,0.9991218659521708
tether,1774958445601,2026-03-31,0.999048154138839
tether,1774962131564,2026-03-31,0.9990708385034285
tether,1774965753709,2026-03-31,0.9991337293172675
tether,1774969230709,2026-03-31,0.9990718742222301
tether,1774972928032,2026-03-31,0.9991236805551564
tether,1774976518058,2026-03-31,0.999069141394323
tether,1774980215739,2026-03-31,0.9990481693176422
tether,1774983741546,2026-03-31,0.9990685702627623
tether,1774987330331,2026-03-31,0.9990812470750211
tether,1774990930395,2026-03-31,0.9990804937640311
tether,1774994531693,2026-03-31,0.9991074769858501
tether,1774998188180,2026-03-31,0.999111854196392
tether,1775001743304,2026-04-01,0.9990945140543824
tether,1775005362405,2026-04-01,0.9991365639452121
tether,1775008857960,2026-04-01,0.999127822213727
tether,1775012422330,2026-04-01,0.9991352101075981
tether,1775016225060,2026-04-01,0.9991551183279672
tether,1775019784374,2026-04-01,0.999171811450507
tether,1775023360373,2026-04-01,0.9991551860406936
tether,1775027033075,2026-04-01,0.9993656646207861
tether,1775030491829,2026-04-01,0.999504555015424
tether,1775034176982,2026-04-01,0.9995584049861539
tether,1775037679350,2026-04-01,0.9996247678139283
tether,1775041310245,2026-04-01,0.99969440377203
tether,1775044918879,2026-04-01,0.9996550495412571
tether,1775048464921,2026-04-01,0.9995967258249449
tether,1775052114635,2026-04-01,0.9995800839801465
tether,1775055714994,2026-04-01,0.9996358474337691
tether,1775059318043,2026-04-01,0.9997408342834689
tether,1775062953460,2026-04-01,0.9996642131009718
tether,1775066580304,2026-04-01,0.999716691188367
tether,1775070167561,2026-04-01,0.9997847635210153
tether,1775073749188,2026-04-01,0.9997615291780478
tether,1775077379456,2026-04-01,0.9998252378271274
tether,1775080948002,2026-04-01,0.9998135473165513
tether,1775084567148,2026-04-01,0.9998236689995451
tether,1775088143634,2026-04-02,0.9998634996561504
tether,1775091732135,2026-04-02,0.9998828330708063
tether,1775095248620,2026-04-02,0.999902152163699
tether,1775098968976,2026-04-02,0.9998528048083654
tether,1775102589112,2026-04-02,0.9998418680132443
tether,1775106105158,2026-04-02,0.9998437132006142
tether,1775109746856,2026-04-02,0.999838313435453
tether,1775113263367,2026-04-02,0.9998489877319297
tether,1775116988679,2026-04-02,0.9997543025886955
tether,1775120565152,2026-04-02,0.9998450664228646
tether,1775124047554,2026-04-02,0.9997541054321539
tether,1775127767649,2026-04-02,0.9997927740768198
tether,1775131365946,2026-04-02,0.9997069487504089
tether,1775134961143,2026-04-02,0.9997236896707742
tether,1775138563258,2026-04-02,0.9997256592194409
tether,1775142160590,2026-04-02,0.9998474277802126
tether,1775145797576,2026-04-02,0.9997827279950852
tether,1775149310205,2026-04-02,0.9997662902966308
tether,1775152982287,2026-04-02,0.9998305151792098
tether,1775156547787,2026-04-02,0.99986791364757
tether,1775160114364,2026-04-02,0.9999017528542768
tether,1775163774389,2026-04-02,0.9999350496000349
tether,1775167340807,2026-04-02,0.9999227625421324
tether,1775170982349,2026-04-02,0.999923917908632
tether,1775174458273,2026-04-03,0.9999692066117987
tether,1775178156903,2026-04-03,0.9999571730276309
tether,1775181787499,2026-04-03,0.9998723064826599
tether,1775185428129,2026-04-03,0.999866321946237
tether,1775188965308,2026-04-03,0.9998984863480195
tether,1775192550216,2026-04-03,0.9999613615093341
tether,1775196185819,2026-04-03,0.9999536617320697
tether,1775199782093,2026-04-03,0.9999355018833842
tether,1775203223475,2026-04-03,0.9998564239891332
tether,1775206926179,2026-04-03,0.9998472440273709
tether,1775210587050,2026-04-03,0.9998961821502377
tether,1775214132663,2026-04-03,0.9999101372299319
tether,1775217751971,2026-04-03,0.9999251728182235
tether,1775221333752,2026-04-03,0.9999072987163847
tether,1775224937563,2026-04-03,0.9999300320798491
tether,1775228578147,2026-04-03,0.9999572469336279
tether,1775232121775,2026-04-03,0.9998710997148225
tether,1775235787147,2026-04-03,0.9998426833829469
tether,1775239332534,2026-04-03,0.9998666558021188
tether,1775242996609,2026-04-03,0.9998040868283113
tether,1775246562582,2026-04-03,0.9998148115446759
tether,1775250497449,2026-04-03,0.9998894435208562
tether,1775253855811,2026-04-03,0.9998742178867636
tether,1775257438780,2026-04-03,0.9998936407357257
tether,1775260861765,2026-04-04,0.9998672627616609
tether,1775264664226,2026-04-04,0.9998715739847563
tether,1775268167275,2026-04-04,0.999880028377433
tether,1775272761564,2026-04-04,0.9998363300792038
tether,1775276092305,2026-04-04,0.9998480220362332
tether,1775280665260,2026-04-04,0.9999114210753051
tether,1775286689185,2026-04-04,0.9998546363897025
tether,1775290728977,2026-04-04,0.999873669175463
tether,1775294604886,2026-04-04,0.999837243978933
tether,1775298471024,2026-04-04,0.9998219349526567
tether,1775299984475,2026-04-04,0.9998293640045486
tether,1775300537293,2026-04-04,0.9998619885737396
tether,1775304109088,2026-04-04,0.9998461921194709
tether,1775307741264,2026-04-04,0.9998753189404064
tether,1775311309442,2026-04-04,0.9998927598139453
tether,1775315004169,2026-04-04,0.9999259989085639
tether,1775318585229,2026-04-04,0.9998996660157022
tether,1775322129398,2026-04-04,0.9999038415896603
tether,1775325804432,2026-04-04,0.9999204239989548
tether,1775329355451,2026-04-04,0.9998903678216308
tether,1775332829605,2026-04-04,0.9998943574275456
tether,1775336584135,2026-04-04,0.9999110033692992
tether,1775340165551,2026-04-04,0.999871223342356
tether,1775343750760,2026-04-04,0.9999364940333216
tether,1775347315882,2026-04-05,0.9999101883233386
tether,1775350828652,2026-04-05,0.9999317061567317
tether,1775354507803,2026-04-05,0.9999327422277705
tether,1775358178798,2026-04-05,0.9999160546856604
tether,1775361720610,2026-04-05,0.9997926445292291
tether,1775365353987,2026-04-05,0.9998734605593864
tether,1775368986311,2026-04-05,0.9998597616759548
tether,1775372592029,2026-04-05,0.9998207919563304
tether,1775376170495,2026-04-05,0.9998331196251581
tether,1775379779519,2026-04-05,0.9996800219515769
tether,1775383404546,2026-04-05,0.9997679811723756
tether,1775386983227,2026-04-05,0.9997704516816732
tether,1775390559810,2026-04-05,0.9998211421113562
tether,1775394173334,2026-04-05,0.9998094008459639
tether,1775397795063,2026-04-05,0.9997962004422798
tether,1775401452845,2026-04-05,0.9997731147412617
tether,1775404997608,2026-04-05,0.9998068061157351
tether,1775408602874,2026-04-05,0.9997764250926968
tether,1775412204956,2026-04-05,0.9997255635596327
tether,1775415792044,2026-04-05,0.9996927400317087
tether,1775419385371,2026-04-05,0.9997341990828833
tether,1775422981292,2026-04-05,0.9997387914137401
tether,1775426562548,2026-04-05,0.9997500289037125
tether,1775430164959,2026-04-05,0.9997299137831217
tether,1775433784789,2026-04-06,0.9996475562919923
tether,1775437387512,2026-04-06,0.9997122987108645
tether,1775440996129,2026-04-06,0.9996355938989131
tether,1775444933205,2026-04-06,0.999677299657675
tether,1775448175253,2026-04-06,0.9996323934356779
tether,1775451725441,2026-04-06,0.9997032177783123
tether,1775455323597,2026-04-06,0.9997012247569633
tether,1775458995783,2026-04-06,0.9997258109816526
tether,1775462588174,2026-04-06,0.9996905432143872
tether,1775466168769,2026-04-06,0.9996932954223429
tether,1775469815495,2026-04-06,0.9999249324983278
tether,1775473395471,2026-04-06,0.9999133294770537
tether,1775477013830,2026-04-06,0.9999503764198577
tether,1775480619516,2026-04-06,0.9998984909550138
tether,1775484155693,2026-04-06,0.9998714854539511
tether,1775487797610,2026-04-06,1.000018097270055
tether,1775491397694,2026-04-06,0.9999675282056826
tether,1775494852686,2026-04-06,0.9999785257138927
tether,1775498589753,2026-04-06,0.9999784965362942
tether,1775502103711,2026-04-06,1.000040505384455
tether,1775505762694,2026-04-06,0.9999613649422239
tether,1775509431340,2026-04-06,1.0000142309537503
tether,1775513035345,2026-04-06,1.0000392594887912
tether,1775516602046,2026-04-06,0.999959465341792
tether,1775520181280,2026-04-07,0.9999620456409182
tether,1775523789878,2026-04-07,0.9999090585518855
tether,1775527380413,2026-04-07,0.9999210711517666
tether,1775531041555,2026-04-07,0.9999121165700411
tether,1775534535236,2026-04-07,0.9999241055281531
tether,1775538135602,2026-04-07,0.9999193351918435
tether,1775541797921,2026-04-07,0.9999215285253804
tether,1775545414380,2026-04-07,0.9998468205871902
tether,1775548976556,2026-04-07,0.9999383084708982
tether,1775552630979,2026-04-07,0.9999853126789374
tether,1775556239215,2026-04-07,1.0000112790532878
tether,1775559755039,2026-04-07,0.999926868232332
tether,1775563281224,2026-04-07,0.9999065449945085
tether,1775567009956,2026-04-07,0.9999859636413527
tether,1775570576226,2026-04-07,0.999920181542904
tether,1775574256486,2026-04-07,0.9999327836187598
tether,1775577778405,2026-04-07,0.999830762209746
tether,1775581454746,2026-04-07,0.9997863319371173
tether,1775585021047,2026-04-07,0.9998554363448149
tether,1775588642830,2026-04-07,0.9998238725176496
tether,1775592196304,2026-04-07,0.9997603781233402
tether,1775595790200,2026-04-07,0.9999041360450227
tether,1775599379555,2026-04-07,0.9998519447241921
tether,1775602954764,2026-04-07,0.9998738412157341
tether,1775606610391,2026-04-08,0.9998298565131113
tether,1775610225839,2026-04-08,0.9998280865175606
tether,1775613745953,2026-04-08,0.9998182575254158
tether,1775617444417,2026-04-08,0.9998564754520537
tether,1775620989817,2026-04-08,0.9998624882909376
tether,1775624605112,2026-04-08,0.9998631076892194
tether,1775628089443,2026-04-08,0.9998477591945218
tether,1775631768491,2026-04-08,0.999885480582668
tether,1775635340983,2026-04-08,0.9999748086225553
tether,1775638849156,2026-04-08,0.999928544122297
tether,1775642540371,2026-04-08,0.9999349350357667
tether,1775646144086,2026-04-08,0.9998910557271454
tether,1775649704671,2026-04-08,0.9999157382559697
tether,1775653331644,2026-04-08,1.0000078027696542
tether,1775656836723,2026-04-08,1.0000106812793181
tether,1775660551815,2026-04-08,0.999968373802705
tether,1775664149410,2026-04-08,0.999939506127641
tether,1775667717365,2026-04-08,1.0000983977979296
tether,1775671376424,2026-04-08,0.9999957696677965
tether,1775674925760,2026-04-08,0.9999885996983044
tether,1775678530138,2026-04-08,1.00002090719276
tether,1775682107329,2026-04-08,0.9999742610990694
tether,1775685770521,2026-04-08,0.9999595970543473
tether,1775689324523,2026-04-08,0.9999646396580284
tether,1775692936638,2026-04-09,1.000006769345285
tether,1775696526906,2026-04-09,1.0000342476733999
tether,1775700154285,2026-04-09,1.000052977300389
tether,1775703736456,2026-04-09,0.999997676454883
tether,1775707368601,2026-04-09,0.9999892329679354
tether,1775710908305,2026-04-09,1.0000180740145654
tether,1775714683032,2026-04-09,0.9999796330451018
tether,1775718159096,2026-04-09,1.0000304403904108
tether,1775721716403,2026-04-09,0.9999572945000871
tether,1775725354610,2026-04-09,0.9999703902437447
tether,1775728928094,2026-04-09,0.9999903498081277
tether,1775732557806,2026-04-09,0.9999602216510887
tether,1775736150353,2026-04-09,0.9998643393762735
tether,1775739686309,2026-04-09,0.9999935471281205
tether,1775743364516,2026-04-09,0.9999193012948957
tether,1775746999544,2026-04-09,1.0000421868500682
tether,1775750591527,2026-04-09,1.0000416217261732
tether,1775754136248,2026-04-09,1.0001081846005508
tether,1775757782478,2026-04-09,1.0000887788528325
tether,1775761337446,2026-04-09,1.0000192334407907
tether,1775764905906,2026-04-09,1.0000377354484553
tether,1775768584653,2026-04-09,1.0000273146523277
tether,1775772172682,2026-04-09,1.000028595789519
tether,1775775775214,2026-04-09,1.000032293043798
tether,1775779335062,2026-04-10,1.0000088561792275
tether,1775783010254,2026-04-10,0.9999866985264765
tether,1775786538529,2026-04-10,0.9999935521458849
tether,1775790149549,2026-04-10,0.9999327546089377
tether,1775793746799,2026-04-10,1.000059875585359
tether,1775797309566,2026-04-10,1.0000115758511512
tether,1775801055708,2026-04-10,0.999991207795863
tether,1775804629018,2026-04-10,1.0000355029778214
tether,1775808223210,2026-04-10,1.0000283493616964
tether,1775811866151,2026-04-10,1.0000263195420138
tether,1775815349028,2026-04-10,1.000051684955912
tether,1775818949297,2026-04-10,1.0000363409683006
tether,1775822524650,2026-04-10,1.0000255527302158
tether,1775826397000,2026-04-10,1.0001000415288144
binancecoin,1773237834327,2026-03-11,647.2349590240525
binancecoin,1773241417403,2026-03-11,648.9402520892496
binancecoin,1773245004579,2026-03-11,646.006554048034
binancecoin,1773248613350,2026-03-11,648.3573283078749
binancecoin,1773252177950,2026-03-11,651.849900652816
binancecoin,1773255801922,2026-03-11,652.8406620494262
binancecoin,1773259328689,2026-03-11,653.064310374243
binancecoin,1773262935600,2026-03-11,652.9162391326151
binancecoin,1773266623969,2026-03-11,654.119872316979
binancecoin,1773270205380,2026-03-11,652.5715059863815
binancecoin,1773273784266,2026-03-12,651.5619068730758
binancecoin,1773277373759,2026-03-12,652.075117112357
binancecoin,1773280857177,2026-03-12,647.0200864141833
binancecoin,1773284630488,2026-03-12,643.1627416266532
binancecoin,1773288143559,2026-03-12,643.4647923331847
binancecoin,1773291779739,2026-03-12,642.9790941238659
binancecoin,1773295393905,2026-03-12,644.2127824006674
binancecoin,1773298970194,2026-03-12,644.5275935604276
binancecoin,1773302612244,2026-03-12,645.7922638699057
binancecoin,1773306048003,2026-03-12,647.4289853284223
binancecoin,1773309741080,2026-03-12,649.9669310113877
binancecoin,1773313389858,2026-03-12,652.0569309100641
binancecoin,1773316889145,2026-03-12,652.308238010558
binancecoin,1773320504973,2026-03-12,655.5822125499387
binancecoin,1773324161950,2026-03-12,652.5852764502584
binancecoin,1773327784617,2026-03-12,646.7658471668373
binancecoin,1773331366368,2026-03-12,650.0349156391843
binancecoin,1773334953584,2026-03-12,651.5955724727502
binancecoin,1773338615651,2026-03-12,650.7401303493764
binancecoin,1773342052544,2026-03-12,648.052603432071
binancecoin,1773345719371,2026-03-12,651.4076441805719
binancecoin,1773349259076,2026-03-12,649.6389627972616
binancecoin,1773352897317,2026-03-12,652.023686831411
binancecoin,1773356594648,2026-03-12,651.101323214845
binancecoin,1773360042557,2026-03-13,651.696539080914
binancecoin,1773363808646,2026-03-13,658.8611048301344
binancecoin,1773367338236,2026-03-13,661.6712856945088
binancecoin,1773371022232,2026-03-13,659.804767320227
binancecoin,1773374557420,2026-03-13,661.5974513105115
binancecoin,1773378154756,2026-03-13,660.2812416710409
binancecoin,1773381746493,2026-03-13,660.9922027938347
binancecoin,1773385258769,2026-03-13,660.9488623551958
binancecoin,1773388975191,2026-03-13,661.5352994336424
binancecoin,1773392407562,2026-03-13,665.9782040476697
binancecoin,1773396145469,2026-03-13,667.3370473235873
binancecoin,1773399775293,2026-03-13,666.9901587476495
binancecoin,1773403371481,2026-03-13,666.7129964762621
binancecoin,1773406993430,2026-03-13,671.675755575185
binancecoin,1773410441217,2026-03-13,674.3006271090271
binancecoin,1773414083435,2026-03-13,668.0913690320288
binancecoin,1773417648552,2026-03-13,662.1995354291912
binancecoin,1773421314423,2026-03-13,662.3084403918467
binancecoin,1773425033619,2026-03-13,655.3448360297047
binancecoin,1773428568676,2026-03-13,657.0270967013709
binancecoin,1773432194701,2026-03-13,657.3584637132351
binancecoin,1773435738789,2026-03-13,657.237983465401
binancecoin,1773439347224,2026-03-13,657.206668705672
binancecoin,1773442974048,2026-03-13,655.7847642165201
binancecoin,1773446557077,2026-03-14,656.0082976549179
binancecoin,1773450211618,2026-03-14,653.2397890059607
binancecoin,1773453773544,2026-03-14,656.6841827584923
binancecoin,1773457227070,2026-03-14,655.8088205849127
binancecoin,1773460987885,2026-03-14,656.9565270675157
binancecoin,1773464431281,2026-03-14,655.4121781314979
binancecoin,1773468034429,2026-03-14,655.597832843984
binancecoin,1773471762227,2026-03-14,653.4162021978626
binancecoin,1773475397557,2026-03-14,652.3795928379218
binancecoin,1773479001458,2026-03-14,652.0541318236019
binancecoin,1773482542064,2026-03-14,651.2998025558215
binancecoin,1773486085804,2026-03-14,651.0404145882883
binancecoin,1773489743031,2026-03-14,653.4599654926434
binancecoin,1773493232081,2026-03-14,653.4366905015503
binancecoin,1773496964175,2026-03-14,653.9354931271362
binancecoin,1773500581002,2026-03-14,652.6603055736801
binancecoin,1773504137220,2026-03-14,653.5559949080214
binancecoin,1773507782312,2026-03-14,654.2083338407888
binancecoin,1773511303793,2026-03-14,653.1157596815912
binancecoin,1773514922410,2026-03-14,653.4857228969029
binancecoin,1773518493824,2026-03-14,653.7961995280829
binancecoin,1773522158561,2026-03-14,654.2212057838865
binancecoin,1773525659726,2026-03-14,654.9694753635739
binancecoin,1773529406246,2026-03-14,655.0723944829373
binancecoin,1773533259814,2026-03-15,657.5119471581314
binancecoin,1773536474641,2026-03-15,655.9536984333829
binancecoin,1773540512957,2026-03-15,656.6856035018867
binancecoin,1773544150987,2026-03-15,660.3577967328252
binancecoin,1773547778059,2026-03-15,659.3230919083677
binancecoin,1773551337063,2026-03-15,658.9644946247765
binancecoin,1773554672037,2026-03-15,659.7840820384421
binancecoin,1773558571390,2026-03-15,658.5960832258502
binancecoin,1773561773312,2026-03-15,659.9710120364513
binancecoin,1773565233072,2026-03-15,663.7076869265428
binancecoin,1773568939951,2026-03-15,663.6731719777258
binancecoin,1773572501394,2026-03-15,662.8783501886758
binancecoin,1773576114802,2026-03-15,661.3646845372078
binancecoin,1773579761501,2026-03-15,661.6675186214678
binancecoin,1773583328548,2026-03-15,659.6189659817737
binancecoin,1773586902570,2026-03-15,660.3661098295485
binancecoin,1773590585896,2026-03-15,659.8753508929935
binancecoin,1773594155180,2026-03-15,659.2047818109038
binancecoin,1773597755762,2026-03-15,661.9851925319091
binancecoin,1773601377167,2026-03-15,658.5393895784101
binancecoin,1773605007382,2026-03-15,660.6197668178502
binancecoin,1773608562287,2026-03-15,664.1036103380993
binancecoin,1773612191747,2026-03-15,667.4044284696521
binancecoin,1773615823108,2026-03-15,676.7609171107815
binancecoin,1773619414645,2026-03-16,673.7790391797466
binancecoin,1773623063768,2026-03-16,672.2850831424684
binancecoin,1773626602801,2026-03-16,676.226186607614
binancecoin,1773630105442,2026-03-16,673.337044220257
binancecoin,1773633808289,2026-03-16,680.8889949307693
binancecoin,1773637382274,2026-03-16,683.6627664612764
binancecoin,1773641021105,2026-03-16,685.592391204799
binancecoin,1773644617586,2026-03-16,680.1777643774435
binancecoin,1773648188813,2026-03-16,678.3976582262791
binancecoin,1773651784924,2026-03-16,675.4401066876989
binancecoin,1773655310149,2026-03-16,676.5565796357986
binancecoin,1773658927730,2026-03-16,678.6632128635496
binancecoin,1773662553033,2026-03-16,677.3798274109173
binancecoin,1773666059471,2026-03-16,678.344111529552
binancecoin,1773669735885,2026-03-16,680.5046168010456
binancecoin,1773673337934,2026-03-16,673.9060814108038
binancecoin,1773676929997,2026-03-16,671.5373026942011
binancecoin,1773680526241,2026-03-16,675.4601574802729
binancecoin,1773684194202,2026-03-16,678.2195592590573
binancecoin,1773687742862,2026-03-16,677.407708429575
binancecoin,1773691396474,2026-03-16,678.3574708173255
binancecoin,1773695014724,2026-03-16,676.9965772933901
binancecoin,1773698449805,2026-03-16,679.8674830357072
binancecoin,1773702199538,2026-03-16,681.3595210628666
binancecoin,1773705757049,2026-03-17,679.6057646827234
binancecoin,1773709348660,2026-03-17,681.7884016500724
binancecoin,1773712968738,2026-03-17,684.009178359968
binancecoin,1773716581607,2026-03-17,682.9743055529991
binancecoin,1773720095285,2026-03-17,675.9529367370603
binancecoin,1773723769620,2026-03-17,675.0752192499707
binancecoin,1773727395545,2026-03-17,674.7480551946168
binancecoin,1773730918525,2026-03-17,673.5132231658274
binancecoin,1773734446956,2026-03-17,674.124665766831
binancecoin,1773738171936,2026-03-17,673.8694782137028
binancecoin,1773741764020,2026-03-17,672.6555617833546
binancecoin,1773745372295,2026-03-17,669.2082468239403
binancecoin,1773749029141,2026-03-17,667.8743711741837
binancecoin,1773752587403,2026-03-17,665.5264046151476
binancecoin,1773756172697,2026-03-17,665.4922320812461
binancecoin,1773759809976,2026-03-17,670.1564253921603
binancecoin,1773763359885,2026-03-17,668.3632229559535
binancecoin,1773766972721,2026-03-17,670.7715878128602
binancecoin,1773770597462,2026-03-17,672.733794151805
binancecoin,1773774127383,2026-03-17,673.6558079680406
binancecoin,1773777738945,2026-03-17,672.0680404327491
binancecoin,1773781371205,2026-03-17,672.2780782147996
binancecoin,1773784971824,2026-03-17,673.7286869947999
binancecoin,1773788556133,2026-03-17,671.2839369001448
binancecoin,1773792094251,2026-03-18,668.4582026519276
binancecoin,1773795782970,2026-03-18,668.3215202082208
binancecoin,1773799385473,2026-03-18,669.7555425215256
binancecoin,1773802975480,2026-03-18,671.7915052090686
binancecoin,1773806556076,2026-03-18,673.5757141583265
binancecoin,1773810181460,2026-03-18,671.9338632803538
binancecoin,1773813741049,2026-03-18,671.2177516613865
binancecoin,1773817439764,2026-03-18,672.9727325757268
binancecoin,1773820983403,2026-03-18,673.9400273677928
binancecoin,1773824602931,2026-03-18,674.3694913338602
binancecoin,1773828182475,2026-03-18,675.6767861710322
binancecoin,1773831762549,2026-03-18,672.5150410865849
binancecoin,1773835301292,2026-03-18,662.9200546255089
binancecoin,1773838963931,2026-03-18,657.9502782171875
binancecoin,1773842587579,2026-03-18,656.763652567659
binancecoin,1773846169655,2026-03-18,648.9675940821606
binancecoin,1773849740196,2026-03-18,648.6377647447293
binancecoin,1773853210658,2026-03-18,648.930869360445
binancecoin,1773857003074,2026-03-18,650.2763216373331
binancecoin,1773860598750,2026-03-18,647.3817623796392
binancecoin,1773864005084,2026-03-18,648.1739602549051
binancecoin,1773867763369,2026-03-18,650.5112466830819
binancecoin,1773871317773,2026-03-18,652.5072997072773
binancecoin,1773874983280,2026-03-18,651.5903445723777
binancecoin,1773878546020,2026-03-19,652.1515335026303
binancecoin,1773882223433,2026-03-19,651.2440083207936
binancecoin,1773885637998,2026-03-19,652.1673123551323
binancecoin,1773889424529,2026-03-19,650.4402719204594
binancecoin,1773892986965,2026-03-19,652.6039968333724
binancecoin,1773896612603,2026-03-19,649.5769900813989
binancecoin,1773900144890,2026-03-19,649.4854240079
binancecoin,1773903766681,2026-03-19,648.3793725758322
binancecoin,1773907385256,2026-03-19,645.3968900477953
binancecoin,1773910898115,2026-03-19,644.1428387951277
binancecoin,1773914593571,2026-03-19,648.132104528494
binancecoin,1773918181965,2026-03-19,645.8746949573739
binancecoin,1773921837537,2026-03-19,643.9489031825389
binancecoin,1773925304715,2026-03-19,639.1439252095776
binancecoin,1773928954287,2026-03-19,641.1984192805721
binancecoin,1773932587968,2026-03-19,638.3399528576215
binancecoin,1773936165950,2026-03-19,638.0232264789894
binancecoin,1773939736073,2026-03-19,635.8852565169498
binancecoin,1773943415336,2026-03-19,638.147138724739
binancecoin,1773946853654,2026-03-19,637.6996447372123
binancecoin,1773950439373,2026-03-19,640.2412353249855
binancecoin,1773954091820,2026-03-19,641.9877656658351
binancecoin,1773957730026,2026-03-19,642.3974214241799
binancecoin,1773961367835,2026-03-19,640.1639785596241
binancecoin,1773964892885,2026-03-20,639.2241589747408
binancecoin,1773968599720,2026-03-20,640.9159422523595
binancecoin,1773972065634,2026-03-20,642.4598730295351
binancecoin,1773975645581,2026-03-20,642.6747618905047
binancecoin,1773979342682,2026-03-20,644.2951789523685
binancecoin,1773982937586,2026-03-20,644.0578381613574
binancecoin,1773986574836,2026-03-20,643.1286371539754
binancecoin,1773990191815,2026-03-20,642.1403704041895
binancecoin,1773993749392,2026-03-20,644.118799440108
binancecoin,1773997384242,2026-03-20,646.6040145108066
binancecoin,1774000978494,2026-03-20,641.7928369864065
binancecoin,1774004408748,2026-03-20,642.9638047589524
binancecoin,1774008137636,2026-03-20,641.3114472078539
binancecoin,1774011744213,2026-03-20,641.2251842388674
binancecoin,1774015344792,2026-03-20,638.4433632712509
binancecoin,1774018953035,2026-03-20,638.9303044600224
binancecoin,1774022642341,2026-03-20,640.130188790818
binancecoin,1774026181920,2026-03-20,640.2646596406908
binancecoin,1774029644838,2026-03-20,639.6933210301447
binancecoin,1774033346102,2026-03-20,637.76656231033
binancecoin,1774036924219,2026-03-20,640.0676742623392
binancecoin,1774040581947,2026-03-20,639.5563897366877
binancecoin,1774044255941,2026-03-20,641.6421520390568
binancecoin,1774047776468,2026-03-20,643.8645117764542
binancecoin,1774051340405,2026-03-21,642.1241268056943
binancecoin,1774054957904,2026-03-21,641.9231240420183
binancecoin,1774058547892,2026-03-21,640.5831933086097
binancecoin,1774062148599,2026-03-21,642.1650661859121
binancecoin,1774065707077,2026-03-21,642.3163772152271
binancecoin,1774069359930,2026-03-21,641.7516780219256
binancecoin,1774073282173,2026-03-21,642.3275433863637
binancecoin,1774076502902,2026-03-21,643.1108783226927
binancecoin,1774080294521,2026-03-21,643.1497095361717
binancecoin,1774083717137,2026-03-21,643.0317221821955
binancecoin,1774087401988,2026-03-21,643.207045985557
binancecoin,1774090995247,2026-03-21,642.6860009889376
binancecoin,1774094650425,2026-03-21,643.7972360737423
binancecoin,1774098030482,2026-03-21,643.892790948252
binancecoin,1774101788627,2026-03-21,643.9839857150552
binancecoin,1774105454290,2026-03-21,642.0293650737
binancecoin,1774108897254,2026-03-21,642.7593399970643
binancecoin,1774112755655,2026-03-21,641.2024958619669
binancecoin,1774116144771,2026-03-21,641.3893831207686
binancecoin,1774119961745,2026-03-21,641.3811363904872
binancecoin,1774123381895,2026-03-21,641.5178276038048
binancecoin,1774127044949,2026-03-21,642.2496552684287
binancecoin,1774130589199,2026-03-21,641.5604943740348
binancecoin,1774134177701,2026-03-21,642.0147575776743
binancecoin,1774137819120,2026-03-22,629.5885290033027
binancecoin,1774141443837,2026-03-22,630.0484270735226
binancecoin,1774145038448,2026-03-22,630.832113863555
binancecoin,1774148694829,2026-03-22,634.4204871528331
binancecoin,1774152206163,2026-03-22,634.6067603235252
binancecoin,1774155814077,2026-03-22,634.8927435064438
binancecoin,1774159433277,2026-03-22,633.4399434371985
binancecoin,1774163034259,2026-03-22,633.4117973222553
binancecoin,1774166669700,2026-03-22,632.240039906935
binancecoin,1774170273144,2026-03-22,630.7383252405383
binancecoin,1774173816319,2026-03-22,631.0845371741891
binancecoin,1774177435107,2026-03-22,629.6834760712511
binancecoin,1774181093272,2026-03-22,627.8291367250577
binancecoin,1774184559342,2026-03-22,629.4705631413195
binancecoin,1774188203164,2026-03-22,630.2844631586847
binancecoin,1774191811909,2026-03-22,629.8786587160118
binancecoin,1774195337517,2026-03-22,629.4521018649365
binancecoin,1774199021397,2026-03-22,630.5520971667419
binancecoin,1774202592718,2026-03-22,631.122356588644
binancecoin,1774206185827,2026-03-22,629.2324604696589
binancecoin,1774209777224,2026-03-22,627.3045375247947
binancecoin,1774213216213,2026-03-22,628.0869567506367
binancecoin,1774216975530,2026-03-22,625.2813030339795
binancecoin,1774220527833,2026-03-22,629.7208363500245
binancecoin,1774224172252,2026-03-23,626.2400112141628
binancecoin,1774227762338,2026-03-23,624.8341032194068
binancecoin,1774231396708,2026-03-23,626.5979049689778
binancecoin,1774234903408,2026-03-23,628.429382073713
binancecoin,1774238480676,2026-03-23,626.4756442553826
binancecoin,1774242146264,2026-03-23,629.3552235048829
binancecoin,1774245694486,2026-03-23,631.5977162414729
binancecoin,1774249408283,2026-03-23,622.430147316762
binancecoin,1774252947999,2026-03-23,624.2443918142345
binancecoin,1774256595084,2026-03-23,624.313574222968
binancecoin,1774260169305,2026-03-23,625.3649346529199
binancecoin,1774263775040,2026-03-23,626.5339805332163
binancecoin,1774267377181,2026-03-23,638.4561130299361
binancecoin,1774270942526,2026-03-23,644.2289127740082
binancecoin,1774274546669,2026-03-23,647.2212899425741
binancecoin,1774278151812,2026-03-23,645.944869093626
binancecoin,1774281739630,2026-03-23,636.9047581868628
binancecoin,1774285448923,2026-03-23,635.5408194487209
binancecoin,1774288999562,2026-03-23,637.7234033839296
binancecoin,1774292611701,2026-03-23,639.2239019800337
binancecoin,1774296251882,2026-03-23,637.4961123195625
binancecoin,1774299809649,2026-03-23,639.1351247033638
binancecoin,1774303396823,2026-03-23,639.8462167655181
binancecoin,1774307023550,2026-03-23,638.431163999819
binancecoin,1774310638306,2026-03-24,638.7006153893446
binancecoin,1774314064596,2026-03-24,636.8264046866942
binancecoin,1774317676176,2026-03-24,633.7074476073636
binancecoin,1774321427297,2026-03-24,632.5253407294604
binancecoin,1774325006763,2026-03-24,632.6642135206862
binancecoin,1774328597989,2026-03-24,629.4238076109559
binancecoin,1774332103463,2026-03-24,628.9301135624605
binancecoin,1774335703625,2026-03-24,630.5844206265965
binancecoin,1774339293887,2026-03-24,637.635274286157
binancecoin,1774342876828,2026-03-24,634.583509464405
binancecoin,1774346490407,2026-03-24,638.2456910690443
binancecoin,1774350090311,2026-03-24,637.8686226893648
binancecoin,1774353713222,2026-03-24,638.3237209761627
binancecoin,1774357313328,2026-03-24,637.4327823511254
binancecoin,1774360895260,2026-03-24,631.7973095205059
binancecoin,1774364436613,2026-03-24,630.2424053993648
binancecoin,1774368104460,2026-03-24,630.839858422537
binancecoin,1774371713579,2026-03-24,628.9399959173946
binancecoin,1774375334612,2026-03-24,628.378715273596
binancecoin,1774378907541,2026-03-24,630.4189496177779
binancecoin,1774382470715,2026-03-24,629.7096246469214
binancecoin,1774386122879,2026-03-24,636.4716983277442
binancecoin,1774389654582,2026-03-24,637.0034476358695
binancecoin,1774393228157,2026-03-24,636.7222443140311
binancecoin,1774396902976,2026-03-25,638.1849336166329
binancecoin,1774400477231,2026-03-25,640.0893675046241
binancecoin,1774404101991,2026-03-25,639.253350373864
binancecoin,1774407691804,2026-03-25,639.1353509771286
binancecoin,1774411289834,2026-03-25,642.1644456948114
binancecoin,1774414914921,2026-03-25,642.3076253461645
binancecoin,1774418541551,2026-03-25,643.5047300325086
binancecoin,1774422125342,2026-03-25,645.228422439499
binancecoin,1774425662879,2026-03-25,643.7385931948154
binancecoin,1774429334624,2026-03-25,646.9384490113692
binancecoin,1774432925117,2026-03-25,649.6017665479267
binancecoin,1774436530577,2026-03-25,646.8463439531874
binancecoin,1774440121293,2026-03-25,648.0474026661815
binancecoin,1774443762943,2026-03-25,649.0361010722638
binancecoin,1774447343209,2026-03-25,649.8596374353987
binancecoin,1774450934076,2026-03-25,647.5513523780817
binancecoin,1774454607350,2026-03-25,645.5658995478676
binancecoin,1774458220127,2026-03-25,647.6528675269903
binancecoin,1774461724314,2026-03-25,645.1881629895158
binancecoin,1774465409858,2026-03-25,644.7993412268676
binancecoin,1774468827827,2026-03-25,645.3510969194494
binancecoin,1774472622902,2026-03-25,646.4434608204847
binancecoin,1774476173166,2026-03-25,646.8861586274706
binancecoin,1774479774468,2026-03-25,648.6786657344247
binancecoin,1774483411403,2026-03-26,647.3180223384383
binancecoin,1774486980884,2026-03-26,646.8397077806037
binancecoin,1774490542615,2026-03-26,646.404700813358
binancecoin,1774494208977,2026-03-26,643.3291070433178
binancecoin,1774497789117,2026-03-26,642.5885311483802
binancecoin,1774501335723,2026-03-26,642.2431306140357
binancecoin,1774505013684,2026-03-26,634.8000535788534
binancecoin,1774508537271,2026-03-26,634.9305107680038
binancecoin,1774512144583,2026-03-26,635.1622821324961
binancecoin,1774515741956,2026-03-26,633.2707169827664
binancecoin,1774519372514,2026-03-26,629.826031178033
binancecoin,1774522956306,2026-03-26,630.4981411944653
binancecoin,1774526561945,2026-03-26,629.0896291345258
binancecoin,1774530152957,2026-03-26,629.4279235007803
binancecoin,1774533623645,2026-03-26,630.8720225418369
binancecoin,1774537260499,2026-03-26,629.4995693457203
binancecoin,1774540951735,2026-03-26,626.7859917747845
binancecoin,1774544577910,2026-03-26,626.7457469163154
binancecoin,1774548171453,2026-03-26,625.5933155566709
binancecoin,1774551795510,2026-03-26,625.2219530048804
binancecoin,1774555378994,2026-03-26,625.8357162065597
binancecoin,1774558910877,2026-03-26,629.4274478549899
binancecoin,1774562514735,2026-03-26,630.4420536916175
binancecoin,1774566052944,2026-03-26,629.1386568421667
binancecoin,1774569719181,2026-03-27,628.9190223638835
binancecoin,1774573316790,2026-03-27,628.7231222453825
binancecoin,1774576928968,2026-03-27,630.9149492141429
binancecoin,1774580608036,2026-03-27,630.210367665194
binancecoin,1774584105091,2026-03-27,627.9544881557522
binancecoin,1774587661368,2026-03-27,626.9690793052893
binancecoin,1774591310010,2026-03-27,627.3377709625183
binancecoin,1774594886441,2026-03-27,627.7730063775862
binancecoin,1774598434157,2026-03-27,627.9307401615624
binancecoin,1774602115334,2026-03-27,620.3609925631235
binancecoin,1774605703051,2026-03-27,619.8479442537623
binancecoin,1774609223300,2026-03-27,608.6653964862921
binancecoin,1774612934056,2026-03-27,610.8793361290916
binancecoin,1774616460697,2026-03-27,610.8430401762798
binancecoin,1774620123869,2026-03-27,607.7830974481433
binancecoin,1774623755518,2026-03-27,608.7897118149322
binancecoin,1774627270758,2026-03-27,610.4385637237457
binancecoin,1774630903108,2026-03-27,609.1455233799151
binancecoin,1774634552172,2026-03-27,607.118709341731
binancecoin,1774638139895,2026-03-27,609.0381087407691
binancecoin,1774641719373,2026-03-27,609.9602088842689
binancecoin,1774645290974,2026-03-27,610.440516834249
binancecoin,1774648965613,2026-03-27,610.5059350205879
binancecoin,1774652525905,2026-03-27,610.3653058410478
binancecoin,1774656124273,2026-03-28,613.3624430515648
binancecoin,1774659734559,2026-03-28,612.2788948642341
binancecoin,1774663319518,2026-03-28,610.5687754694917
binancecoin,1774666933738,2026-03-28,610.5688473965176
binancecoin,1774670494561,2026-03-28,610.8172245560991
binancecoin,1774674134224,2026-03-28,610.5200651294522
binancecoin,1774677708301,2026-03-28,611.9019854031665
binancecoin,1774681351948,2026-03-28,613.4295897788622
binancecoin,1774684949664,2026-03-28,613.4507329638375
binancecoin,1774688403320,2026-03-28,612.3332850798242
binancecoin,1774692039289,2026-03-28,611.6894710139196
binancecoin,1774695671393,2026-03-28,610.9340931924969
binancecoin,1774699321578,2026-03-28,612.6276299410475
binancecoin,1774702960008,2026-03-28,612.3305817421617
binancecoin,1774706546091,2026-03-28,615.4676895271556
binancecoin,1774710107290,2026-03-28,614.7665715420687
binancecoin,1774713727910,2026-03-28,616.6996488999646
binancecoin,1774717319166,2026-03-28,616.5447381677258
binancecoin,1774720896994,2026-03-28,615.8268632222814
binancecoin,1774724529312,2026-03-28,616.489264433559
binancecoin,1774728148319,2026-03-28,616.1749999367381
binancecoin,1774731722216,2026-03-28,617.5372715311647
binancecoin,1774735318093,2026-03-28,615.1294035719777
binancecoin,1774738941591,2026-03-28,615.3352065191189
binancecoin,1774742562382,2026-03-29,610.4645237576061
binancecoin,1774746138318,2026-03-29,610.9030311451905
binancecoin,1774749744361,2026-03-29,612.146472047206
binancecoin,1774753389948,2026-03-29,613.0007440324362
binancecoin,1774756975923,2026-03-29,613.7110302061519
binancecoin,1774760598707,2026-03-29,612.6624310866996
binancecoin,1774764144381,2026-03-29,613.3709443936473
binancecoin,1774767759213,2026-03-29,613.780817557069
binancecoin,1774771299478,2026-03-29,613.3108770634869
binancecoin,1774774900890,2026-03-29,613.5839973836462
binancecoin,1774778467550,2026-03-29,612.934236650978
binancecoin,1774782201974,2026-03-29,611.7647422888411
binancecoin,1774785772064,2026-03-29,613.353629564105
binancecoin,1774789399985,2026-03-29,612.271316541388
binancecoin,1774793018164,2026-03-29,609.8146724365281
binancecoin,1774796601562,2026-03-29,608.8038810539305
binancecoin,1774800167132,2026-03-29,609.0528643008058
binancecoin,1774803756115,2026-03-29,609.1329976306284
binancecoin,1774807342459,2026-03-29,608.7586138919014
binancecoin,1774810931864,2026-03-29,609.1555686680886
binancecoin,1774814476514,2026-03-29,608.6596992240635
binancecoin,1774818174837,2026-03-29,608.9653211385217
binancecoin,1774821777213,2026-03-29,610.4358696669605
binancecoin,1774825354124,2026-03-29,603.9023662539122
binancecoin,1774828941072,2026-03-30,605.6869270198512
binancecoin,1774832576020,2026-03-30,609.1911170871292
binancecoin,1774836197209,2026-03-30,613.4403308251544
binancecoin,1774839732779,2026-03-30,616.1312374277749
binancecoin,1774843249887,2026-03-30,615.3552911510913
binancecoin,1774846901385,2026-03-30,616.507236702612
binancecoin,1774850606294,2026-03-30,616.5688092712602
binancecoin,1774854131969,2026-03-30,615.40588465527
binancecoin,1774857733191,2026-03-30,617.7435411047758
binancecoin,1774861233922,2026-03-30,619.6505151708798
binancecoin,1774864942097,2026-03-30,617.4419675550986
binancecoin,1774868626665,2026-03-30,617.5597219788916
binancecoin,1774872166373,2026-03-30,617.2873689481189
binancecoin,1774875755358,2026-03-30,618.9597842626554
binancecoin,1774879336949,2026-03-30,616.3912420054913
binancecoin,1774882931692,2026-03-30,616.7342669811915
binancecoin,1774886559808,2026-03-30,618.1003533101298
binancecoin,1774890135883,2026-03-30,615.7220027361296
binancecoin,1774893716695,2026-03-30,612.9152196585221
binancecoin,1774897374400,2026-03-30,610.2345132894415
binancecoin,1774900939729,2026-03-30,609.9176740328509
binancecoin,1774904567742,2026-03-30,609.8054209417846
binancecoin,1774908104878,2026-03-30,612.1644126035023
binancecoin,1774911774984,2026-03-30,610.7410813975595
binancecoin,1774915332845,2026-03-31,608.6013327334239
binancecoin,1774918932796,2026-03-31,610.60939532041
binancecoin,1774922583034,2026-03-31,616.2257146037649
binancecoin,1774926136994,2026-03-31,614.769770714586
binancecoin,1774929777036,2026-03-31,613.0297669439376
binancecoin,1774933211023,2026-03-31,611.9505160205896
binancecoin,1774937004392,2026-03-31,612.855021325899
binancecoin,1774940592868,2026-03-31,611.7383095548345
binancecoin,1774944023529,2026-03-31,610.4681625826535
binancecoin,1774947710632,2026-03-31,606.8483355234162
binancecoin,1774951410041,2026-03-31,599.5064133440393
binancecoin,1774954989777,2026-03-31,602.276987732225
binancecoin,1774958558713,2026-03-31,604.6614757260039
binancecoin,1774962140429,2026-03-31,605.6984928086717
binancecoin,1774965766433,2026-03-31,611.2694141319257
binancecoin,1774969232484,2026-03-31,607.6720576280158
binancecoin,1774972917429,2026-03-31,607.5742112138603
binancecoin,1774976549582,2026-03-31,613.4127889139095
binancecoin,1774980055300,2026-03-31,613.5607414916124
binancecoin,1774983742592,2026-03-31,615.2386530413431
binancecoin,1774987373498,2026-03-31,615.0651510285722
binancecoin,1774990931430,2026-03-31,618.4611589577798
binancecoin,1774994549356,2026-03-31,617.4438707012192
binancecoin,1774998185450,2026-03-31,616.5329450111664
binancecoin,1775001761734,2026-04-01,617.0623238027592
binancecoin,1775005395270,2026-04-01,618.687594450378
binancecoin,1775008890586,2026-04-01,615.113911196229
binancecoin,1775012513169,2026-04-01,614.3437545441818
binancecoin,1775016225685,2026-04-01,616.0808992638711
binancecoin,1775019827769,2026-04-01,615.6282867009578
binancecoin,1775023360099,2026-04-01,617.05055791861
binancecoin,1775027019246,2026-04-01,619.3052382294619
binancecoin,1775030526449,2026-04-01,616.1033178542573
binancecoin,1775034165806,2026-04-01,615.5821436762425
binancecoin,1775037681152,2026-04-01,615.3486904773689
binancecoin,1775041310106,2026-04-01,614.2555883455116
binancecoin,1775044892001,2026-04-01,615.1474500237412
binancecoin,1775048466079,2026-04-01,614.6095908782398
binancecoin,1775052114170,2026-04-01,611.1366663378466
binancecoin,1775055712835,2026-04-01,613.8287735639689
binancecoin,1775059329771,2026-04-01,614.9624614291212
binancecoin,1775062954306,2026-04-01,616.324229494886
binancecoin,1775066574404,2026-04-01,614.0400376537909
binancecoin,1775070168147,2026-04-01,612.8841814147703
binancecoin,1775073752900,2026-04-01,613.6289856099436
binancecoin,1775077377660,2026-04-01,613.4460136376625
binancecoin,1775080936863,2026-04-01,614.5390203771715
binancecoin,1775084447182,2026-04-01,610.7233621996514
binancecoin,1775088153789,2026-04-02,610.7257387079188
binancecoin,1775091762357,2026-04-02,613.2048217959511
binancecoin,1775095208446,2026-04-02,604.2929294442304
binancecoin,1775098964253,2026-04-02,597.3398552165928
binancecoin,1775102607190,2026-04-02,592.0945812874943
binancecoin,1775106105173,2026-04-02,587.7740181576461
binancecoin,1775109733197,2026-04-02,590.8055516424622
binancecoin,1775113384312,2026-04-02,589.7885786224338
binancecoin,1775116976594,2026-04-02,591.8527172673712
binancecoin,1775120554126,2026-04-02,587.9835829005294
binancecoin,1775124148959,2026-04-02,585.5834582094014
binancecoin,1775127719411,2026-04-02,581.4119731832525
binancecoin,1775131352561,2026-04-02,581.0398911805546
binancecoin,1775134980270,2026-04-02,575.4422673011775
binancecoin,1775138557863,2026-04-02,573.1119364696713
binancecoin,1775142159966,2026-04-02,576.2114480961881
binancecoin,1775145788247,2026-04-02,573.3310391805561
binancecoin,1775149330256,2026-04-02,579.891976315369
binancecoin,1775153017677,2026-04-02,578.7357814947471
binancecoin,1775156540953,2026-04-02,581.9276031574176
binancecoin,1775160142415,2026-04-02,583.4337353758373
binancecoin,1775163771336,2026-04-02,583.7927228650989
binancecoin,1775167402070,2026-04-02,584.1319435745172
binancecoin,1775170979518,2026-04-02,583.3784496039897
binancecoin,1775174605843,2026-04-03,583.2343462184504
binancecoin,1775178152839,2026-04-03,583.9947477243079
binancecoin,1775181774402,2026-04-03,584.3116960587893
binancecoin,1775185432083,2026-04-03,584.5102098461351
binancecoin,1775188985800,2026-04-03,585.9547901667661
binancecoin,1775192511844,2026-04-03,586.5818798445504
binancecoin,1775196223603,2026-04-03,586.6589992891912
binancecoin,1775199781579,2026-04-03,586.2804266327622
binancecoin,1775203215872,2026-04-03,586.4822116981285
binancecoin,1775206937086,2026-04-03,585.5768022101767
binancecoin,1775210419456,2026-04-03,585.2194929405388
binancecoin,1775214129393,2026-04-03,585.6554069968994
binancecoin,1775217701589,2026-04-03,587.306373644084
binancecoin,1775221321540,2026-04-03,585.4514428753002
binancecoin,1775224970205,2026-04-03,586.1982468602239
binancecoin,1775228582716,2026-04-03,587.847018702772
binancecoin,1775232157016,2026-04-03,586.9648677669221
binancecoin,1775235800090,2026-04-03,588.7378237074595
binancecoin,1775239292952,2026-04-03,588.3105524928283
binancecoin,1775242986567,2026-04-03,587.6746109016555
binancecoin,1775246536621,2026-04-03,588.490702277172
binancecoin,1775250214677,2026-04-03,588.3706942498413
binancecoin,1775253886213,2026-04-03,588.6919224639687
binancecoin,1775257454042,2026-04-03,587.2880007949979
binancecoin,1775261027888,2026-04-04,588.1023061457563
binancecoin,1775264607256,2026-04-04,587.8171889749053
binancecoin,1775268167780,2026-04-04,587.5196041739142
binancecoin,1775272629833,2026-04-04,588.703642232439
binancecoin,1775277877291,2026-04-04,588.8354883134684
binancecoin,1775280669741,2026-04-04,588.6530294701607
binancecoin,1775285499734,2026-04-04,591.408115388105
binancecoin,1775289515784,2026-04-04,589.406779483569
binancecoin,1775292543585,2026-04-04,590.053378597681
binancecoin,1775296749052,2026-04-04,589.9949833009769
binancecoin,1775299983721,2026-04-04,590.0542122602479
binancecoin,1775300530714,2026-04-04,589.9921670882926
binancecoin,1775304015492,2026-04-04,589.4510474584174
binancecoin,1775307642129,2026-04-04,589.578697201619
binancecoin,1775311335964,2026-04-04,590.1598506185446
binancecoin,1775314943722,2026-04-04,589.7570968955704
binancecoin,1775318531185,2026-04-04,590.8554566628285
binancecoin,1775322123106,2026-04-04,591.8917701939291
binancecoin,1775325808404,2026-04-04,592.6773217938659
binancecoin,1775329350948,2026-04-04,593.2931560893181
binancecoin,1775332946362,2026-04-04,593.4211368259884
binancecoin,1775336581188,2026-04-04,593.4781397520093
binancecoin,1775340015691,2026-04-04,594.4113303438252
binancecoin,1775343750169,2026-04-04,594.1881075572499
binancecoin,1775347315344,2026-04-05,593.352985076973
binancecoin,1775350890172,2026-04-05,592.3712875467519
binancecoin,1775354513662,2026-04-05,592.1585415795157
binancecoin,1775358183894,2026-04-05,593.0453999923154
binancecoin,1775361747437,2026-04-05,593.4474513931584
binancecoin,1775365342806,2026-04-05,593.0607350504638
binancecoin,1775368941531,2026-04-05,592.256668775407
binancecoin,1775372558837,2026-04-05,590.6127481578943
binancecoin,1775376200189,2026-04-05,590.2283000696741
binancecoin,1775379789313,2026-04-05,592.3594434058436
binancecoin,1775383385864,2026-04-05,593.2687447395132
binancecoin,1775386987312,2026-04-05,593.7966123222193
binancecoin,1775390607316,2026-04-05,593.7724294938217
binancecoin,1775394042271,2026-04-05,589.5431864571475
binancecoin,1775397779605,2026-04-05,588.9800015270218
binancecoin,1775401380594,2026-04-05,589.4217320519325
binancecoin,1775405015270,2026-04-05,593.1594259811164
binancecoin,1775408603529,2026-04-05,592.7590914532734
binancecoin,1775412193957,2026-04-05,592.7303566338486
binancecoin,1775415787516,2026-04-05,592.1233040884022
binancecoin,1775419406779,2026-04-05,592.0510651556876
binancecoin,1775422994352,2026-04-05,593.1169586688906
binancecoin,1775426568436,2026-04-05,591.3577572025434
binancecoin,1775430161783,2026-04-05,596.9088023237002
binancecoin,1775433721413,2026-04-06,601.5319277415803
binancecoin,1775437390375,2026-04-06,603.4303252833702
binancecoin,1775440917691,2026-04-06,600.8289453114419
binancecoin,1775444930128,2026-04-06,602.7419733348905
binancecoin,1775448173529,2026-04-06,600.3320866986867
binancecoin,1775451740951,2026-04-06,599.9188143322265
binancecoin,1775455342861,2026-04-06,601.406265507677
binancecoin,1775458946533,2026-04-06,601.2478006635408
binancecoin,1775462608582,2026-04-06,603.7005587473752
binancecoin,1775466228899,2026-04-06,604.2533541038476
binancecoin,1775469804257,2026-04-06,607.0602069966786
binancecoin,1775473429504,2026-04-06,606.2101108892467
binancecoin,1775476988082,2026-04-06,605.2859106277523
binancecoin,1775480566646,2026-04-06,604.3888360610896
binancecoin,1775484050344,2026-04-06,605.79984300245
binancecoin,1775487805344,2026-04-06,607.15342789643
binancecoin,1775491395304,2026-04-06,608.4428689999318
binancecoin,1775495000438,2026-04-06,605.8887422069205
binancecoin,1775498615978,2026-04-06,604.5369362741162
binancecoin,1775502179421,2026-04-06,607.1012103035894
binancecoin,1775505774373,2026-04-06,606.8174641079243
binancecoin,1775509423351,2026-04-06,606.6356979034456
binancecoin,1775513016465,2026-04-06,605.4385999522941
binancecoin,1775516620013,2026-04-06,600.7732052138795
binancecoin,1775520175242,2026-04-07,600.2118425663355
binancecoin,1775523768576,2026-04-07,599.4809165121605
binancecoin,1775527353898,2026-04-07,597.4620845218361
binancecoin,1775530935017,2026-04-07,598.2881703727465
binancecoin,1775534535399,2026-04-07,599.1112888144143
binancecoin,1775538132248,2026-04-07,600.3436958618843
binancecoin,1775541757289,2026-04-07,597.4027539337156
binancecoin,1775545236629,2026-04-07,598.6834389772037
binancecoin,1775548820189,2026-04-07,599.1184688046952
binancecoin,1775552594374,2026-04-07,602.2574395098749
binancecoin,1775556236439,2026-04-07,605.4386088535291
binancecoin,1775559802582,2026-04-07,597.3523528376656
binancecoin,1775563415674,2026-04-07,597.231149524726
binancecoin,1775567041024,2026-04-07,598.3279094777587
binancecoin,1775570584210,2026-04-07,596.8476958874409
binancecoin,1775574179700,2026-04-07,594.9541303809264
binancecoin,1775577737631,2026-04-07,598.2791930582375
binancecoin,1775581434897,2026-04-07,601.3915713674634
binancecoin,1775584984898,2026-04-07,604.581386066375
binancecoin,1775588603259,2026-04-07,603.2007353488935
binancecoin,1775592195714,2026-04-07,608.2789992545441
binancecoin,1775595777535,2026-04-07,607.6745776338144
binancecoin,1775599407020,2026-04-07,611.8387094859216
binancecoin,1775602855240,2026-04-07,618.3382858768629
binancecoin,1775606630322,2026-04-08,620.4758823184727
binancecoin,1775610178614,2026-04-08,617.087782551857
binancecoin,1775613766575,2026-04-08,615.7795421904154
binancecoin,1775617445973,2026-04-08,615.0047551290415
binancecoin,1775620996274,2026-04-08,613.341038341749
binancecoin,1775624592740,2026-04-08,615.432649582599
binancecoin,1775628064569,2026-04-08,615.7993784284282
binancecoin,1775631787746,2026-04-08,614.0640463460749
binancecoin,1775635356123,2026-04-08,613.1214087538718
binancecoin,1775638850438,2026-04-08,612.3545022391088
binancecoin,1775642505122,2026-04-08,611.8102821615523
binancecoin,1775646131224,2026-04-08,612.1593642536706
binancecoin,1775649703064,2026-04-08,612.7917580052148
binancecoin,1775653270396,2026-04-08,613.7395304494903
binancecoin,1775656918995,2026-04-08,607.0097817883803
binancecoin,1775660534979,2026-04-08,602.280807548581
binancecoin,1775664149056,2026-04-08,605.4104266125125
binancecoin,1775667774902,2026-04-08,605.4466711872466
binancecoin,1775671341980,2026-04-08,607.0277352568576
binancecoin,1775674934418,2026-04-08,603.3978846924246
binancecoin,1775678506558,2026-04-08,604.1697133986447
binancecoin,1775682169123,2026-04-08,604.7702071766522
binancecoin,1775685650032,2026-04-08,606.4891219227433
binancecoin,1775689337473,2026-04-08,604.6857828984577
binancecoin,1775692953037,2026-04-09,601.1825872790433
binancecoin,1775696529335,2026-04-09,599.4846398084785
binancecoin,1775700152854,2026-04-09,601.6373235764053
binancecoin,1775703811434,2026-04-09,601.8389124047183
binancecoin,1775707395573,2026-04-09,600.3882140142603
binancecoin,1775711071192,2026-04-09,599.0662890187349
binancecoin,1775714677148,2026-04-09,600.2316064410774
binancecoin,1775718150043,2026-04-09,600.3706991550879
binancecoin,1775721710202,2026-04-09,600.2908153965273
binancecoin,1775725352661,2026-04-09,600.8664562842816
binancecoin,1775728929619,2026-04-09,602.5918338388798
binancecoin,1775732569220,2026-04-09,602.6466888498168
binancecoin,1775736149699,2026-04-09,602.5336090639819
binancecoin,1775739796390,2026-04-09,603.1928323563083
binancecoin,1775743339049,2026-04-09,600.8897792340798
binancecoin,1775746979925,2026-04-09,600.8492337721248
binancecoin,1775750420451,2026-04-09,606.1285709435089
binancecoin,1775754148249,2026-04-09,605.5218216059393
binancecoin,1775757810656,2026-04-09,608.454729163368
binancecoin,1775761372727,2026-04-09,606.7365743042371
binancecoin,1775764987916,2026-04-09,608.8536470939428
binancecoin,1775768612403,2026-04-09,608.4499214532289
binancecoin,1775772184547,2026-04-09,607.180677788675
binancecoin,1775775651374,2026-04-09,606.2857180284501
binancecoin,1775779362750,2026-04-10,602.7816776325137
binancecoin,1775782853086,2026-04-10,603.1587931373771
binancecoin,1775786561126,2026-04-10,603.2759797972464
binancecoin,1775790155877,2026-04-10,601.4354081866718
binancecoin,1775793799390,2026-04-10,601.4077416559498
binancecoin,1775797296964,2026-04-10,601.4561321375311
binancecoin,1775801062404,2026-04-10,601.7613667062977
binancecoin,1775804600585,2026-04-10,600.404986464147
binancecoin,1775808205488,2026-04-10,599.3583069230845
binancecoin,1775811659946,2026-04-10,600.518924321818
binancecoin,1775815365150,2026-04-10,601.8064074996987
binancecoin,1775818831676,2026-04-10,600.8346051618418
binancecoin,1775822534099,2026-04-10,602.5272345926431
binancecoin,1775827157000,2026-04-10,602.4775472942887